CASE_ID,ACCIDENT_YEAR,PROC_DATE,JURIS,COLLISION_DATE,COLLISION_TIME,OFFICER_ID,REPORTING_DISTRICT,DAY_OF_WEEK,CHP_SHIFT,POPULATION,CNTY_CITY_LOC,SPECIAL_COND,BEAT_TYPE,CHP_BEAT_TYPE,CITY_DIVISION_LAPD,CHP_BEAT_CLASS,BEAT_NUMBER,PRIMARY_RD,SECONDARY_RD,DISTANCE,DIRECTION,INTERSECTION,WEATHER_1,WEATHER_2,STATE_HWY_IND,CALTRANS_COUNTY,CALTRANS_DISTRICT,STATE_ROUTE,ROUTE_SUFFIX,POSTMILE_PREFIX,POSTMILE,LOCATION_TYPE,RAMP_INTERSECTION,SIDE_OF_HWY,TOW_AWAY,COLLISION_SEVERITY,NUMBER_KILLED,NUMBER_INJURED,PARTY_COUNT,PRIMARY_COLL_FACTOR,PCF_CODE_OF_VIOL,PCF_VIOL_CATEGORY,PCF_VIOLATION,PCF_VIOL_SUBSECTION,HIT_AND_RUN,TYPE_OF_COLLISION,MVIW,PED_ACTION,ROAD_SURFACE,ROAD_COND_1,ROAD_COND_2,LIGHTING,CONTROL_DEVICE,CHP_ROAD_TYPE,PEDESTRIAN_ACCIDENT,BICYCLE_ACCIDENT,MOTORCYCLE_ACCIDENT,TRUCK_ACCIDENT,NOT_PRIVATE_PROPERTY,ALCOHOL_INVOLVED,STWD_VEHTYPE_AT_FAULT,CHP_VEHTYPE_AT_FAULT,COUNT_SEVERE_INJ,COUNT_VISIBLE_INJ,COUNT_COMPLAINT_PAIN,COUNT_PED_KILLED,COUNT_PED_INJURED,COUNT_BICYCLIST_KILLED,COUNT_BICYCLIST_INJURED,COUNT_MC_KILLED,COUNT_MC_INJURED,PRIMARY_RAMP,SECONDARY_RAMP,LATITUDE,LONGITUDE,COUNTY,CITY,POINT_X,POINT_Y
6130748,2013,3/11/14,1942,7/4/13,1930,38995,1961,4,5,7,1942,0,0,0,,0,17T14,SEPULVEDA BL,SUPERIOR ST,0,,Y,A,-,N,,,,,,,,,,N,2,0,1,2,A,-,10,21950,A,N,G,B,B,A,H,-,A,D,0,Y,,,,Y,,D,22,1,0,0,0,1,0,0,0,0,- ,- ,,,LOS ANGELES,LOS ANGELES,-118.4676323,34.246414899999998
6130756,2013,1/14/15,1942,7/3/13,2000,39009,1792,3,5,7,1942,0,0,0,Q,0,10T35W,TAMPA AV,ROSCOE BL,0,,Y,A,-,N,,,,,,,,,,Y,1,2,4,6,A,-,03,22350,,N,G,B,F,A,H,-,A,A,0,Y,,,,Y,,D,22,0,2,2,1,2,0,0,0,0,- ,- ,,,LOS ANGELES,LOS ANGELES,-118.5535823,34.220464900000003
6139849,2013,12/24/14,1942,6/24/13,1655,38444,1862,1,5,7,1942,0,0,0,R,0,5T25,FIGUEROA,IMPERIAL HWY,18,N,N,A,-,N,,,,,,,,,,N,2,0,1,2,A,-,01,23152,A,N,G,B,B,A,H,-,A,A,0,Y,,,,Y,Y,A,01,1,0,0,0,1,0,0,0,0,- ,- ,,,LOS ANGELES,LOS ANGELES,-118.2826122,33.931034199999999
6158757,2013,3/18/14,1942,7/17/13,1240,30452,0916,3,5,7,1942,0,0,0,I,0,9TL53,SHERMAN WY,RANCHITO AV,0,,Y,A,-,N,,,,,,,,,,Y,2,0,3,3,A,-,09,21801,A,N,D,C,F,A,H,-,A,A,0,Y,,,,Y,,A,01,2,1,0,0,1,0,0,0,0,- ,- ,,,LOS ANGELES,LOS ANGELES,-118.4356023,34.201184900000001
6162699,2013,4/1/14,1942,8/3/13,2320,38477,943,6,5,7,1942,0,0,0,,0,16T23,OXNARD ST,HAZELTINE AV,16,W,N,A,-,N,,,,,,,,,,N,2,0,2,3,A,-,10,21950,A,N,G,B,B,A,H,-,C,A,0,Y,,,,Y,,A,01,1,0,1,0,2,0,0,0,0,- ,- ,,,LOS ANGELES,LOS ANGELES,-118.440035,34.179384900000002
6167114,2013,4/3/14,1941,8/2/13,1941,6172,,5,5,7,1941,0,0,0,,0,,LONG BEACH BL,6TH ST,12,S,N,A,-,N,,,,,,,,,,N,2,0,1,2,A,-,11,21954,A,N,G,B,D,A,-,-,A,A,0,Y,,,,Y,,N,,1,0,0,0,1,0,0,0,0,- ,- ,,,LOS ANGELES,LONG BEACH,-118.1894922,33.774101899999998
6169845,2013,3/28/14,1942,8/3/13,0450,37966,646,6,5,7,1942,0,0,0,,0,20T59,HOLLYWOOD BL,VINE ST,178,W,N,A,-,N,,,,,,,,,,N,2,0,1,2,A,-,11,21955,,N,G,B,D,A,H,-,C,D,0,Y,,,,Y,,N,60,1,0,0,0,1,0,0,0,0,- ,- ,,,LOS ANGELES,LOS ANGELES,-118.327289,34.101610899999997
6202122,2013,4/3/14,1942,8/30/13,2355,39479,0985,5,5,7,1942,0,0,0,I,0,10T39,MOORPARK ST,HAZELTINE AV,0,,Y,A,-,N,,,,,,,,,,N,2,0,1,2,D,-,00,,,F,G,B,B,A,H,-,C,A,0,Y,,,,Y,,-,- ,1,0,0,0,1,0,0,0,0,- ,- ,,,LOS ANGELES,LOS ANGELES,-118.4399823,34.1504349
6220025,2013,4/12/14,1942,9/19/13,2125,39028,1232,4,5,7,1942,0,0,0,L,0,5T21,SLAUSON AV,7TH AV,10,W,N,A,-,N,,,,,,,,,,Y,2,0,1,2,A,-,10,21950,A,N,G,B,C,A,H,-,C,A,0,Y,,,,Y,,A,01,1,0,0,0,1,0,0,0,0,- ,- ,,,LOS ANGELES,LOS ANGELES,-118.3247851,33.989044399999997
6250826,2013,4/25/14,1942,10/11/13,2105,37505,1149,5,5,7,1942,0,0,0,K,0,11T21,NORTH FIGUEROA ST,AVENUE 51,0,,Y,A,-,N,,,,,,,,,,N,2,0,3,4,A,-,10,21950,A,F,G,B,B,A,H,-,C,A,0,Y,,,,Y,,-,99,1,2,0,0,3,0,0,0,0,- ,- ,,,LOS ANGELES,LOS ANGELES,-118.2009123,34.105694900000003
6290167,2014,3/14/14,1942,2/14/14,2145,38996,2175,5,5,7,1942,0,0,0,,0,21T61,BURBANK BL,FARRALONE AV,43,E,N,A,-,N,,,,,,,,,,N,1,1,0,2,A,-,11,21954,A,N,G,B,D,A,H,-,C,D,0,Y,,,,Y,Y,N,60,0,0,0,1,0,0,0,0,0,- ,- ,,,LOS ANGELES,LOS ANGELES,-118.6100584,34.171972410000002
6290584,2014,12/29/15,1942,5/11/14,0030,30083,1393,7,5,7,1942,0,0,0,M,0,11T1,GAGE AV,BROADWAY,196,E,N,A,-,N,,,,,,,,,,N,1,1,0,2,A,-,11,21954,A,F,G,B,D,A,H,-,C,D,0,Y,,,,Y,,N,60,0,0,0,1,0,0,0,0,0,- ,- ,,,LOS ANGELES,LOS ANGELES,-118.2776549,33.982381169999996
6290923,2013,1/16/15,1942,10/28/13,0210,40460,0644,1,5,7,1942,0,0,0,F,0,6T7,LA BREA AV,DE LONGPRE AV,279,N,N,B,C,N,,,,,,,,,,Y,1,1,1,4,A,-,03,22350,,N,B,E,F,B,H,-,C,D,0,Y,,,,Y,Y,A,01,0,1,0,0,1,0,0,0,0,- ,- ,,,LOS ANGELES,LOS ANGELES,-118.3441222,34.096910100000002
6291794,2014,12/28/15,1942,11/27/14,1710,40773,1441,4,5,7,1942,0,0,0,N,0,14T52,SOUTH VENICE BL,SPEEDWAY,7,E,N,A,-,N,,,,,,,,,,N,1,1,0,2,A,-,11,21956,A,N,G,B,E,A,H,-,B,A,0,Y,,,,Y,,N,60,0,0,0,1,0,0,0,0,0,- ,- ,,,LOS ANGELES,LOS ANGELES,-118.4705916,33.983921549999998
6292549,2015,9/2/15,1941,3/22/15,1238,10685,,7,5,7,1941,0,0,0,,0,,SPRING ST,CLAREMORE AV,0,,Y,A,-,N,,,,,,,,,,Y,1,1,0,2,A,-,11,21453,D,N,G,B,D,A,H,-,A,A,0,Y,,,,Y,,N,,0,0,0,1,0,0,0,0,0,- ,- ,,,LOS ANGELES,LONG BEACH,-118.07821,33.810400049999998
6292800,2016,9/27/18,1942,4/13/16,0515,40164,1415,3,5,7,1942,0,0,0,N,0,7T23,LINCOLN BL,SUNSET AV,38,N,N,B,-,N,,,,,,,,,,Y,1,1,0,2,A,-,11,21954,A,N,G,B,D,A,H,-,C,A,0,Y,,,,Y,,N,60,0,0,0,1,0,0,0,0,0,- ,- ,,,LOS ANGELES,LOS ANGELES,-118.4657073,34.000313650000002
6292950,2017,4/5/19,1942,6/24/17,0730,38185,1999,6,5,7,1942,0,0,0,,0,16TL25,ROSCOE BL,BARDWELL AV,29,E,N,A,-,N,,,,,,,,,,N,1,1,0,3,A,-,11,21954,A,N,G,B,D,A,H,-,A,D,0,Y,,,,Y,,N,60,0,0,0,1,0,0,0,0,0,- ,- ,,,LOS ANGELES,LOS ANGELES,-118.4298842,34.221670000000003
6319415,2013,5/29/14,1941,12/13/13,2322,10553,,5,5,7,1941,0,0,0,,0,,ATLANTIC AV,ROOSEVELT RD,66,S,N,A,-,N,,,,,,,,,,Y,2,0,1,2,D,-,00,,,N,G,B,E,A,H,-,C,A,0,Y,,,,Y,Y,-,- ,1,0,0,0,1,0,0,0,0,- ,- ,,,LOS ANGELES,LONG BEACH,-118.1851108,33.828753800000001
6332315,2013,5/15/14,1942,12/14/13,1310,37234,0555,6,5,7,1942,0,0,0,E,0,5A59,PACIFIC AV,O FARRELL ST,0,,Y,A,-,N,,,,,,,,,,N,2,0,2,3,A,-,10,21950,A,N,G,B,B,A,H,-,A,A,0,Y,,,,Y,,A,01,2,0,0,0,2,0,0,0,0,- ,- ,,,LOS ANGELES,LOS ANGELES,-118.2878923,33.746004800000001
6370262,2014,6/6/14,1942,1/25/14,1100,30399,1218,6,5,7,1942,0,0,0,L,0,3TL5,54TH ST,HOOVER ST,150,W,N,A,-,N,,,,,,,,,,N,2,0,1,2,A,-,- ,,,N,G,B,E,A,H,-,A,D,0,Y,,,,Y,Y,N,60,1,0,0,0,1,0,0,0,0,- ,- ,,,LOS ANGELES,LOS ANGELES,-118.2876439,33.993250000000003
6377755,2014,6/10/14,1942,1/23/14,0840,38310,0717,4,5,7,1942,0,0,0,G,0,6TL7,BEVERLY BL,JUNE ST,0,,Y,A,-,N,,,,,,,,,,N,2,0,1,2,A,-,10,21950,A,N,G,B,B,A,H,-,A,A,0,Y,,,,Y,,A,08,1,0,0,0,1,0,0,0,0,- ,- ,,,LOS ANGELES,LOS ANGELES,-118.3347101,34.076200100000001
6398472,2014,6/4/14,1942,1/5/14,1430,32565,2083,7,5,7,1942,0,0,0,,0,20TL56,WESTERN AV,VENICE BL,0,,Y,A,-,N,,,,,,,,,,Y,2,0,4,3,A,-,09,21801,A,N,A,B,F,A,H,-,A,A,0,Y,,,,Y,,A,01,1,0,3,0,1,0,0,0,0,- ,- ,,,LOS ANGELES,LOS ANGELES,-118.3090301,34.04357006
6424178,2014,6/27/14,9530,2/19/14,1920,020293,,3,2,7,1942,0,3,5,,2,001,HOLMES AV,68TH ST,21,N,N,A,-,N,,,,,,,,,,Y,2,0,1,2,A,-,11,21954,A,N,G,B,D,A,G,H,C,D,0,Y,,,,Y,,N,60,1,0,0,0,1,0,0,0,0,- ,- ,33.978020000000001,-118.24118,LOS ANGELES,LOS ANGELES,-118.2412,33.978047590000003
6429849,2014,6/20/14,1942,2/24/14,1120,37966,0639,1,5,7,1942,0,0,0,F,0,6TL2,FRANKLIN AV,NORMANDIE AV,9,W,N,A,-,N,,,,,,,,,,Y,2,0,1,2,A,-,10,21950,A,F,G,B,B,A,H,-,A,A,0,Y,,,,Y,,A,07,1,0,0,0,1,0,0,0,0,- ,- ,,,LOS ANGELES,LOS ANGELES,-118.3005997,34.105379999999997
6446499,2014,7/11/14,1941,4/3/14,1745,5462,,4,5,7,1941,0,0,0,,0,,PACIFIC AV,52ND ST,14,S,N,A,-,N,,,,,,,,,,N,2,0,1,2,A,-,11,21954,A,N,G,B,D,A,H,-,A,A,0,Y,,,,Y,,N,,1,0,0,0,1,0,0,0,0,- ,- ,,,LOS ANGELES,LONG BEACH,-118.19848,33.850450000000002
6453496,2014,7/15/14,1942,4/6/14,0225,40159,0334,7,5,7,1942,0,0,0,C,0,3A31,JEFFERSON,CRENSHAW,0,,Y,A,-,N,,,,,,,,,,N,2,0,1,2,A,-,11,21453,D,N,G,B,B,A,H,-,C,A,0,Y,,,,Y,,N,60,1,0,0,0,1,0,0,0,0,- ,- ,,,LOS ANGELES,LOS ANGELES,-118.3351101,34.025580089999998
6456593,2014,7/9/14,1942,4/11/14,0209,37511,0645,5,5,7,1942,0,0,0,F,0,8T35,SUNSET BL,LA BREA AV,125,W,N,A,-,N,,,,,,,,,,N,2,0,1,2,A,-,11,21954,A,N,G,B,D,A,D,-,C,A,0,Y,,,,Y,Y,N,60,1,0,0,0,1,0,0,0,0,- ,- ,,,LOS ANGELES,LOS ANGELES,-118.42299,34.079880000000003
6484560,2014,7/23/14,1942,5/11/14,0250,40152,1864,7,5,7,1942,0,0,0,R,0,3T5,CENTRAL AV,119TH ST,101,S,N,A,-,N,,,,,,,,,,Y,2,0,1,2,A,-,01,23152,A,N,D,B,E,A,H,-,E,A,0,Y,,,,Y,Y,A,01,1,0,0,0,1,0,0,0,0,- ,- ,,,LOS ANGELES,LOS ANGELES,-118.2543349,33.924663090000003
6488617,2014,9/30/14,1942,5/2/14,1755,39889,1313,5,5,7,1942,0,0,0,M,0,1TL24,SAN PEDRO ST,WASHINGTON BL,0,W,N,A,-,N,,,,,,,,,,N,2,0,2,3,A,-,06,21755,,N,B,C,-,A,H,-,A,A,0,Y,,Y,,Y,,C,02,1,0,1,0,1,0,0,0,1,- ,- ,,,LOS ANGELES,LOS ANGELES,-118.2574501,34.027620110000001
6501112,2014,9/12/14,1942,5/17/14,2220,36646,1822,6,5,7,1942,0,0,0,R,0,18T23,COLDEN AV,FIGUEROA ST,124,E,N,A,-,N,,,,,,,,,,N,2,0,2,3,A,-,11,21955,,F,D,B,D,A,H,-,C,D,0,Y,,,,Y,,N,60,2,0,0,0,2,0,0,0,0,- ,- ,,,LOS ANGELES,LOS ANGELES,-118.282292,33.949166380000001
6535644,2014,4/14/15,1941,6/16/14,0952,10017,,1,5,7,1941,0,0,0,,0,,ANAHEIM,ATLANTIC,0,,Y,A,-,N,,,,,,,,,,Y,2,0,4,5,A,-,03,22350,,N,C,B,B,A,H,-,A,A,0,Y,,,,Y,Y,A,,2,2,0,0,2,0,0,0,0,- ,- ,,,LOS ANGELES,LONG BEACH,-118.1850401,33.782610050000002
6545924,2014,8/11/14,1942,6/22/14,1705,39889,1362,7,5,7,1942,0,0,0,M,0,1TL24,S MAIN ST,48TH ST,93,S,N,A,-,N,,,,,,,,,,N,2,0,1,2,A,-,11,21950,B,N,G,B,D,A,H,-,A,A,0,Y,,,,Y,,N,60,1,0,0,0,1,0,0,0,0,- ,- ,,,LOS ANGELES,LOS ANGELES,-118.2739777,33.998984960000001
6568357,2014,8/5/14,1942,6/5/14,1200,36911,0392,4,5,7,1942,0,0,0,C,0,5TL21,11TH AV,VERNON AV,385,S,N,A,-,N,,,,,,,,,,N,2,0,1,2,A,-,11,21954,A,N,G,B,E,A,H,-,A,D,0,Y,,,,Y,,N,60,1,0,0,0,1,0,0,0,0,- ,- ,,,LOS ANGELES,LOS ANGELES,-118.3293757,34.002604079999998
6588813,2014,6/11/16,9575,7/24/14,2102,020614,,4,2,7,1942,0,1,3,,2,043,RT 134,FOREST LAWN DR,520,E,N,A,-,Y,LA,7,134,-,-,3.722,R,2,W,Y,2,0,1,2,A,-,11,21954,A,N,G,B,E,A,H,-,C,D,1,Y,,,,Y,Y,N,60,1,0,0,0,1,0,0,0,0,TO,- ,34.159089999999999,-118.30991,LOS ANGELES,LOS ANGELES,-118.3123943,34.154713090000001
6644973,2014,10/8/14,1942,8/17/14,0005,40460,2029,7,5,7,1942,0,0,0,,0,14T47,3RD ST,JUANITA AV,63,W,N,A,-,N,,,,,,,,,,Y,2,0,1,2,A,-,11,21954,A,N,G,B,E,A,H,-,C,D,0,Y,,,,Y,,N,60,1,0,0,0,1,0,0,0,0,- ,- ,,,LOS ANGELES,LOS ANGELES,-118.2895576,34.06906
6670697,2014,12/23/14,1941,10/8/14,1904,10543,,3,5,7,1941,0,0,0,,0,,SOUTH ST,DOWNEY AV,442,W,N,A,-,N,,,,,,,,,,N,2,0,1,2,A,-,11,21955,,N,G,B,D,A,H,-,C,A,0,Y,,,,Y,Y,N,,1,0,0,0,1,0,0,0,0,- ,- ,,,LOS ANGELES,LONG BEACH,-118.15118,33.860219999999998
6678225,2017,1/18/18,1942,12/1/17,0420,39022,1497,5,5,7,1942,0,0,0,N,0,8TL35,AVIATION BL,104TH ST,53,S,N,A,-,N,,,,,,,,,,Y,1,1,0,2,A,-,11,21954,A,N,G,B,D,A,H,-,C,D,0,Y,,,,Y,,N,60,0,0,0,1,0,0,0,0,0,- ,- ,,,LOS ANGELES,LOS ANGELES,-118.37891,33.942219999999999
6678243,2014,10/29/14,1942,8/22/14,1815,48567,1516,5,5,7,1942,0,0,0,O,0,10T37,KITTRIDGE ST,LEMP AV,25,W,N,A,-,N,,,,,,,,,,N,1,1,0,2,A,-,11,21956,A,N,G,B,B,A,C,-,A,D,0,Y,,,,Y,,N,60,0,0,0,1,0,0,0,0,0,- ,- ,,,LOS ANGELES,LOS ANGELES,-118.3845925,34.190309220000003
6702196,2014,12/3/14,1942,10/24/14,1445,33206,1125,5,5,7,1942,0,0,0,K,0,11A25,TOLAND WY,AV 46,0,,Y,A,-,N,,,,,,,,,,N,2,0,1,3,A,-,08,22107,,N,A,B,F,A,H,-,A,D,0,Y,,,,Y,,A,01,1,0,0,0,1,0,0,0,0,- ,- ,,,LOS ANGELES,LOS ANGELES,-118.2166701,34.120840010000002
6718347,2015,3/16/15,1942,1/4/15,0235,36752,1235,7,5,7,1942,0,0,0,L,0,3T5,SLAUSON AV,DENKER AV,176,E,N,A,-,N,,,,,,,,,,N,1,1,0,2,A,-,11,21956,A,F,G,B,E,A,H,-,C,A,0,Y,,,,Y,,N,60,0,0,0,1,0,0,0,0,0,- ,- ,,,LOS ANGELES,LOS ANGELES,-118.3039405,33.989150000000002
6718509,2014,12/23/14,9590,8/7/14,0140,20682,,4,3,7,1942,0,1,1,,2,020,RT 10,RT 5,11,E,N,B,-,Y,LA,7,10,-,S,0.62,H,-,E,N,1,1,0,2,A,-,11,21954,A,F,G,B,E,A,H,-,D,D,1,Y,,,,Y,,N,60,0,0,0,1,0,0,0,0,0,- ,- ,34.055120000000002,-118.21602,LOS ANGELES,LOS ANGELES,-118.2147051,34.055155310000004
6718624,2017,4/8/19,1942,11/25/17,1735,41683,1806,6,5,7,1942,0,0,0,R,0,25T27,CENTRAL AV,91ST ST,30,N,N,A,-,N,,,,,,,,,,N,1,1,0,2,A,-,11,21950,B,N,G,B,E,A,H,-,C,D,0,Y,,,,Y,Y,N,60,0,0,0,1,0,0,0,0,0,- ,- ,,,LOS ANGELES,LOS ANGELES,-118.256439,33.953942269999999
6721992,2014,1/6/15,1942,10/31/14,0145,38814,0668,5,5,7,1942,0,0,0,F,0,6A77,WESTERN AV,LA MIRADA AV,120,N,N,A,-,N,,,,,,,,,,N,2,0,1,2,A,-,10,21950,A,N,A,B,C,A,-,-,C,B,0,Y,,,,Y,,A,07,1,0,0,0,1,0,0,0,0,- ,- ,,,LOS ANGELES,LOS ANGELES,-118.30921,34.094259110000003
6731843,2014,4/25/15,1941,11/12/14,1814,5615,,3,5,7,1941,0,0,0,,0,,PARAMOUNT BL,CANDLEWOOD ST,339,N,N,B,-,N,,,,,,,,,,N,1,1,0,2,A,-,11,21954,A,N,G,B,E,A,H,-,C,D,0,Y,,,,Y,,N,,0,0,0,1,0,0,0,0,0,- ,- ,,,LOS ANGELES,LONG BEACH,-118.15986,33.854460000000003
6738440,2014,1/7/16,1942,11/26/14,0850,32996,1341,3,5,7,1942,0,0,0,M,0,13T55,MAIN ST,MARTIN LUTHER KING JR BL,0,,Y,A,-,N,,,,,,,,,,Y,1,1,5,4,A,-,12,21453,A,N,D,C,E,A,H,-,A,A,0,Y,,,,Y,,A,07,0,3,2,1,0,0,0,0,0,- ,- ,,,LOS ANGELES,LOS ANGELES,-118.2740201,34.011150030000003
6739711,2014,1/22/15,1942,11/27/14,0110,40024,0646,4,5,7,1942,0,0,0,F,0,6T7,CAHUENGA BL,SELMA AV,240,N,N,A,-,N,,,,,,,,,,N,2,0,1,2,A,-,11,21955,,F,G,B,D,A,H,-,C,D,0,Y,,,,Y,,N,60,1,0,0,0,1,0,0,0,0,- ,- ,,,LOS ANGELES,LOS ANGELES,-118.3295207,34.100428190000002
6741608,2014,1/22/15,1942,11/26/14,2000,38326,2118,3,5,7,1942,0,0,0,,0,15T45,SATICOY ST,COZYCROFT AV,12,E,N,A,-,N,,,,,,,,,,N,2,0,1,3,A,-,10,21950,A,N,G,B,B,A,H,-,C,D,0,Y,,,,Y,,A,01,1,0,0,0,1,0,0,0,0,- ,- ,,,LOS ANGELES,LOS ANGELES,-118.5818804,34.208350000000003
6815869,2015,3/12/15,1942,2/1/15,2125,35431,0221,7,5,7,1942,0,0,0,B,0,2A39,BEVERLY BL,KENMORE AV,0,,Y,A,-,N,,,,,,,,,,N,2,0,1,2,A,-,11,21456,A,N,G,B,D,A,H,-,C,A,0,Y,,,,Y,Y,N,60,1,0,0,0,1,0,0,0,0,- ,- ,,,LOS ANGELES,LOS ANGELES,-118.29695,34.076300080000003
6840707,2015,3/20/15,1942,3/5/15,2250,40460,1441,4,5,7,1942,0,0,0,N,0,19T47,ABBOT KINNEY BL,VICTORIA AV,45,N,N,A,-,N,,,,,,,,,,Y,2,0,1,2,A,-,11,21954,A,N,G,B,D,A,H,-,C,D,0,Y,,,,Y,Y,N,60,1,0,0,0,1,0,0,0,0,- ,- ,,,LOS ANGELES,LOS ANGELES,-118.4598209,33.98793826
6854772,2015,7/17/15,1942,6/26/15,0450,41239,1998,5,5,7,1942,0,0,0,,0,15T45,ROSCOE BL,LENNOX AV,47,W,N,A,-,N,,,,,,,,,,N,1,1,0,2,A,-,11,21954,A,N,G,B,D,A,H,-,C,A,0,Y,,,,Y,,N,60,0,0,0,1,0,0,0,0,0,- ,- ,,,LOS ANGELES,LOS ANGELES,-118.4461152,34.221580000000003
6880495,2015,4/29/15,1942,3/26/15,2347,38233,1346,4,5,7,1942,0,0,0,M,0,11TL21,VERNON AV,HOOPER AV,0,,Y,A,-,N,,,,,,,,,,Y,2,0,1,2,A,-,03,22350,,F,G,B,D,A,H,-,C,A,0,Y,,,,Y,,-,99,1,0,0,0,1,0,0,0,0,- ,- ,,,LOS ANGELES,LOS ANGELES,-118.2521401,34.003890069999997
6881599,2015,4/28/15,1942,3/27/15,0310,31387,0646,5,5,7,1942,0,0,0,F,0,6TL7,HOLLYWOOD BL,WHITLEY AV,0,,Y,A,-,N,,,,,,,,,,Y,2,0,1,2,A,-,01,23152,A,N,A,B,F,A,H,-,C,A,0,Y,,,,Y,Y,A,01,1,0,0,0,1,0,0,0,0,- ,- ,,,LOS ANGELES,LOS ANGELES,-118.33335,34.101579999999998
6886084,2015,4/23/15,1942,4/13/15,2120,37304,0985,1,5,7,1942,0,0,0,I,0,9T57,VENTURA BL,MURIETTA AV,113,E,N,A,-,N,,,,,,,,,,N,2,0,1,2,A,-,11,21954,A,N,G,B,D,A,H,-,C,D,0,Y,,,,Y,,N,60,1,0,0,0,1,0,0,0,0,- ,- ,,,LOS ANGELES,LOS ANGELES,-118.4379046,34.149128910000002
6904931,2015,4/25/17,1942,3/14/15,2330,25495,2004,6,5,7,1942,0,0,0,,0,6T11,BEVERLY BL,HOBART PL,88,W,N,A,-,N,,,,,,,,,,Y,1,1,0,2,A,-,11,21956,A,F,G,B,E,A,H,-,C,D,0,Y,,,,Y,Y,N,60,0,0,0,1,0,0,0,0,0,- ,- ,,,LOS ANGELES,LOS ANGELES,-118.30635,34.076254390000003
6904940,2015,5/15/15,1942,3/25/15,0620,40869,1267,3,5,7,1942,0,0,0,L,0,12TL41,VERMONT AV,83RD ST,0,,Y,A,-,N,,,,,,,,,,Y,1,1,0,2,A,-,11,21456,B,N,G,B,B,A,H,-,C,A,0,Y,,,,Y,,N,60,0,0,0,1,0,0,0,0,0,- ,- ,,,LOS ANGELES,LOS ANGELES,-118.29183,33.963650000000001
6904947,2015,5/29/15,9540,3/4/15,0245,18759,,3,3,7,1942,0,1,1,,1,502,RT 5,BALBOA BL,264,N,N,A,-,Y,LA,7,5,-,R,44.48,H,-,N,Y,1,1,0,2,D,-,00,,,N,G,B,E,A,H,-,D,D,1,Y,,,,Y,,-,- ,0,0,0,1,0,0,0,0,0,- ,- ,34.321770000000001,-118.49756,LOS ANGELES,LOS ANGELES,-118.4968663,34.321482719999999
6908949,2015,6/2/15,1942,5/2/15,0400,35936,1209,6,5,7,1942,0,0,0,L,0,12T41,FIGUEROA ST,48TH ST,0,,Y,A,-,N,,,,,,,,,,Y,2,0,1,2,A,-,03,22350,,F,G,B,D,A,H,-,B,D,0,Y,,,,Y,,-,99,1,0,0,0,1,0,0,0,0,- ,- ,,,LOS ANGELES,LOS ANGELES,-118.2827201,33.999650080000002
6932586,2015,6/1/15,1942,4/13/15,2040,40102,0773,1,5,7,1942,0,0,0,G,0,7TL71,VENICE BL,CURSON AV,50,W,N,A,-,N,,,,,,,,,,N,2,0,1,2,A,-,11,21954,A,N,G,B,D,A,G,-,C,D,0,Y,,,,Y,,N,60,1,0,0,0,1,0,0,0,0,- ,- ,,,LOS ANGELES,LOS ANGELES,-118.362279,34.043374100000001
6942227,2015,1/6/17,1942,5/20/15,0535,27259,0334,3,5,7,1942,0,0,0,C,0,3TL5,CRENSHAW BL,30TH ST,253,S,N,A,-,N,,,,,,,,,,N,1,1,0,2,A,-,11,21955,,N,G,B,D,A,H,-,B,A,0,Y,,,,Y,,N,60,0,0,0,1,0,0,0,0,0,- ,- ,,,LOS ANGELES,LOS ANGELES,-118.335097,34.026915000000002
6995784,2015,8/15/15,1942,7/17/15,1145,41179,2035,5,5,7,1942,0,0,0,,0,6T2,NORMANDIE AV,WILSHIRE BL,7,,N,A,-,N,,,,,,,,,,N,2,0,1,2,A,-,11,21456,B,N,G,B,B,A,H,-,A,A,0,Y,,,,Y,,N,60,1,0,0,0,1,0,0,0,0,- ,- ,,,LOS ANGELES,LOS ANGELES,-118.3003901,34.06174
7006295,2015,11/13/15,1942,10/21/15,0020,34332,1525,3,5,7,1942,0,0,0,O,0,16T25,LANKERSHIM BL,KITTRIDGE ST,403,N,N,A,-,N,,,,,,,,,,N,1,1,0,2,A,-,11,21954,A,N,G,B,D,A,H,-,C,A,0,Y,,,,Y,Y,N,60,0,0,0,1,0,0,0,0,0,- ,- ,,,LOS ANGELES,LOS ANGELES,-118.3877854,34.191395249999999
7006475,2016,9/24/18,1942,1/6/16,0230,41376,0726,3,5,7,1942,0,0,0,G,0,20T59,BEVERLY BL,FORMOSA AV,111,E,N,B,-,N,,,,,,,,,,Y,1,1,3,5,A,-,01,23152,A,N,C,E,E,B,H,-,C,D,0,Y,,,,Y,Y,A,01,2,1,0,1,2,0,0,0,0,- ,- ,,,LOS ANGELES,LOS ANGELES,-118.3458641,34.076169999999998
7006526,2015,12/30/15,1942,10/10/15,2230,37511,0788,6,5,7,1942,0,0,0,G,0,7T23,CRENSHAW BL,WASHINGTON BL,435,S,N,A,-,N,,,,,,,,,,Y,1,1,0,2,A,-,11,21954,A,N,G,B,E,A,H,-,C,D,0,Y,,,,Y,Y,N,60,0,0,0,1,0,0,0,0,0,- ,- ,,,LOS ANGELES,LOS ANGELES,-118.3316774,34.038779409999997