CASE_ID,ACCIDENT_YEAR,PROC_DATE,JURIS,COLLISION_DATE,COLLISION_TIME,OFFICER_ID,REPORTING_DISTRICT,DAY_OF_WEEK,CHP_SHIFT,POPULATION,CNTY_CITY_LOC,SPECIAL_COND,BEAT_TYPE,CHP_BEAT_TYPE,CITY_DIVISION_LAPD,CHP_BEAT_CLASS,BEAT_NUMBER,PRIMARY_RD,SECONDARY_RD,DISTANCE,DIRECTION,INTERSECTION,WEATHER_1,WEATHER_2,STATE_HWY_IND,CALTRANS_COUNTY,CALTRANS_DISTRICT,STATE_ROUTE,ROUTE_SUFFIX,POSTMILE_PREFIX,POSTMILE,LOCATION_TYPE,RAMP_INTERSECTION,SIDE_OF_HWY,TOW_AWAY,COLLISION_SEVERITY,NUMBER_KILLED,NUMBER_INJURED,PARTY_COUNT,PRIMARY_COLL_FACTOR,PCF_CODE_OF_VIOL,PCF_VIOL_CATEGORY,PCF_VIOLATION,PCF_VIOL_SUBSECTION,HIT_AND_RUN,TYPE_OF_COLLISION,MVIW,PED_ACTION,ROAD_SURFACE,ROAD_COND_1,ROAD_COND_2,LIGHTING,CONTROL_DEVICE,CHP_ROAD_TYPE,PEDESTRIAN_ACCIDENT,BICYCLE_ACCIDENT,MOTORCYCLE_ACCIDENT,TRUCK_ACCIDENT,NOT_PRIVATE_PROPERTY,ALCOHOL_INVOLVED,STWD_VEHTYPE_AT_FAULT,CHP_VEHTYPE_AT_FAULT,COUNT_SEVERE_INJ,COUNT_VISIBLE_INJ,COUNT_COMPLAINT_PAIN,COUNT_PED_KILLED,COUNT_PED_INJURED,COUNT_BICYCLIST_KILLED,COUNT_BICYCLIST_INJURED,COUNT_MC_KILLED,COUNT_MC_INJURED,PRIMARY_RAMP,SECONDARY_RAMP,LATITUDE,LONGITUDE,COUNTY,CITY,POINT_X,POINT_Y
6123556,2013,4/14/14,1942,6/18/13,2000,36698,0423,2,5,7,1942,0,0,0,D,0,11T21,MAIN ST,GRIFFIN AV,0,,Y,A,-,N,,,,,,,,,,Y,2,0,3,3,A,-,09,21801,A,F,D,C,F,A,H,-,B,D,0,Y,,,,Y,,A,07,1,2,0,0,1,0,0,0,0,- ,- ,,,LOS ANGELES,LOS ANGELES,-118.2116123,34.066004999999997
6129915,2013,3/6/14,1942,6/18/13,1310,40567,1985,2,5,7,1942,0,0,0,,0,15T44,VAN NUYS BL,CHASE ST,525,N,N,A,-,N,,,,,,,,,,N,2,0,1,2,A,-,11,21954,A,N,A,B,D,A,H,-,A,D,0,Y,,,,Y,,N,60,1,0,0,0,1,0,0,0,0,- ,- ,,,LOS ANGELES,LOS ANGELES,-118.4494492,34.226089100000003
6170049,2013,4/4/14,1941,8/3/13,2055,10005,,6,5,7,1941,0,0,0,,0,,ATLANTIC AV,SPRING,169,S,N,A,-,N,,,,,,,,,,N,2,0,1,2,A,-,11,21955,,N,A,B,D,A,H,-,C,D,0,Y,,,,Y,Y,N,,1,0,0,0,1,0,0,0,0,- ,- ,,,LOS ANGELES,LONG BEACH,-118.1850922,33.811111400000001
6176695,2013,3/26/14,1942,8/13/13,2130,40063,1133,2,5,7,1942,0,0,0,K,0,4T43,FLETCHER DR,PERLITA AV,95,N,N,A,-,N,,,,,,,,,,N,2,0,1,3,A,-,10,21954,B,F,G,B,D,A,H,-,C,D,0,Y,,,,Y,Y,A,01,1,0,0,0,1,0,0,0,0,- ,- ,,,LOS ANGELES,LOS ANGELES,-118.2496541,34.111881799999999
6179866,2013,3/25/14,1942,8/11/13,0655,39473,904,7,5,7,1942,0,0,0,,0,17TL17,SEPULVEDA BL,SATICOY ST,185,N,N,A,-,N,,,,,,,,,,Y,2,0,1,4,A,-,08,22107,,N,A,B,E,A,H,-,A,A,0,Y,,,,Y,,A,01,1,0,0,0,1,0,0,0,0,- ,- ,,,LOS ANGELES,LOS ANGELES,-118.4662171,34.2089523
6202529,2013,4/4/14,1942,9/5/13,0705,34674,1543,4,5,7,1942,0,0,0,O,0,35EL17,LAUREL CANYON BL,CHANDLER BL,34,S,N,A,-,N,,,,,,,,,,N,2,0,2,3,A,-,11,21954,A,N,G,B,D,A,H,-,A,A,0,Y,,,,Y,,N,60,1,0,1,0,2,0,0,0,0,- ,- ,,,LOS ANGELES,LOS ANGELES,-118.3965222,34.168551600000001
6212075,2013,4/2/14,1942,8/24/13,1435,31255,1494,6,5,7,1942,0,0,0,N,0,7TL38,WORLD WAY,WEST WY,335,E,N,A,-,N,,,,,,,,,,N,2,0,1,2,A,-,11,21954,A,N,G,B,E,A,H,-,A,D,0,Y,,,,Y,,-,- ,1,0,0,0,1,0,0,0,0,- ,- ,,,LOS ANGELES,LOS ANGELES,-118.4048279,33.944956500000004
6212568,2013,3/28/14,1942,8/30/13,0215,33757,0656,5,5,7,1942,0,0,0,F,0,20T59,VINE ST,SANTA MONICA BL,2,N,N,A,-,N,,,,,,,,,,N,2,0,1,2,A,-,11,21453,D,N,G,B,D,A,H,-,C,A,0,Y,,,,Y,Y,N,60,1,0,0,0,1,0,0,0,0,- ,- ,,,LOS ANGELES,LOS ANGELES,-118.3266523,34.090760299999999
6212585,2013,4/4/14,1942,9/9/13,0925,36810,2045,1,5,7,1942,0,0,0,,0,20TL57,8TH ST,MARIPOSA AV,42,E,N,A,-,N,,,,,,,,,,Y,2,0,2,2,A,-,11,21955,,N,G,B,D,A,H,-,A,A,0,Y,,Y,,Y,,N,60,1,1,0,0,1,0,0,0,1,- ,- ,,,LOS ANGELES,LOS ANGELES,-118.2985838,34.057706099999997
6223945,2013,4/22/14,9535,8/30/13,2034,019725,,5,2,7,1942,0,1,1,,2,110,RT 10,SOTO ST,500,W,N,A,-,Y,LA,7,10,-,-,19.15,H,-,E,N,2,0,1,2,A,-,11,21954,A,N,G,B,E,A,H,-,C,D,0,Y,,,,Y,Y,N,60,1,0,0,0,1,0,0,0,0,- ,- ,34.054470000000002,-118.20451,LOS ANGELES,LOS ANGELES,-118.2015475,34.054748699999998
6227263,2013,4/9/14,1942,9/20/13,1720,40215,831,5,5,7,1942,0,0,0,,0,8A34,GRETNA GREEN WY,MONTANA AV,0,,Y,A,-,N,,,,,,,,,,N,2,0,1,2,A,-,08,22107,,N,G,B,B,A,H,-,A,A,0,Y,,,,Y,,A,01,1,0,0,0,1,0,0,0,0,- ,- ,,,LOS ANGELES,LOS ANGELES,-118.4738023,34.049544900000001
6229586,2013,4/12/14,1942,9/19/13,0120,39317,0356,4,5,7,1942,0,0,0,C,0,12T41,WESTERN AV,35TH ST,0,,Y,A,-,N,,,,,,,,,,Y,2,0,5,3,A,-,12,22450,A,N,D,C,F,A,H,-,C,A,0,Y,,,,Y,,A,01,1,0,4,0,1,0,0,0,0,- ,- ,,,LOS ANGELES,LOS ANGELES,-118.3089123,34.024634900000002
6238087,2013,4/26/14,1942,10/13/13,1630,36911,1235,7,5,7,1942,0,0,0,L,0,5TL25,58TH PL,HALLDALE AV,289,W,N,A,-,N,,,,,,,,,,N,2,0,1,2,A,-,11,21954,A,N,G,B,E,A,H,-,A,D,0,Y,,,,Y,,N,60,1,0,0,0,1,0,0,0,0,- ,- ,,,LOS ANGELES,LOS ANGELES,-118.3033437,33.988353500000002
6245138,2013,4/19/14,1942,10/11/13,0305,27792,1044,5,5,7,1942,0,0,0,J,0,10T35W,RESEDA BL,HATTERAS ST,125,N,N,A,-,N,,,,,,,,,,Y,2,0,3,2,A,-,01,23152,A,N,E,I,F,A,H,-,C,D,0,Y,,,,Y,Y,A,07,1,2,0,0,1,0,0,0,0,- ,- ,,,LOS ANGELES,LOS ANGELES,-118.5360236,34.177807700000002
6255954,2013,6/13/14,1942,10/20/13,1835,38603,1548,7,5,7,1942,0,0,0,O,0,15TL42,LANKERSHIM BL,CHANDLER BL,0,,Y,A,-,N,,,,,,,,,,Y,2,0,4,3,A,-,09,21801,A,N,D,C,F,A,H,-,B,A,0,Y,,,,Y,Y,A,01,1,2,1,0,1,0,0,0,0,- ,- ,,,LOS ANGELES,LOS ANGELES,-118.3770622,34.168855000000001
6261845,2013,4/22/14,1941,10/28/13,1530,6219,,1,5,7,1941,0,0,0,,0,,PACIFIC COAST HWY,GUNDRY,50,E,N,A,-,Y,LA,7,1,-,-,5.38,H,-,S,N,2,0,1,2,A,-,11,21954,A,N,G,B,D,A,H,-,A,D,0,Y,,,,Y,,N,,1,0,0,0,1,0,0,0,0,- ,- ,,,LOS ANGELES,LONG BEACH,-118.1739826,33.789793099999997
6265252,2013,5/8/14,1942,10/27/13,1200,24517,0787,7,5,7,1942,0,0,0,G,0,7TL38,CRENSHAW BL,WASHINGTON BL,250,S,N,A,-,N,,,,,,,,,,Y,2,0,1,2,A,-,11,21954,A,N,G,B,D,A,H,-,A,A,0,Y,,,,Y,,N,60,1,0,0,0,1,0,0,0,0,- ,- ,,,LOS ANGELES,LOS ANGELES,-118.3314012,34.039226599999999
6267386,2013,4/28/14,1942,10/14/13,0613,40726,0157,1,5,7,1942,0,0,0,A,0,1TL11,SAN PEDRO ST,6TH ST,230,N,N,A,-,Y,,,,,,,,,,N,2,0,1,2,A,-,11,21954,A,N,B,B,E,A,H,-,C,D,0,Y,,,,Y,,N,60,1,0,0,0,1,0,0,0,0,- ,- ,,,LOS ANGELES,LOS ANGELES,-118.2448825,34.042790699999998
6274776,2013,4/21/14,1942,10/26/13,0915,39177,0331,6,5,7,1942,0,0,0,C,0,5T21,HARCOURT AV,FERNDALE ST,0,,Y,B,-,N,,,,,,,,,,N,2,0,2,3,A,-,10,21950,A,N,G,B,B,A,H,-,A,A,0,Y,,,,Y,,A,07,1,0,1,0,2,0,0,0,0,- ,- ,,,LOS ANGELES,LOS ANGELES,-118.3487122,34.028894899999997
6275819,2013,5/12/14,1942,11/8/13,1940,39624,1497,5,5,7,1942,0,0,0,N,0,14T47,CONCOURSE WY,CENTURY BL,0,,Y,A,-,N,,,,,,,,,,N,2,0,1,2,A,-,10,21950,A,N,G,B,B,A,H,-,C,A,0,Y,,,,Y,,I,11,1,0,0,0,1,0,0,0,0,- ,- ,,,LOS ANGELES,LOS ANGELES,-118.37497,33.945300000000003
6280344,2013,5/5/14,1942,11/17/13,2255,38273,1998,7,5,7,1942,0,0,0,,0,15T43,WAKEFIELD AV,ROSCOE BL,13,S,N,A,-,N,,,,,,,,,,Y,2,0,1,2,A,-,10,21950,A,N,G,B,B,A,A,-,C,D,0,Y,,,,Y,,A,01,1,0,0,0,1,0,0,0,0,- ,- ,,,LOS ANGELES,LOS ANGELES,-118.4434322,34.221559200000002
6284902,2013,5/2/14,1941,11/22/13,1739,5615,,5,5,7,1941,0,0,0,,0,,SOUTH ST,ACKERFIELD AV,34,W,N,B,-,N,,,,,,,,,,N,2,0,1,2,A,-,11,21954,A,F,G,B,D,B,H,-,C,D,0,Y,,,,Y,Y,N,,1,0,0,0,1,0,0,0,0,- ,- ,,,LOS ANGELES,LONG BEACH,-118.1632239,33.860132800000002
6290087,2014,3/11/14,1942,2/11/14,0745,40605,0667,2,5,7,1942,0,0,0,F,0,6TL11,BRONSON AV,FOUNTAIN AV,9,N,N,A,-,N,,,,,,,,,,N,1,1,1,3,A,-,21,22106,,N,G,B,B,A,H,-,A,A,0,Y,,,Y,Y,,G,25,0,1,0,1,1,0,0,0,0,- ,- ,,,LOS ANGELES,LOS ANGELES,-118.3179797,34.094434679999999
6290311,2014,4/30/14,1942,2/4/14,1920,40696,1834,2,5,7,1942,0,0,0,R,0,18T23,105TH ST,WADSWORTH AV,0,,Y,A,-,N,,,,,,,,,,Y,1,1,1,9,A,-,03,22350,,F,E,J,E,A,H,-,C,D,0,Y,,,,Y,,A,01,0,1,0,1,0,0,0,0,0,- ,- ,,,LOS ANGELES,LOS ANGELES,-118.2587201,33.94097009
6290462,2014,12/29/15,1942,4/22/14,2325,40063,2149,2,5,7,1942,0,0,0,,0,9T55,VANOWEN ST,HATILLO AV,68,W,N,A,-,N,,,,,,,,,,N,1,1,0,2,A,-,11,21955,,N,G,B,D,A,H,-,C,D,0,Y,,,,Y,Y,N,60,0,0,0,1,0,0,0,0,0,- ,- ,,,LOS ANGELES,LOS ANGELES,-118.5651045,34.193820000000002
6291774,2014,12/22/14,1942,11/10/14,1840,37511,1406,1,5,7,1942,0,0,0,N,0,7T23,OVERLAND AV,ROSE AV,17,S,N,A,-,N,,,,,,,,,,Y,1,1,0,2,A,-,10,21950,A,N,G,B,B,A,H,-,C,A,0,Y,,,,Y,,A,01,0,0,0,1,0,0,0,0,0,- ,- ,,,LOS ANGELES,LOS ANGELES,-118.4137878,34.027531879999998
6292947,2017,4/5/19,1941,3/4/17,1752,10539,,6,5,7,1941,0,0,0,,0,,EAST 7TH ST,OLIVE AV,0,,Y,B,-,N,,,,,,,,,,Y,1,1,0,2,A,-,11,21453,D,N,G,B,B,A,H,-,A,A,0,Y,,,,Y,,N,,0,0,0,1,0,0,0,0,0,- ,- ,,,LOS ANGELES,LONG BEACH,-118.1824001,33.77534009
6292948,2017,10/5/17,1942,3/13/17,1755,27792,1655,1,5,7,1942,0,0,0,P,0,10T35W,WENTWORTH ST,MARY BELL AV,18,W,N,A,-,N,,,,,,,,,,N,1,1,0,2,A,-,10,21950,A,N,G,B,B,A,H,-,A,A,0,Y,,,,Y,,A,01,0,0,0,1,0,0,0,0,0,- ,- ,,,LOS ANGELES,LOS ANGELES,-118.3441785,34.264258669999997
6292958,2017,10/25/17,1942,7/19/17,2335,41089,2011,3,5,7,1942,0,0,0,,0,20T59,WESTERN AV,2ND ST,265,N,N,A,-,N,,,,,,,,,,Y,1,1,0,2,A,-,11,21954,A,N,G,B,D,A,H,-,C,D,0,Y,,,,Y,,N,60,0,0,0,1,0,0,0,0,0,- ,- ,,,LOS ANGELES,LOS ANGELES,-118.309118,34.071843999999999
6299109,2013,6/3/14,1942,12/10/13,1340,39349,1331,2,5,7,1942,0,0,0,M,0,13TL53,W 30TH ST,S MAIN ST,76,W,N,A,-,N,,,,,,,,,,N,2,0,1,2,A,-,11,21954,A,N,G,B,D,A,H,-,A,A,0,Y,,,,Y,,N,60,1,0,0,0,1,0,0,0,0,- ,- ,,,LOS ANGELES,LOS ANGELES,-118.2708789,34.021842399999997
6314805,2013,5/20/14,1942,11/22/13,1920,37575,1494,5,5,7,1942,0,0,0,N,0,14T47,WORLD WAY,WEST WY,406,E,N,A,-,N,,,,,,,,,,Y,2,0,2,3,C,-,18,,,N,E,B,E,A,H,-,C,D,0,Y,,,,Y,,-,- ,1,0,1,0,1,0,0,0,0,- ,- ,,,LOS ANGELES,LOS ANGELES,-118.4045962,33.944981400000003
6314949,2013,7/7/14,1941,12/7/13,1035,10229,,6,5,7,1941,0,0,0,,0,,7TH ST,MARTIN LUTHER KING JR AV,0,,Y,C,-,N,,,,,,,,,,N,2,0,1,2,A,-,10,21950,A,F,G,B,B,B,H,-,A,A,0,Y,,,,Y,,A,,1,0,0,0,1,0,0,0,0,- ,- ,,,LOS ANGELES,LONG BEACH,-118.1807022,33.775294899999999
6319491,2013,5/21/14,1942,12/27/13,1415,30825,1583,5,5,7,1942,0,0,0,O,0,9TL54,LAUREL CANYON BL,VALLEY SPRING LN,43,N,N,A,-,N,,,,,,,,,,Y,2,0,1,4,A,-,01,23152,A,F,B,B,E,A,H,-,A,D,0,Y,,,,Y,,A,01,1,0,0,0,1,0,0,0,0,- ,- ,,,LOS ANGELES,LOS ANGELES,-118.3964749,34.146842800000002
6320095,2013,5/29/14,1942,12/27/13,1255,30380,0218,5,5,7,1942,0,0,0,B,0,4TL43,W TEMPLE ST,PATTON ST,0,,Y,A,-,N,,,,,,,,,,Y,2,0,1,2,A,-,10,21950,A,N,G,B,B,A,H,-,A,A,0,Y,,,,Y,,I,11,1,0,0,0,1,0,0,0,0,- ,- ,,,LOS ANGELES,LOS ANGELES,-118.2577723,34.067515
6322713,2013,5/27/14,1942,12/27/13,1955,35471,1961,5,5,7,1942,0,0,0,,0,10T37,SEPULVEDA BL,PLUMMER ST,0,,Y,A,-,N,,,,,,,,,,N,2,0,1,2,A,-,09,21801,A,N,G,B,B,A,H,-,C,A,0,Y,,,,Y,,A,01,1,0,0,0,1,0,0,0,0,- ,- ,,,LOS ANGELES,LOS ANGELES,-118.4676724,34.242775000000002
6325512,2013,5/30/14,1942,12/4/13,1750,30045,0833,3,5,7,1942,0,0,0,H,0,8X48,VETERAN AV,ROCHESTER AV,6,N,N,A,-,N,,,,,,,,,,Y,2,0,2,2,A,-,10,21950,A,N,G,B,B,A,H,-,C,A,0,Y,,,,Y,,A,01,1,1,0,0,1,0,0,0,0,- ,- ,,,LOS ANGELES,LOS ANGELES,-118.4456546,34.055297699999997
6328136,2014,6/2/14,1942,1/2/14,0750,33340,1527,4,5,7,1942,0,0,0,O,0,15TL47,VINELAND AV,VICTORY BL,0,,Y,A,-,N,,,,,,,,,,N,2,0,1,2,A,-,10,21950,A,N,G,B,B,A,H,-,A,A,0,Y,,,,Y,,A,01,1,0,0,0,1,0,0,0,0,- ,- ,,,LOS ANGELES,LOS ANGELES,-118.3703101,34.186690040000002
6339845,2013,1/16/15,1942,12/27/13,0305,40025,0824,5,5,7,1942,0,0,0,H,0,7T23,CHAUTAUQUA BL,BORGOS PL,236,N,N,A,-,N,,,,,,,,,,N,1,1,0,2,A,-,11,21956,A,F,G,B,E,A,H,-,C,D,0,Y,,,,Y,Y,N,60,0,0,0,1,0,0,0,0,0,- ,- ,,,LOS ANGELES,LOS ANGELES,-118.5181639,34.039147800000002
6354159,2013,5/16/14,1942,12/24/13,2100,40897,0497,2,5,7,1942,0,0,0,D,0,4A97,SOTO ST,OLYMPIC BL,70,S,N,A,-,Y,,,,,,,,,,N,2,0,1,2,A,-,11,21954,A,N,G,B,D,A,H,-,C,A,0,Y,,,,Y,,N,60,1,0,0,0,1,0,0,0,0,- ,- ,,,LOS ANGELES,LOS ANGELES,-118.2198913,34.024083599999997
6368482,2013,5/12/14,1942,11/16/13,2155,25115,455,6,5,7,1942,0,0,0,,0,11T21,CESAR E CHAVEZ AV,CHICAGO ST,0,,Y,A,-,N,,,,,,,,,,N,2,0,1,2,A,-,10,21950,A,F,G,B,B,A,H,-,C,D,0,Y,,,,Y,,-,99,1,0,0,0,1,0,0,0,0,- ,- ,,,LOS ANGELES,LOS ANGELES,-118.2106222,34.048054899999997
6370254,2014,6/6/14,1942,1/23/14,1335,40440,1207,4,5,7,1942,0,0,0,L,0,12TL78,VERMONT AV,46TH ST,220,S,N,A,-,N,,,,,,,,,,N,2,0,1,2,A,-,11,21954,A,N,G,B,E,A,H,-,A,D,0,Y,,,,Y,,N,60,1,0,0,0,1,0,0,0,0,- ,- ,,,LOS ANGELES,LOS ANGELES,-118.291544,34.000998000000003
6386331,2014,6/17/14,1942,2/5/14,2100,40157,0849,3,5,7,1942,0,0,0,H,0,8T35,PICO BL,HOLT AV,0,,Y,A,-,N,,,,,,,,,,N,2,0,1,2,A,-,11,21956,A,N,G,B,D,A,H,-,C,D,0,Y,,,,Y,Y,N,60,1,0,0,0,1,0,0,0,0,- ,- ,,,LOS ANGELES,LOS ANGELES,-118.3785101,34.053790120000002
6393796,2014,6/20/14,1942,2/12/14,1029,40726,1151,3,5,7,1942,0,0,0,K,0,1TL11,SUNSET BL,EDGEMONT ST,86,W,N,A,-,N,,,,,,,,,,N,2,0,1,2,A,-,21,22106,,F,C,B,E,A,H,-,A,D,0,Y,,,,Y,,-,99,1,0,0,0,1,0,0,0,0,- ,- ,,,LOS ANGELES,LOS ANGELES,-118.2964235,34.098149999999997
6394388,2014,6/18/14,1941,2/22/14,0030,10555,,6,5,7,1941,0,0,0,,0,,W SHORELINE DR,BROADWAY,672,N,N,A,-,N,,,,,,,,,,N,2,0,1,2,A,-,11,21954,A,N,G,B,D,A,H,-,E,D,0,Y,,,,Y,,N,,1,0,0,0,1,0,0,0,0,- ,- ,,,LOS ANGELES,LONG BEACH,-118.202977,33.771259999999998
6397755,2014,3/10/15,1941,2/24/14,0920,6017,,1,5,7,1941,0,0,0,,0,,NEW YORK ST,CERRITOS AV,54,E,N,A,-,N,,,,,,,,,,N,1,1,0,2,A,-,11,21954,A,N,G,C,D,A,H,-,A,D,0,Y,,,Y,Y,,N,,0,0,0,1,0,0,0,0,0,- ,- ,,,LOS ANGELES,LONG BEACH,-118.1778128,33.784893439999998
6398245,2014,1/13/15,1942,1/13/14,1200,37966,0725,1,5,7,1942,0,0,0,G,0,7TL38,LA CIENEGA BL,OLYMPIC BL,165,S,N,A,-,N,,,,,,,,,,N,2,0,1,3,A,-,11,21956,A,N,G,B,D,A,H,-,A,D,0,Y,,,,Y,,N,60,1,0,0,0,1,0,0,0,0,- ,- ,,,LOS ANGELES,LOS ANGELES,-118.3762,34.058987440000003
6399613,2014,6/4/14,1942,1/31/14,1900,41131,LOSAN,5,5,7,1942,0,0,0,,0,,VINELAND AV,BURBANK BL,200,N,N,A,-,N,,,,,,,,,,N,2,0,1,2,A,-,11,21954,A,N,D,B,D,A,H,-,B,D,0,Y,,,,Y,,N,60,1,0,0,0,1,0,0,0,0,- ,- ,,,LOS ANGELES,LOS ANGELES,-118.3702974,34.172708530000001
6405854,2014,6/5/14,1942,1/27/14,1745,37416,0734,1,5,7,1942,0,0,0,G,0,14TL52,HAUSER BL,FULLER AV,0,,Y,A,-,N,,,,,,,,,,N,2,0,1,2,D,-,00,,,N,G,B,E,A,H,-,C,A,0,Y,,,,Y,,-,- ,1,0,0,0,1,0,0,0,0,- ,- ,,,LOS ANGELES,LOS ANGELES,-118.3505801,34.068790030000002
6426004,2014,6/27/14,1942,3/19/14,0850,40874,0238,3,5,7,1942,0,0,0,B,0,4T43,COURT ST,PATTON ST,0,,Y,A,-,N,,,,,,,,,,N,2,0,1,2,A,-,11,21954,A,N,G,B,D,A,H,-,A,A,0,Y,,,,Y,,N,60,1,0,0,0,1,0,0,0,0,- ,- ,,,LOS ANGELES,LOS ANGELES,-118.2592801,34.065190010000002
6438209,2014,7/1/14,1942,2/18/14,1835,37820,2055,2,5,7,1942,0,0,0,,0,20A88,11TH ST,FEDORA ST,0,,Y,B,-,N,,,,,,,,,,N,2,0,1,2,A,-,10,21950,A,N,G,B,B,-,H,-,C,A,0,Y,,,,Y,,A,07,1,0,0,0,1,0,0,0,0,- ,- ,,,LOS ANGELES,LOS ANGELES,-118.2979001,34.050890099999997
6450947,2014,7/3/14,1942,3/24/14,1325,39347,1651,1,5,7,1942,0,0,0,P,0,16EL1,LAUREL CANYON BL,OSBORNE ST,0,,Y,A,-,N,,,,,,,,,,N,2,0,1,2,A,-,08,22107,,N,G,B,F,A,H,-,A,D,0,Y,,,,Y,,A,01,1,0,0,0,1,0,0,0,0,- ,- ,,,LOS ANGELES,LOS ANGELES,-118.41954,34.246880009999998
6459259,2014,7/15/14,1942,4/14/14,1320,37614,1283,1,5,7,1942,0,0,0,L,0,12X58,CENTURY BL,GRAMERCY PL,12,E,N,A,-,N,,,,,,,,,,N,2,0,2,3,A,-,06,21951,,N,G,B,B,A,H,-,A,A,0,Y,,,,Y,,A,01,1,1,0,0,1,0,0,0,0,- ,- ,,,LOS ANGELES,LOS ANGELES,-118.3133505,33.94545935
6508902,2014,7/31/14,1941,5/30/14,1027,10042,,5,5,7,1941,0,0,0,,0,,LOS COYOTES,OUTER TRAFFIC CIR,0,,Y,A,-,N,,,,,,,,,,N,2,0,1,2,A,-,10,21952,,F,G,B,B,A,H,-,A,A,0,Y,,,,Y,,A,,1,0,0,0,1,0,0,0,0,- ,- ,,,LOS ANGELES,LONG BEACH,-118.140972,33.790942999999999
6513534,2014,8/6/14,1942,6/6/14,1440,39177,0333,5,5,7,1942,0,0,0,C,0,5TL21,CRENSHAW BL,29TH ST,0,,Y,A,-,N,,,,,,,,,,Y,2,0,2,4,A,-,09,21801,A,N,A,C,F,A,H,-,A,A,0,Y,,,,Y,,A,01,1,1,0,0,2,0,0,0,0,- ,- ,,,LOS ANGELES,LOS ANGELES,-118.3351,34.02946
6523551,2014,7/18/14,1942,4/30/14,2310,37715,2053,3,5,7,1942,0,0,0,,0,6T7,WESTERN AV,MONETTE PL,8,N,N,A,-,N,,,,,,,,,,N,2,0,2,2,A,-,10,21950,A,N,G,B,B,A,H,-,C,D,0,Y,,,,Y,,A,07,1,0,1,0,1,0,0,0,0,- ,- ,,,LOS ANGELES,LOS ANGELES,-118.30908,34.053561940000002
6533081,2014,7/23/14,1942,4/20/14,0135,36457,1283,7,5,7,1942,0,0,0,L,0,12A73,WESTERN AV,88TH ST,0,,Y,A,-,N,,,,,,,,,,N,2,0,1,2,A,-,10,21950,A,F,G,B,B,A,H,-,C,A,0,Y,,,,Y,,-,99,1,0,0,0,1,0,0,0,0,- ,- ,,,LOS ANGELES,LOS ANGELES,-118.30901,33.958159999999999
6537596,2014,6/30/14,1942,3/20/14,0235,32896,1415,4,5,7,1942,0,0,0,N,0,7T23,LINCOLN BL,PALMS BL,34,N,N,A,-,N,,,,,,,,,,Y,2,0,1,2,A,-,11,21954,A,N,G,B,D,A,H,-,C,A,0,Y,,,,Y,Y,N,60,1,0,0,0,1,0,0,0,0,- ,- ,,,LOS ANGELES,LOS ANGELES,-118.45937,33.997241989999999
6544494,2014,8/21/14,1942,6/24/14,2120,33452,0111,2,5,7,1942,0,0,0,A,0,2T15,SUNSET BL,FIGUEROA ST,471,W,N,A,-,N,,,,,,,,,,N,2,0,1,2,A,-,11,21954,A,N,G,B,D,A,H,-,C,D,0,Y,,,,Y,,N,60,1,0,0,0,1,0,0,0,0,- ,- ,,,LOS ANGELES,LOS ANGELES,-118.2474011,34.063578249999999
6545170,2014,8/15/14,1942,6/19/14,1510,36238,1145,4,5,7,1942,0,0,0,K,0,4TL6,GLENDALE BL,BANCROFT AV,108,N,N,A,-,N,,,,,,,,,,Y,2,0,3,4,A,-,03,22350,,N,G,B,E,A,H,-,A,D,0,Y,,,Y,Y,,A,01,2,0,1,0,2,0,0,0,0,- ,- ,,,LOS ANGELES,LOS ANGELES,-118.25925,34.097436180000003
6549447,2014,8/16/14,1942,6/1/14,0250,39811,0766,7,5,7,1942,0,0,0,G,0,7A69,CRENSHAW,PICO BL,300,S,N,A,-,N,,,,,,,,,,N,2,0,1,2,A,-,11,21955,,N,G,B,D,A,H,-,C,D,0,Y,,,,Y,,N,60,1,0,0,0,1,0,0,0,0,- ,- ,,,LOS ANGELES,LOS ANGELES,-118.327108,34.047080620000003
6550095,2014,8/20/14,1942,6/5/14,0645,40207,1966,4,5,7,1942,0,0,0,,0,10T37,VAN NUYS BL,PLUMMER ST,96,S,N,A,-,N,,,,,,,,,,N,2,0,1,2,A,-,11,21954,A,N,A,B,D,A,H,-,A,D,0,Y,,,,Y,,A,01,1,0,0,0,1,0,0,0,0,- ,- ,,,LOS ANGELES,LOS ANGELES,-118.45023,34.242416679999998
6573592,2014,8/27/14,1942,7/19/14,0311,36336,1005,6,5,7,1942,0,0,0,J,0,16T23,KESWICK ST,HATTON PL,27,E,N,A,-,N,,,,,,,,,,Y,2,0,3,3,A,-,01,23152,A,N,B,E,E,A,H,-,C,D,0,Y,,,,Y,Y,A,01,2,0,1,0,1,0,0,0,0,- ,- ,,,LOS ANGELES,LOS ANGELES,-118.5235042,34.211609940000002
6599773,2014,9/8/14,1942,8/17/14,1615,99395,1494,7,5,7,1942,0,0,0,N,0,5M26,WORLD WAY,WORLD WAY SOUTH,270,N,N,A,-,N,,,,,,,,,,N,2,0,1,3,A,-,03,22350,,N,G,B,E,A,H,-,A,A,0,Y,,,,Y,,A,07,1,0,0,0,1,0,0,0,0,- ,- ,,,LOS ANGELES,LOS ANGELES,-118.3966281,33.944409890000003