CASE_ID,ACCIDENT_YEAR,PROC_DATE,JURIS,COLLISION_DATE,COLLISION_TIME,OFFICER_ID,REPORTING_DISTRICT,DAY_OF_WEEK,CHP_SHIFT,POPULATION,CNTY_CITY_LOC,SPECIAL_COND,BEAT_TYPE,CHP_BEAT_TYPE,CITY_DIVISION_LAPD,CHP_BEAT_CLASS,BEAT_NUMBER,PRIMARY_RD,SECONDARY_RD,DISTANCE,DIRECTION,INTERSECTION,WEATHER_1,WEATHER_2,STATE_HWY_IND,CALTRANS_COUNTY,CALTRANS_DISTRICT,STATE_ROUTE,ROUTE_SUFFIX,POSTMILE_PREFIX,POSTMILE,LOCATION_TYPE,RAMP_INTERSECTION,SIDE_OF_HWY,TOW_AWAY,COLLISION_SEVERITY,NUMBER_KILLED,NUMBER_INJURED,PARTY_COUNT,PRIMARY_COLL_FACTOR,PCF_CODE_OF_VIOL,PCF_VIOL_CATEGORY,PCF_VIOLATION,PCF_VIOL_SUBSECTION,HIT_AND_RUN,TYPE_OF_COLLISION,MVIW,PED_ACTION,ROAD_SURFACE,ROAD_COND_1,ROAD_COND_2,LIGHTING,CONTROL_DEVICE,CHP_ROAD_TYPE,PEDESTRIAN_ACCIDENT,BICYCLE_ACCIDENT,MOTORCYCLE_ACCIDENT,TRUCK_ACCIDENT,NOT_PRIVATE_PROPERTY,ALCOHOL_INVOLVED,STWD_VEHTYPE_AT_FAULT,CHP_VEHTYPE_AT_FAULT,COUNT_SEVERE_INJ,COUNT_VISIBLE_INJ,COUNT_COMPLAINT_PAIN,COUNT_PED_KILLED,COUNT_PED_INJURED,COUNT_BICYCLIST_KILLED,COUNT_BICYCLIST_INJURED,COUNT_MC_KILLED,COUNT_MC_INJURED,PRIMARY_RAMP,SECONDARY_RAMP,LATITUDE,LONGITUDE,COUNTY,CITY,POINT_X,POINT_Y
9057830,2020,7/28/20,1942,4/18/20,0705,39395,0157,6,5,7,1942,0,0,0,A,0,1A29,EAST 6TH ST,CROCKER ST,13,E,N,B,-,N,,,,,,,,,,Y,2,0,2,2,A,-,01,23152,G,N,G,B,F,A,H,-,A,D,0,Y,,,,Y,Y,A,01,2,0,0,0,1,0,0,0,0,- ,- ,,,LOS ANGELES,LOS ANGELES,-118.2443237,34.041690826416016
90595194,2017,3/7/18,9590,11/2/17,0500,016127,,4,3,7,1942,0,1,1,,2,041,I-5 S/B (SANTA ANA FREEWAY),INDIANA STREET,350,N,N,B,-,Y,,,5,,,,,,S,Y,2,0,2,4,A,-,03,22350,,N,C,C,E,A,H,-,C,D,0,Y,,,,Y,,D,22,1,0,1,0,1,0,0,0,0,- ,- ,34.02008,-118.19123,LOS ANGELES,LOS ANGELES,-118.1912311,34.020062780000003
9061329,2020,5/26/20,1942,2/18/20,1255,37966,0629,2,5,7,1942,0,0,0,F,0,6A49,FRANKLIN AV,TAFT AV,40,W,N,A,-,N,,,,,,,,,,N,2,0,1,2,A,-,11,21954,A,N,G,B,D,A,H,-,A,D,0,Y,,,,Y,,N,60,1,0,0,0,1,0,0,0,0,- ,- ,,,LOS ANGELES,LOS ANGELES,-118.3149109,34.105270385742188
9062166,2019,3/18/20,1942,7/13/19,2110,42902,0377,6,5,7,1942,0,0,0,C,0,3A31,39TH PL,NORMANDIE AV,60,E,N,A,-,N,,,,,,,,,,N,2,0,1,2,A,-,11,21954,A,N,G,B,D,A,H,-,D,D,0,Y,,,,Y,,N,60,1,0,0,0,1,0,0,0,0,- ,- ,,,LOS ANGELES,LOS ANGELES,-118.2999802,34.014148712158203
9063012,2020,7/15/20,1942,4/8/20,2040,31652,0906,3,5,7,1942,0,0,0,I,0,9A5,VAN NUYS BL,VALERIO ST,325,N,N,B,-,N,,,,,,,,,,N,2,0,1,2,A,-,11,21955,,N,G,B,D,A,H,-,C,D,0,Y,,,,Y,Y,N,60,1,0,0,0,1,0,0,0,0,- ,- ,,,LOS ANGELES,LOS ANGELES,-118.4487534,34.205722808837891
9067725,2020,3/30/20,1942,2/29/20,1930,42344,1513,6,5,7,1942,0,0,0,O,0,15A21,WHITSETT AV,VOSE ST,587,S,N,A,-,N,,,,,,,,,,N,2,0,2,3,A,-,11,21954,A,N,G,B,D,A,H,-,D,D,0,Y,,,,Y,,N,60,2,0,0,0,2,0,0,0,0,- ,- ,,,LOS ANGELES,LOS ANGELES,-118.4052658,34.19683837890625
9070114,2020,8/11/20,1942,5/4/20,2010,40388,1675,1,5,7,1942,0,0,0,P,0,16A77,GLENOAKS BL,PENROSE ST,192,S,N,A,-,N,,,,,,,,,,N,2,0,1,2,A,-,11,21954,A,N,G,B,D,A,H,-,C,A,0,Y,,,,Y,,N,60,1,0,0,0,1,0,0,0,0,- ,- ,,,LOS ANGELES,LOS ANGELES,-118.3677902,34.231163024902344
90740396,2018,6/4/18,9550,1/1/18,0240,021141,,1,3,7,1941,0,1,1,,2,653,INTERSTATE 605 NORTHBOUND,SPRING STREET,1308,N,N,E,-,Y,,,605,,,,,,N,N,1,1,0,2,A,-,11,21954,A,F,G,B,E,A,H,-,C,D,0,Y,,,,Y,,N,60,0,0,0,1,0,0,0,0,0,- ,- ,33.813800811767578,-118.0812378,LOS ANGELES,LONG BEACH,-118.0813217,33.813800811767578
9079442,2020,6/17/20,1942,2/25/20,2100,35161,1791,2,5,7,1942,0,0,0,Q,0,17A81,ROSCOE BL,WINNETKA AV,350,W,N,A,-,N,,,,,,,,,,N,2,0,1,2,A,-,10,21954,B,F,G,B,D,A,H,-,C,D,0,Y,,,,Y,Y,-,99,1,0,0,0,1,0,0,0,0,- ,- ,,,LOS ANGELES,LOS ANGELES,-118.5722046,34.220233917236328
9081228,2020,4/29/21,1941,3/24/20,1238,6308,,2,5,7,1941,0,0,0,,0,,DEL AMO BL,LOCUST AV,359,W,N,A,-,N,,,,,,,,,,Y,1,1,2,7,A,-,01,23152,A,F,C,B,E,A,H,-,A,D,0,Y,,,,Y,Y,A,,1,0,1,1,1,0,0,0,0,- ,- ,,,LOS ANGELES,LONG BEACH,-118.1909409,33.84674072265625
9084315,2020,7/1/20,1942,3/23/20,2140,38265,0202,1,5,7,1942,0,0,0,B,0,2A1,N VERMONT AV,WILLOW BROOK AV,110,N,N,A,-,N,,,,,,,,,,N,2,0,2,2,A,-,11,21954,A,N,G,B,D,A,H,-,C,D,0,Y,,,,Y,,N,60,1,1,0,0,1,0,0,0,0,- ,- ,,,LOS ANGELES,LOS ANGELES,-118.2917404,34.090080261230469
90843272,2018,10/24/18,9580,10/1/18,0542,020153,,1,3,7,1942,0,1,3,,2,171,SR-170 S/B (HOLLYWOOD FWY.),VICTORY  BLVD,2511,N,N,A,-,Y,,,170,,,,,,S,N,2,0,1,2,A,-,11,21956,A,F,G,B,E,A,H,-,D,D,0,Y,,,,Y,,N,60,1,0,0,0,1,0,0,0,0,- ,- ,34.196060180664062,-118.4028015,LOS ANGELES,LOS ANGELES,-118.4028549,34.196052551269531
90867117,2018,11/26/18,9565,11/13/18,1833,018804,,2,2,7,1942,0,1,1,,2,060,I-405 N/B TO LA TIJERA BLVD.,LA TIJERA BLVD.,290,S,N,A,-,Y,,,405,,,,R,,N,N,2,0,1,3,A,-,03,22350,,N,C,C,E,A,H,-,D,D,0,Y,,,,Y,,A,01,1,0,0,0,1,0,0,0,0,- ,- ,33.971588134765625,-118.37677,LOS ANGELES,LOS ANGELES,-118.37677,33.971588134765625
9092301,2020,7/28/20,1942,4/25/20,1840,37786,1363,6,5,7,1942,0,0,0,M,0,13A61,E 49TH PL,MCKINLEY AV,345,E,N,A,-,N,,,,,,,,,,Y,2,0,1,2,A,-,11,21954,A,F,G,B,D,A,H,-,A,D,0,Y,,,,Y,,N,60,1,0,0,0,1,0,0,0,0,- ,- ,,,LOS ANGELES,LOS ANGELES,-118.2597427,33.998435974121094
90929115,2019,2/19/19,9590,1/28/19,0505,015985,,1,3,7,1942,0,1,1,,2,064,I-10 EASTBOUND (SANTA MONICA FREEWAY),LONG BEACH AVENUE,32.8,W,N,A,-,Y,,,10,,,,,,E,N,1,1,0,2,A,-,11,21954,A,N,G,B,E,A,H,-,C,D,0,Y,,,Y,Y,,N,60,0,0,0,1,0,0,0,0,0,- ,- ,34.023700714111328,-118.2422028,LOS ANGELES,LOS ANGELES,-118.2421951,34.023662567138672
90969483,2019,6/19/19,9530,2/25/19,0034,022043,,1,3,7,1941,0,1,1,,2,073,I-710 N/B FROM SHORELINE DRIVE,SHORELINE DR. TO 9TH ST.,113,N,N,B,-,Y,,,710,,,,R,,N,Y,1,1,1,2,A,-,11,21954,A,N,G,B,E,A,H,-,E,D,0,Y,,,,Y,Y,N,60,0,1,0,1,0,0,0,0,0,- ,- ,33.780258178710938,-118.2075577,LOS ANGELES,LONG BEACH,-118.2075577,33.780258178710938
91006508,2019,6/10/19,9530,5/27/19,0213,021995,,1,3,7,1942,0,1,1,,2,110,I-110 S/B TO I-105 W/B,I-105 E/B (GLENN ANDERSON FWY),46,N,N,B,-,Y,,,110,,,,R,,S,Y,2,0,3,3,C,-,18,,,N,C,E,E,A,H,-,D,D,0,Y,,,,Y,Y,-,- ,1,0,2,0,1,0,0,0,0,- ,- ,33.928901672363281,-118.2828674,LOS ANGELES,LOS ANGELES,-118.2828674,33.928901672363281
9101798,2020,7/31/20,1942,4/6/20,2105,40452,0881,1,5,7,1942,0,0,0,H,0,8A53,EXPOSITION BL,S BARRINGTON AV,200,W,N,B,-,N,,,,,,,,,,N,2,0,1,2,A,-,08,22107,,F,G,B,E,A,H,-,C,D,0,Y,,,,Y,,-,99,1,0,0,0,1,0,0,0,0,- ,- ,,,LOS ANGELES,LOS ANGELES,-118.4475403,34.032970428466797
9106275,2020,8/25/20,1942,6/3/20,2100,42471,1801,3,5,7,1942,0,0,0,R,0,18A1,S VERMONT AV,W 93RD ST,67,N,N,A,-,N,,,,,,,,,,N,2,0,1,2,A,-,11,21954,A,N,G,B,D,A,H,-,C,D,0,Y,,,,Y,Y,N,60,1,0,0,0,1,0,0,0,0,- ,- ,,,LOS ANGELES,LOS ANGELES,-118.2915649,33.952045440673828
9106975,2020,11/30/20,1941,8/24/20,2030,5970,,1,5,7,1941,0,0,0,,0,,PACIFIC COAST HWY,HAYES AV,80,W,N,A,-,Y,LA,7,1,-,-,7.98,H,-,N,Y,2,0,1,2,A,-,11,21955,,N,H,B,E,A,H,-,C,D,0,Y,,,,Y,Y,N,,1,0,0,0,1,0,0,0,0,- ,- ,,,LOS ANGELES,LONG BEACH,-118.2190247,33.789913177490234
91069889,2019,9/9/19,9530,8/24/19,2113,021995,,6,2,7,1942,0,1,1,,2,110,I-110 N/B TO SR-91 W/B,SR-91 E/B (ARTESIA FREEWAY),130,N,N,B,-,Y,,,110,,,,R,,N,N,2,0,1,2,A,-,11,21954,A,N,G,B,E,A,H,-,D,D,0,Y,,,,Y,Y,N,60,1,0,0,0,1,0,0,0,0,- ,- ,33.87139892578125,-118.2838974,LOS ANGELES,LOS ANGELES,-118.2838974,33.87139892578125
9112840,2020,12/3/20,1942,6/11/20,0735,42987,0804,4,5,7,1942,0,0,0,H,0,8A29,MANDEVILLE CANYON RD,MERRIMAC RD,1871,N,N,A,-,N,,,,,,,,,,N,2,0,1,2,A,-,03,22350,,N,H,B,E,A,H,-,A,D,0,Y,Y,,,Y,,L,04,1,0,0,0,1,0,0,0,0,- ,- ,,,LOS ANGELES,LOS ANGELES,-118.5007095,34.109848022460938
91128837,2019,11/25/19,9590,7/30/19,1120,018997,,2,1,7,1942,0,1,1,,2,084,I-5 N/B (GOLDEN STATE FREEWAY),SUNNYNOOK PED BRIDGE,551,S,N,A,-,Y,,,5,,,,,,N,N,1,1,0,2,A,-,11,21954,A,N,G,B,E,A,H,-,A,D,0,Y,,,Y,Y,,N,60,0,0,0,1,0,0,0,0,0,- ,- ,34.114341735839844,-118.2677002,LOS ANGELES,LOS ANGELES,-118.2677536,34.114307403564453
9113991,2020,11/6/20,1942,5/28/20,0130,44127,0375,4,5,7,1942,0,0,0,C,0,3A99,WESTERN AV,LEIGHTON AV,119,S,N,A,-,N,,,,,,,,,,N,2,0,1,2,A,-,11,21954,A,N,H,B,E,A,H,-,C,D,0,Y,,,,Y,,N,60,1,0,0,0,1,0,0,0,0,- ,- ,,,LOS ANGELES,LOS ANGELES,-118.3089218,34.012485504150391
9114655,2020,9/9/20,1942,6/16/20,1545,39151,0363,2,5,7,1942,0,0,0,C,0,3A98,HILLCREST DR,SANTO TOMAS DR,20,N,N,A,-,N,,,,,,,,,,N,2,0,1,2,A,-,10,21950,A,F,G,B,B,A,H,-,A,A,0,Y,,,,Y,,A,01,1,0,0,0,1,0,0,0,0,- ,- ,,,LOS ANGELES,LOS ANGELES,-118.3487549,34.011543273925781
9117162,2020,8/27/20,1942,6/23/20,2145,40865,0249,2,5,7,1942,0,0,0,B,0,2A69,WILSHIRE BL,S BIXEL ST,0,,Y,A,-,N,,,,,,,,,,N,2,0,1,2,D,-,00,,,F,G,B,E,A,H,-,C,D,0,Y,,,,Y,Y,-,- ,1,0,0,0,1,0,0,0,0,- ,- ,,,LOS ANGELES,LOS ANGELES,-118.2633209,34.052330017089844
9118714,2020,9/14/20,1942,6/27/20,1225,42818,1599,6,5,7,1942,0,0,0,O,0,6A31,MULHOLLAND DR,PACIFIC VIEW TR,53,E,N,A,-,N,,,,,,,,,,N,2,0,1,2,A,-,05,21460,A,F,G,B,E,A,H,-,A,A,0,Y,,,,Y,,-,99,1,0,0,0,1,0,0,0,0,- ,- ,,,LOS ANGELES,LOS ANGELES,-118.3498306,34.120067596435547
9119977,2020,9/26/20,1942,7/4/20,2110,39613,451,6,5,7,1942,0,0,0,,0,4A71,N MISSION RD,GABRIEL GARCIA MARQUEZ ST,0,,Y,A,-,N,,,,,,,,,,N,2,0,1,2,A,-,11,21955,,F,G,B,E,A,H,-,C,D,0,Y,,,,Y,Y,N,60,1,0,0,0,1,0,0,0,0,- ,- ,,,LOS ANGELES,LOS ANGELES,-118.22715,34.051029205322266
91208802,2019,3/16/20,9530,12/2/19,0140,021108,,1,3,7,1941,0,1,1,,2,071,I-710 S/B TO SR-91 E/B,SR-91 E/B (ARTESIA FREEWAY),60,N,N,A,-,Y,,,710,,,,R,,S,Y,1,1,1,3,A,-,11,21954,A,N,G,B,E,A,H,-,C,D,0,Y,,,,Y,Y,N,60,0,1,0,1,1,0,0,0,0,- ,- ,33.875820159912109,-118.1921387,LOS ANGELES,LONG BEACH,-118.1921387,33.875820159912109
91264921,2020,7/8/20,9575,6/27/20,2238,021784,,6,3,7,1942,0,1,1,,2,053,I-5 S/B (GOLDEN STATE FREEWAY),OSBORNE ST.,1350,N,N,A,-,Y,,,5,,,,,,S,Y,2,0,3,5,A,-,03,22350,,N,A,C,E,A,H,-,C,D,0,Y,,,,Y,,A,01,1,0,2,0,3,0,0,0,0,- ,- ,34.247608184814453,-118.4255829,LOS ANGELES,LOS ANGELES,-118.4255981,34.247589111328125
9130847,2020,10/8/20,1942,7/24/20,2255,40325,0195,5,5,7,1942,0,0,0,A,0,1A85,GRAND AV,WASHINGTON BL,0,,Y,A,-,N,,,,,,,,,,N,2,0,1,2,A,-,12,21453,A,N,G,C,B,A,H,-,C,A,0,Y,,,,Y,Y,A,01,1,0,0,0,1,0,0,0,0,- ,- ,,,LOS ANGELES,LOS ANGELES,-118.2683792,34.032619476318359
9136746,2020,10/23/20,1942,8/3/20,2200,44105,1125,1,5,7,1942,0,0,0,K,0,,YORK BL,AVENUE 47,13,E,N,A,-,N,,,,,,,,,,N,2,0,1,3,A,-,10,21950,A,F,G,B,B,A,H,-,C,D,0,Y,,,,Y,,-,99,1,0,0,0,1,0,0,0,0,- ,- ,,,LOS ANGELES,LOS ANGELES,-118.2137604,34.122791290283203
9138197,2020,9/30/20,1942,8/11/20,1705,43822,0933,2,5,7,1942,0,0,0,I,0,9A41,SYLVAN ST,VAN NUYS BL,0,,Y,A,-,N,,,,,,,,,,N,2,0,1,2,A,-,10,21950,A,N,G,B,B,A,H,-,A,A,0,Y,,,,Y,,D,22,1,0,0,0,1,0,0,0,0,- ,- ,,,LOS ANGELES,LOS ANGELES,-118.448761,34.184638977050781
9138607,2020,11/30/20,1942,7/25/20,2310,42471,0503,6,5,7,1942,0,0,0,E,0,5A11,RT 1,NORMANDIE AV,113,W,N,A,-,Y,LA,7,1,-,-,12.54,H,-,N,Y,2,0,1,2,A,-,11,21956,A,N,G,B,E,A,H,-,C,A,0,Y,,,,Y,,N,60,1,0,0,0,1,0,0,0,0,- ,- ,,,LOS ANGELES,LOS ANGELES,-118.2978897,33.789871215820312
91399211,2020,2/4/21,9575,11/23/20,0450,019595,,1,3,7,1942,0,1,1,,2,053,I-5 S/B (GOLDEN STATE FREEWAY),TERRA BELLA STREET,585,S,N,A,-,Y,,,5,,,,,,S,N,1,1,0,2,A,-,11,21954,A,F,G,B,E,A,H,-,C,D,0,Y,,,,Y,,N,60,0,0,0,1,0,0,0,0,0,- ,- ,34.249309539794922,-118.427681,LOS ANGELES,LOS ANGELES,-118.4275589,34.249435424804688
91415396,2020,2/25/21,9590,12/2/20,1940,020618,,3,2,7,1942,0,1,1,,2,061,INTERSTATE 10 WESTBOUND (SMF),NORMANDIE AVENUE,610,W,N,A,-,Y,,,10,,,,,,W,N,1,1,0,2,A,-,11,21954,A,N,G,B,E,A,H,-,C,D,0,Y,,,,Y,,N,60,0,0,0,1,0,0,0,0,0,- ,- ,34.037120819091797,-118.3023987,LOS ANGELES,LOS ANGELES,-118.3023987,34.037185668945312
91418598,2020,3/2/21,9590,12/28/20,2124,022404,,1,2,7,1942,0,1,2,,2,073,US-101 S/B (HOLLYWOOD FREEWAY),CAHUENGA BLVD,30,N,N,A,-,Y,,,101,,,,,,S,N,2,0,1,2,A,-,11,21954,A,N,B,B,E,B,H,-,D,D,0,Y,,,,Y,,N,60,1,0,0,0,1,0,0,0,0,- ,- ,34.108139038085938,-118.3311615,LOS ANGELES,LOS ANGELES,-118.331192,34.108085632324219
9150414,2020,10/13/20,1942,9/27/20,0600,40440,1269,7,5,7,1942,0,0,0,L,0,25T21,MANCHESTER AV,TOWNE AV,0,,Y,A,-,N,,,,,,,,,,N,2,0,1,2,A,-,10,21950,,N,A,B,B,A,H,-,A,D,0,Y,,,,Y,,A,07,1,0,0,0,1,0,0,0,0,- ,- ,,,LOS ANGELES,LOS ANGELES,-118.2673187,33.960121154785156
91520134,2020,7/14/21,9590,12/25/20,1445,022369,,5,2,7,1942,0,1,1,,2,051,I-110 S/B (HAF) TO CENTURY BOULEVARD.,CENTURY BOULEVARD,209,N,N,A,-,Y,,,110,,,,R,,S,Y,1,1,1,2,C,-,18,,,N,G,B,F,A,H,-,A,D,0,Y,,,,Y,,-,- ,0,1,0,1,0,0,0,0,0,- ,- ,33.946640014648438,-118.2800598,LOS ANGELES,LOS ANGELES,-118.2800598,33.946640014648438
9152074,2020,11/4/20,1942,9/5/20,0030,40730,0153,6,5,7,1942,0,0,0,A,0,1A85,W 7TH ST,S BROADWAY,184,E,N,A,-,N,,,,,,,,,,N,2,0,1,2,A,-,11,21955,,N,G,B,D,A,H,-,C,A,0,Y,,,,Y,,N,60,1,0,0,0,1,0,0,0,0,- ,- ,,,LOS ANGELES,LOS ANGELES,-118.2528381,34.044891357421875
9153424,2020,11/7/20,1942,9/14/20,0025,40388,1785,1,5,7,1942,0,0,0,Q,0,17A67,PARTHENIA ST,ETIWANDA AV,65,E,N,A,-,N,,,,,,,,,,N,2,0,1,2,A,-,11,21954,A,F,G,B,D,A,H,-,C,A,0,Y,,,,Y,Y,N,60,1,0,0,0,1,0,0,0,0,- ,- ,,,LOS ANGELES,LOS ANGELES,-118.532135,34.228687286376953
9157803,2020,11/25/20,1942,9/25/20,1815,37724,0397,5,5,7,1942,0,0,0,C,0,3A99,S VERMONT AV,W 43RD PL,35,N,N,A,-,N,,,,,,,,,,N,2,0,1,2,A,-,11,21956,A,F,G,B,E,A,H,-,B,D,0,Y,,,,Y,,N,60,1,0,0,0,1,0,0,0,0,- ,- ,,,LOS ANGELES,LOS ANGELES,-118.2915497,34.004646301269531
9158609,2020,11/23/20,1942,9/21/20,2025,41747,1836,1,5,7,1942,0,0,0,R,0,18A35,COMPTON AV,E 104TH ST,11,S,N,A,-,N,,,,,,,,,,Y,2,0,1,2,A,-,10,21950,A,F,G,B,B,A,H,-,C,A,0,Y,,,,Y,,-,99,1,0,0,0,1,0,0,0,0,- ,- ,,,LOS ANGELES,LOS ANGELES,-118.2462387,33.941410064697266
9160738,2020,1/21/21,1942,9/8/20,0100,40876,1984,2,5,7,1942,0,0,0,,0,19A85,ROSCOE BL,KESTER AV,71,W,N,A,-,N,,,,,,,,,,Y,2,0,1,3,A,-,11,21954,A,N,G,B,E,A,H,-,C,D,0,Y,,,,Y,,N,60,1,0,0,0,1,0,0,0,0,- ,- ,,,LOS ANGELES,LOS ANGELES,-118.457695,34.221481323242188
9160862,2020,10/14/20,1942,8/16/20,1555,40289,0219,7,5,7,1942,0,0,0,B,0,2A39,W SUNSET BL,DOUGLAS ST,18,E,N,A,-,N,,,,,,,,,,N,2,0,1,2,A,-,11,21954,A,N,G,B,D,A,H,-,A,D,0,Y,,,,Y,,N,60,1,0,0,0,1,0,0,0,0,- ,- ,,,LOS ANGELES,LOS ANGELES,-118.2519531,34.074146270751953
91613791,2020,11/2/21,9530,5/5/20,1315,022079,,2,1,7,1942,0,1,1,,2,120,I-110 N/B (HARBOR FREEWAY),PACIFIC COAST HIGHWAY,940,S,N,A,-,Y,,,110,,,,,,N,Y,1,2,0,2,A,-,11,21954,A,N,G,B,D,A,H,-,A,D,0,Y,,Y,,Y,,N,60,0,0,0,1,0,0,0,1,0,- ,- ,33.787891387939453,-118.2814102,LOS ANGELES,LOS ANGELES,-118.2813721,33.787895202636719
9162342,2020,11/19/20,1942,9/5/20,1620,42415,0326,6,5,7,1942,0,0,0,C,0,326,ADAMS BL,NORMANDIE,250,E,N,A,-,N,,,,,,,,,,N,2,0,1,2,A,-,11,21955,,N,G,B,D,A,H,-,A,D,0,Y,,,,Y,,N,60,1,0,0,0,1,0,0,0,0,- ,- ,,,LOS ANGELES,LOS ANGELES,-118.2994156,34.032741546630859
91630374,2021,11/19/21,9590,2/6/21,0110,022417,,6,3,7,1942,0,1,1,,2,010,SR-110 N/B (ARRYO SECO PARKWAY),YALE STREET POC,500,N,N,A,-,Y,,,110,,,,,,N,Y,1,1,1,4,A,-,03,22350,,F,C,C,E,A,H,-,C,D,0,Y,,,,Y,,A,01,0,0,1,1,0,0,0,0,0,- ,- ,34.068061828613281,-118.2376404,LOS ANGELES,LOS ANGELES,-118.2376556,34.068084716796875
9166061,2020,12/18/20,1942,10/3/20,2010,41747,1802,6,5,7,1942,0,0,0,R,0,18A1,S BROADWAY,W 93RD ST,84,N,N,A,-,N,,,,,,,,,,N,2,0,2,2,A,-,11,21954,A,N,G,B,D,A,H,-,C,A,0,Y,,,,Y,,N,60,1,0,1,0,1,0,0,0,0,- ,- ,,,LOS ANGELES,LOS ANGELES,-118.2782974,33.952102661132812
91670065,2021,1/4/22,9590,9/7/21,0513,022281,,2,3,7,1942,0,1,1,,2,052,INTERSTATE 110 NORTHBOUND (HARBOR FREEWAY),4TH STREET OVERCROSSING,26,S,N,A,-,Y,,,110,,,,,,N,N,1,1,0,2,A,-,11,21954,A,N,G,B,E,A,H,-,C,D,0,Y,,,Y,Y,,N,60,0,0,0,1,0,0,0,0,0,- ,- ,34.054309844970703,-118.2572937,LOS ANGELES,LOS ANGELES,-118.2574234,34.054424285888672
9169599,2020,1/8/21,1942,10/10/20,1720,38185,1503,6,5,7,1942,0,0,0,O,0,15A3,LAUREL CANYON BL,VOSE ST,8,S,N,A,-,N,,,,,,,,,,N,2,0,1,2,A,-,10,21950,A,F,G,B,B,A,H,-,A,A,0,Y,,,,Y,,-,99,1,0,0,0,1,0,0,0,0,- ,- ,,,LOS ANGELES,LOS ANGELES,-118.3964996,34.198406219482422
9177723,2020,12/15/20,1942,10/27/20,2040,43816,0984,2,5,7,1942,0,0,0,I,0,9A89,VENTURA BL,CEDROS AV,180,W,N,A,-,N,,,,,,,,,,N,2,0,1,2,A,-,11,21955,,F,G,B,D,A,H,-,C,D,0,Y,,,,Y,,N,60,1,0,0,0,1,0,0,0,0,- ,- ,,,LOS ANGELES,LOS ANGELES,-118.4536362,34.151737213134766
9178520,2020,12/5/20,1942,10/23/20,2025,44335,1269,5,5,7,1942,0,0,0,L,0,12A3,AVALON BL,81ST ST,12,S,N,A,-,N,,,,,,,,,,N,2,0,1,2,A,-,11,21954,A,N,G,B,D,A,H,-,C,D,0,Y,,,,Y,,N,60,1,0,0,0,1,0,0,0,0,- ,- ,,,LOS ANGELES,LOS ANGELES,-118.265152,33.965526580810547
91817654,2021,7/15/22,9590,8/18/21,0213,021535,,3,3,7,1942,0,1,1,,2,085,INTERSTATE 5 SOUTHBOUND (GOLDEN STATE FREEWAY),I-5 N/B (GSF) FROM LOS FELIZ BLVD. OVERCROSSING [5,592,S,N,B,-,Y,,,5,,,,,,S,Y,1,1,0,2,A,-,11,21954,A,N,G,B,E,A,H,-,E,D,0,Y,,,,Y,,N,60,0,0,0,1,0,0,0,0,0,- ,- ,34.115161895751953,-118.2685089,LOS ANGELES,LOS ANGELES,-118.268486,34.11517333984375
9197336,2020,2/1/21,1942,11/21/20,2230,34426,1343,6,5,7,1942,0,0,0,M,0,13A43,E 40TH PL,AVALON BL,54,E,N,A,-,N,,,,,,,,,,Y,2,0,1,4,A,-,11,21954,A,N,G,B,D,A,H,-,C,D,0,Y,,,,Y,Y,N,60,1,0,0,0,1,0,0,0,0,- ,- ,,,LOS ANGELES,LOS ANGELES,-118.2650909,34.010227203369141
9206075,2020,2/27/21,1942,12/5/20,2118,44451,LOSAN,6,5,7,1942,0,0,0,,0,0901,SEPULVEDA BL,SATICOY ST,75,N,N,A,-,N,,,,,,,,,,Y,2,0,1,2,A,-,00,21954,,F,G,B,D,A,H,-,C,A,0,Y,,,,Y,,-,99,1,0,0,0,1,0,0,0,0,- ,- ,,,LOS ANGELES,LOS ANGELES,-118.4662094,34.208656311035156
9206642,2020,1/29/21,1941,11/29/20,0611,11401,,7,5,7,1941,0,0,0,,0,,OBISPO AV,ANAHEIM ST,130,S,N,A,-,N,,,,,,,,,,N,2,0,1,2,A,-,11,21954,A,N,G,B,E,A,H,-,B,A,0,Y,,,,Y,,N,,1,0,0,0,1,0,0,0,0,- ,- ,,,LOS ANGELES,LONG BEACH,-118.1545944,33.782241821289062
9209016,2020,2/22/21,1942,12/30/20,2115,40105,1213,3,5,7,1942,0,0,0,L,0,12A45,W SLAUSON AVE,S MANHATTAN PL,110,E,N,A,-,N,,,,,,,,,,N,2,0,1,2,A,-,11,21954,A,N,G,B,D,A,H,-,C,A,0,Y,,,,Y,Y,N,60,1,0,0,0,1,0,0,0,0,- ,- ,,,LOS ANGELES,LOS ANGELES,-118.3098145,33.989139556884766