CASE_ID,ACCIDENT_YEAR,PROC_DATE,JURIS,COLLISION_DATE,COLLISION_TIME,OFFICER_ID,REPORTING_DISTRICT,DAY_OF_WEEK,CHP_SHIFT,POPULATION,CNTY_CITY_LOC,SPECIAL_COND,BEAT_TYPE,CHP_BEAT_TYPE,CITY_DIVISION_LAPD,CHP_BEAT_CLASS,BEAT_NUMBER,PRIMARY_RD,SECONDARY_RD,DISTANCE,DIRECTION,INTERSECTION,WEATHER_1,WEATHER_2,STATE_HWY_IND,CALTRANS_COUNTY,CALTRANS_DISTRICT,STATE_ROUTE,ROUTE_SUFFIX,POSTMILE_PREFIX,POSTMILE,LOCATION_TYPE,RAMP_INTERSECTION,SIDE_OF_HWY,TOW_AWAY,COLLISION_SEVERITY,NUMBER_KILLED,NUMBER_INJURED,PARTY_COUNT,PRIMARY_COLL_FACTOR,PCF_CODE_OF_VIOL,PCF_VIOL_CATEGORY,PCF_VIOLATION,PCF_VIOL_SUBSECTION,HIT_AND_RUN,TYPE_OF_COLLISION,MVIW,PED_ACTION,ROAD_SURFACE,ROAD_COND_1,ROAD_COND_2,LIGHTING,CONTROL_DEVICE,CHP_ROAD_TYPE,PEDESTRIAN_ACCIDENT,BICYCLE_ACCIDENT,MOTORCYCLE_ACCIDENT,TRUCK_ACCIDENT,NOT_PRIVATE_PROPERTY,ALCOHOL_INVOLVED,STWD_VEHTYPE_AT_FAULT,CHP_VEHTYPE_AT_FAULT,COUNT_SEVERE_INJ,COUNT_VISIBLE_INJ,COUNT_COMPLAINT_PAIN,COUNT_PED_KILLED,COUNT_PED_INJURED,COUNT_BICYCLIST_KILLED,COUNT_BICYCLIST_INJURED,COUNT_MC_KILLED,COUNT_MC_INJURED,PRIMARY_RAMP,SECONDARY_RAMP,LATITUDE,LONGITUDE,COUNTY,CITY,POINT_X,POINT_Y
5639873,2013,3/25/13,1942,3/13/13,1045,39473,0943,3,5,7,1942,0,0,0,I,0,9TL57,VAN NUYS BL,HATTERAS ST,166,N,N,A,-,N,,,,,,,,,,Y,1,1,0,4,A,-,03,22350,,N,G,B,E,A,H,-,A,D,0,Y,,,,Y,,A,07,0,0,0,1,0,0,0,0,0,- ,- ,,,LOS ANGELES,LOS ANGELES,-118.4487271,34.176200199999997
5664222,2012,9/25/13,1941,6/7/12,1604,10005,,4,5,7,1941,0,0,0,,0,,PACIFIC AV,10TH ST,219,N,N,A,-,N,,,,,,,,,,N,2,0,1,2,A,-,11,21954,A,N,A,B,E,A,H,-,A,D,0,Y,,,,Y,,N,,1,0,0,0,1,0,0,0,0,- ,- ,,,LOS ANGELES,LONG BEACH,-118.1937492,33.779565400000003
5669114,2012,9/6/13,1942,5/31/12,0835,39473,1653,4,5,7,1942,0,0,0,P,0,16TL25,KAMLOOPS ST,KEWEN AV,178,W,N,A,-,N,,,,,,,,,,N,2,0,1,2,A,-,11,21954,A,N,G,B,E,A,H,-,A,D,0,Y,,,,Y,,N,60,1,0,0,0,1,0,0,0,0,- ,- ,,,LOS ANGELES,LOS ANGELES,-118.4166318,34.251610190000001
5669296,2012,8/31/13,1942,5/27/12,1530,32620,1259,7,5,7,1942,0,0,0,L,0,12A45,79TH ST,STANFORD ST,150,W,N,A,-,N,,,,,,,,,,N,2,0,1,2,A,-,03,22350,,F,G,B,E,A,H,-,A,D,0,Y,,,,Y,,-,99,1,0,0,0,1,0,0,0,0,- ,- ,,,LOS ANGELES,LOS ANGELES,-118.2634659,33.967431910000002
5669439,2012,10/11/13,1942,6/2/12,1835,40099,1199,6,5,7,1942,0,0,0,K,0,11TL32,AMADOR ST,JARVIS ST,338,N,N,A,-,N,,,,,,,,,,N,2,0,1,2,A,-,11,21954,A,N,G,B,D,A,H,-,A,D,0,Y,,,,Y,,N,60,1,0,0,0,1,0,0,0,0,- ,- ,,,LOS ANGELES,LOS ANGELES,-118.2344069,34.077141859999998
5676526,2012,9/30/13,1942,6/27/12,1750,38033,1916,3,5,7,1942,0,0,0,,0,19TL72,POLK ST,FELLOWS AV,50,E,N,A,-,N,,,,,,,,,,N,2,0,1,2,A,-,11,21966,,N,H,B,E,A,H,-,A,A,0,Y,,,,Y,,N,60,1,0,0,0,1,0,0,0,0,- ,- ,,,LOS ANGELES,LOS ANGELES,-118.4480628,34.309057660000001
5678897,2012,1/23/14,1942,6/5/12,1220,30825,0943,2,5,7,1942,0,0,0,I,0,15TL46,VAN NUYS BL,TIARA ST,98,S,N,A,-,N,,,,,,,,,,Y,2,0,2,3,A,-,01,23152,A,N,G,B,E,A,H,-,A,D,0,Y,,,,Y,,A,01,1,1,0,0,1,0,0,0,0,- ,- ,,,LOS ANGELES,LOS ANGELES,-118.4487152,34.178176059999998
5679419,2012,10/12/13,1942,6/2/12,2240,38817,1273,6,5,7,1942,0,0,0,L,0,12T41,MANCHESTER BL,CIMARRON ST,63,W,N,A,-,N,,,,,,,,,,N,2,0,1,2,A,-,11,21954,A,F,G,B,D,A,H,-,C,D,0,Y,,,,Y,,N,60,1,0,0,0,1,0,0,0,0,- ,- ,,,LOS ANGELES,LOS ANGELES,-118.3163295,33.959956779999999
5680900,2012,10/5/13,1941,6/10/12,2038,10009,,7,5,7,1941,0,0,0,,0,,PACIFIC COAST HWY,PACIFIC,182,W,N,A,-,N,,,,,,,,,,Y,2,0,1,2,A,-,11,21955,,N,A,B,D,A,H,-,C,D,0,Y,,,,Y,,N,,1,0,0,0,1,0,0,0,0,- ,- ,,,LOS ANGELES,LONG BEACH,-118.1943499,33.789834829999997
5681031,2012,7/20/13,1942,3/21/12,2310,40822,0835,3,5,7,1942,0,0,0,H,0,A36,SANTA MONICA BL,VETERAN AV,15,W,N,A,-,N,,,,,,,,,,N,2,0,1,2,A,-,11,21955,,N,G,B,D,A,H,-,C,A,0,Y,,,,Y,Y,N,60,1,0,0,0,1,0,0,0,0,- ,- ,,,LOS ANGELES,LOS ANGELES,-118.4402589,34.048991270000002
5686709,2012,9/28/13,1942,6/17/12,0150,33260,1345,7,5,7,1942,0,0,0,M,0,4T43,CENTRAL AV,42ND PL,8,N,N,A,-,N,,,,,,,,,,N,2,0,1,2,A,-,11,21950,B,F,G,B,B,A,H,-,C,A,0,Y,,,,Y,Y,N,60,1,0,0,0,1,0,0,0,0,- ,- ,,,LOS ANGELES,LOS ANGELES,-118.2565124,34.00667679
5691887,2012,10/16/13,1942,6/20/12,0055,34959,0752,3,5,7,1942,0,0,0,G,0,8TL35,LA CIENEGA BL,PICO BL,5,N,N,A,-,N,,,,,,,,,,Y,2,0,2,3,A,-,01,23152,A,F,G,B,B,A,H,-,C,A,0,Y,,,,Y,,A,01,2,0,0,0,2,0,0,0,0,- ,- ,,,LOS ANGELES,LOS ANGELES,-118.3762222,34.05333856
5692208,2012,9/21/13,1942,4/14/12,1640,39976,,6,5,7,1942,0,0,0,,0,5T25,WESTERN AV,228TH ST,0,,Y,A,-,N,,,,,,,,,,Y,2,0,3,5,A,-,09,21804,A,N,D,C,F,A,H,-,A,A,0,Y,,,,Y,,A,01,1,2,0,0,3,0,0,0,0,- ,- ,,,LOS ANGELES,LOS ANGELES,-118.3089923,33.81904488
5718442,2012,11/4/13,1942,6/29/12,2050,37143,0911,5,5,7,1942,0,0,0,I,0,19T73,VANOWEN ST,FIRMAMENT AV,79,W,N,A,-,N,,,,,,,,,,N,2,0,2,3,A,-,11,21954,A,N,G,B,D,A,H,-,E,D,0,Y,,,,Y,Y,-,- ,2,0,0,0,2,0,0,0,0,- ,- ,,,LOS ANGELES,LOS ANGELES,-118.473163,34.193884859999997
5725109,2012,10/28/13,1942,7/3/12,2150,34959,2039,2,5,7,1942,0,0,0,,0,6TL7,8TH ST,MAGNOLIA AV,0,,Y,A,-,N,,,,,,,,,,N,2,0,1,2,A,-,10,21950,A,N,G,B,B,A,H,-,C,D,0,Y,,,,Y,,A,08,1,0,0,0,1,0,0,0,0,- ,- ,,,LOS ANGELES,LOS ANGELES,-118.2869022,34.057724890000003
5729648,2012,10/26/13,1942,7/3/12,1220,36874,1826,2,5,7,1942,0,0,0,R,0,18X48,WILMINGTON,S 95T ST,120,S,N,A,-,N,,,,,,,,,,N,2,0,1,2,A,-,11,21954,A,N,G,B,D,A,H,-,A,D,0,Y,,,,Y,,N,60,1,0,0,0,1,0,0,0,0,- ,- ,,,LOS ANGELES,LOS ANGELES,-118.238573,33.950203999999999
5730552,2012,10/31/13,1942,7/14/12,1410,37849,1494,6,5,7,1942,0,0,0,N,0,20TL56,WORLD WY,EAST WY,490,W,N,A,-,N,,,,,,,,,,N,2,0,1,3,A,-,21,22106,,N,G,B,E,A,H,-,A,D,0,Y,,,,Y,,A,01,1,0,0,0,1,0,0,0,0,- ,- ,,,LOS ANGELES,LOS ANGELES,-118.4037846,33.945213180000003
5731547,2012,2/3/14,1942,7/14/12,0510,38476,1307,6,5,7,1942,0,0,0,M,0,13A13,OLYMPIC BL,LAWRENCE ST,0,,Y,A,-,N,,,,,,,,,,N,2,0,1,2,A,-,10,21950,A,F,G,B,B,A,H,-,B,A,0,Y,,,,Y,,-,- ,1,0,0,0,1,0,0,0,0,- ,- ,,,LOS ANGELES,LOS ANGELES,-118.2369322,34.027014960000002
5734311,2012,10/30/13,1942,7/2/12,0710,36698,1177,1,5,7,1942,0,0,0,K,0,1T11W2,AVENUE 26,IDELL ST,0,,Y,A,-,N,,,,,,,,,,N,2,0,1,2,A,-,10,21950,C,N,G,B,B,A,H,-,A,A,0,Y,,,,Y,,A,01,1,0,0,0,1,0,0,0,0,- ,- ,,,LOS ANGELES,LOS ANGELES,-118.2248522,34.085984949999997
5750975,2012,1/23/14,1942,7/29/12,1710,36659,1267,7,5,7,1942,0,0,0,L,0,18T39,84TH PL,FIGUEROA ST,0,,N,A,-,N,,,,,,,,,,N,2,0,1,2,A,-,21,22106,,N,G,B,D,A,H,-,A,D,0,Y,,,,Y,,A,01,1,0,0,0,1,0,0,0,0,- ,- ,,,LOS ANGELES,LOS ANGELES,-118.2827122,33.9623949
5763023,2012,12/10/13,1942,9/18/12,1445,27260,0923,2,5,7,1942,0,0,0,I,0,35M48,VICTORY BL,COLUMBUS AV,150,W,N,A,-,N,,,,,,,,,,N,2,0,1,2,A,-,11,21955,,N,G,B,-,A,H,-,A,D,0,Y,,,Y,Y,,N,60,1,0,0,0,1,0,0,0,0,- ,- ,,,LOS ANGELES,LOS ANGELES,-118.4645173,34.186649670000001
5789754,2012,11/21/13,1942,8/3/12,1620,40739,0734,5,5,7,1942,0,0,0,G,0,7X52,3RD ST,BURNSIDE AV,99,W,N,A,-,N,,,,,,,,,,N,2,0,1,2,A,-,11,21954,A,N,G,B,D,A,H,-,A,D,0,Y,,,,Y,,N,60,1,0,0,0,1,0,0,0,0,- ,- ,,,LOS ANGELES,LOS ANGELES,-118.355535,34.070692999999999
5790094,2012,11/30/13,1942,8/12/12,2155,38314,1701,7,5,7,1942,0,0,0,Q,0,17T17,RINALDI ST,CORBIN AV,0,,Y,A,-,N,,,,,,,,,,Y,2,0,1,2,A,-,11,21456,B,N,G,B,B,A,H,-,C,A,0,Y,,,,Y,,N,60,1,0,0,0,1,0,0,0,0,- ,- ,,,LOS ANGELES,LOS ANGELES,-118.5621424,34.274814910000003
5808445,2012,11/9/13,1942,8/19/12,2300,27792,1027,7,5,7,1942,0,0,0,J,0,10T35W,SHERMAN WY,YARMOUTH AV,119,E,N,A,-,N,,,,,,,,,,N,2,0,1,2,A,-,11,21955,,N,G,B,D,A,H,-,C,A,0,Y,,,,Y,,N,60,1,0,0,0,1,0,0,0,0,- ,- ,,,LOS ANGELES,LOS ANGELES,-118.5193094,34.201204859999997
5809901,2012,11/21/13,1942,8/25/12,2205,32896,2136,6,5,7,1942,0,0,0,,0,21T63,TOPANGA CANYON BL,CANTLAY ST,104,N,N,A,-,N,,,,,,,,,,N,2,0,1,2,A,-,11,21956,A,N,G,B,D,A,H,-,C,A,0,Y,,,,Y,Y,N,60,1,0,0,0,1,0,0,0,0,- ,- ,,,LOS ANGELES,LOS ANGELES,-118.605959,34.202240140000001
5811735,2012,11/30/13,1942,8/30/12,1505,39971,1971,4,5,7,1942,0,0,0,,0,19TL76,SEPULVEDA BL,NORDHOFF ST,0,,Y,A,-,N,,,,,,,,,,N,2,0,1,2,A,-,11,21456,B,N,G,B,B,A,H,-,A,A,0,Y,,,,Y,,A,07,1,0,0,0,1,0,0,0,0,- ,- ,,,LOS ANGELES,LOS ANGELES,-118.4677423,34.235514930000001
5812575,2012,11/13/13,1942,8/8/12,0010,34959,2027,3,5,7,1942,0,0,0,,0,8T35,6TH ST,CATALINA ST,171,W,N,A,-,N,,,,,,,,,,N,2,0,1,2,A,-,11,21954,A,F,G,B,D,A,H,-,C,D,0,Y,,,,Y,,N,60,1,0,0,0,1,0,0,0,0,- ,- ,,,LOS ANGELES,LOS ANGELES,-118.2959657,34.063584859999999
5819475,2012,12/4/13,1942,8/9/12,1820,39889,0218,4,5,7,1942,0,0,0,B,0,13TL22,TEMPLE ST,PATTON ST,8,W,N,A,-,N,,,,,,,,,,N,2,0,1,2,A,-,10,21950,A,N,G,B,B,A,H,-,B,A,0,Y,,,,Y,,A,01,1,0,0,0,1,0,0,0,0,- ,- ,,,LOS ANGELES,LOS ANGELES,-118.2577979,34.067519779999998
5824263,2012,12/2/13,1942,9/9/12,1920,39243,1754,7,5,7,1942,0,0,0,Q,0,10T37,RESEDA BL,MAYALL ST,10,N,N,A,-,N,,,,,,,,,,N,2,0,1,2,A,-,10,21950,A,F,G,B,B,A,H,-,B,A,0,Y,,,,Y,,-,- ,1,0,0,0,1,0,0,0,0,- ,- ,,,LOS ANGELES,LOS ANGELES,-118.5361123,34.253282290000001
5824319,2012,12/4/13,1942,9/8/12,0950,31000,2019,6,5,7,1942,0,0,0,,0,20TL59,3RD ST,VERMONT AV,159,E,N,A,-,N,,,,,,,,,,N,2,0,1,2,B,-,22,,,N,G,B,F,A,H,-,A,D,0,Y,,,,Y,,A,01,1,0,0,0,1,0,0,0,0,- ,- ,,,LOS ANGELES,LOS ANGELES,-118.2911682,34.069047140000002
5827223,2012,12/12/13,1942,9/6/12,0920,38897,0763,4,5,7,1942,0,0,0,G,0,20TL59,PICO BL,HAYWORTH AV,3,E,N,A,-,N,,,,,,,,,,N,2,0,1,2,A,-,10,21950,A,N,G,B,B,A,H,-,A,D,0,Y,,,,Y,,A,01,1,0,0,0,1,0,0,0,0,- ,- ,,,LOS ANGELES,LOS ANGELES,-118.3679326,34.051723010000003
5837992,2012,12/11/13,1942,9/7/12,2030,39631,159,5,5,7,1942,0,0,0,O,0,1A85,6TH ST,MILL,60,W,N,A,-,N,,,,,,,,,,N,2,0,1,2,A,-,03,22350,,F,G,B,D,A,H,-,C,D,0,Y,,,,Y,,-,- ,1,0,0,0,1,0,0,0,0,- ,- ,,,LOS ANGELES,LOS ANGELES,-118.2347097,34.038220010000003
5852652,2012,2/10/14,1942,7/11/12,1130,31291,2076,3,5,7,1942,0,0,0,,0,20A1,PICO BL,BERENDO AV,0,,Y,A,-,N,,,,,,,,,,N,2,0,1,2,A,-,06,21951,,N,G,B,B,A,H,-,A,A,0,Y,,,,Y,,A,08,1,0,0,0,1,0,0,0,0,- ,- ,,,LOS ANGELES,LOS ANGELES,-118.2937122,34.047244929999998
5853342,2012,12/31/13,1942,11/8/12,2010,32372,1508,4,5,7,1942,0,0,0,O,0,35M57,CLYBOURN AV,WIXOM ST,0,,Y,B,-,N,,,,,,,,,,N,2,0,1,2,A,-,11,21954,A,N,G,B,D,B,H,-,C,A,0,Y,,,,Y,Y,N,60,1,0,0,0,1,0,0,0,0,- ,- ,,,LOS ANGELES,LOS ANGELES,-118.3636823,34.211214910000002
5869130,2012,12/24/13,1941,10/26/12,1944,10042,,5,5,7,1941,0,0,0,,0,,ATHERTON ST,PARK AV,76,W,N,A,-,N,,,,,,,,,,N,2,0,1,2,A,-,11,21954,A,N,A,B,D,A,H,-,C,A,0,Y,,,,Y,Y,N,,1,0,0,0,1,0,0,0,0,- ,- ,,,LOS ANGELES,LONG BEACH,-118.1370417,33.789834829999997
5875053,2012,12/23/13,1942,10/27/12,0905,39843,1611,6,5,7,1942,0,0,0,P,0,16A23,HERRICK AV,VAUGHN ST,0,S,N,A,-,N,,,,,,,,,,N,2,0,1,2,A,-,11,21955,,N,G,B,D,A,H,-,A,D,0,Y,,,,Y,,A,01,1,0,0,0,1,0,0,0,0,- ,- ,,,LOS ANGELES,LOS ANGELES,-118.4244423,34.280214960000002
5880810,2012,1/13/14,1942,12/3/12,2010,27792,1757,1,5,7,1942,0,0,0,Q,0,10T35,BALBOA BL,MAYALL ST,378,N,N,B,-,N,,,,,,,,,,N,2,0,2,2,A,-,11,21955,,N,G,B,D,A,H,-,C,D,0,Y,,,,Y,,N,60,1,0,1,0,1,0,0,0,0,- ,- ,,,LOS ANGELES,LOS ANGELES,-118.5023769,34.254891729999997
5883482,2012,12/28/13,1942,11/26/12,1425,37740,0327,1,5,7,1942,0,0,0,C,0,3TL5,28TH ST,HOOVER ST,0,,Y,A,-,N,,,,,,,,,,N,2,0,1,2,A,-,10,21950,A,N,G,B,B,A,H,-,A,A,0,Y,,,,Y,,A,01,1,0,0,0,1,0,0,0,0,- ,- ,,,LOS ANGELES,LOS ANGELES,-118.2839823,34.029344909999999
5886248,2012,1/2/14,1942,11/9/12,1510,37724,1243,5,5,7,1942,0,0,0,L,0,3R5T,WESTERN AV,71ST ST,3,N,N,A,-,N,,,,,,,,,,N,2,0,1,2,A,-,- ,,,N,G,B,B,A,H,-,A,D,0,Y,,,,Y,,A,08,1,0,0,0,1,0,0,0,0,- ,- ,,,LOS ANGELES,LOS ANGELES,-118.3089824,33.975383069999999
5894593,2012,12/23/13,1942,10/27/12,1845,37510,1273,6,5,7,1942,0,0,0,L,0,12A73,S WESTERN AV,W 87TH ST,14,S,N,A,-,N,,,,,,,,,,N,2,0,1,2,A,-,10,21950,A,N,G,B,B,A,H,-,C,A,0,Y,,,,Y,Y,A,01,1,0,0,0,1,0,0,0,0,- ,- ,,,LOS ANGELES,LOS ANGELES,-118.3090322,33.959006449999997
5902258,2012,1/18/14,1942,12/23/12,0010,37510,125,7,5,7,1942,0,0,0,L,0,12A58,FLORENCE AV,DALTON AV,60,W,N,B,-,N,,,,,,,,,,N,2,0,1,2,A,-,11,21955,,F,G,B,D,A,H,-,C,D,0,Y,,,,Y,,N,60,1,0,0,0,1,0,0,0,0,- ,- ,,,LOS ANGELES,LOS ANGELES,-118.3037197,33.974564839999999
5903135,2013,1/18/14,1941,1/18/13,1644,10042,,5,5,7,1941,0,0,0,,0,,10TH ST,MOLINO AV,145,W,N,A,-,N,,,,,,,,,,Y,2,0,1,2,A,-,11,21954,A,N,A,B,D,A,H,-,A,A,0,Y,,,,Y,,N,,1,0,0,0,1,0,0,0,0,- ,- ,,,LOS ANGELES,LONG BEACH,-118.1616283,33.778964799999997
5908535,2012,4/1/14,1942,12/5/12,1435,38996,0932,3,5,7,1942,0,0,0,I,0,21TL64,DELANO ST,KESTER AV,0,,Y,A,-,N,,,,,,,,,,Y,2,0,5,6,A,-,12,21453,A,N,D,C,F,A,H,-,A,A,0,Y,,,,Y,,A,01,1,1,3,0,3,0,0,0,0,- ,- ,,,LOS ANGELES,LOS ANGELES,-118.4574723,34.182644930000002
5910187,2012,4/25/13,1941,12/12/12,2242,5356,,3,5,7,1941,0,0,0,,0,,ATLANTIC AV,BURLINGHALL,0,,Y,C,-,N,,,,,,,,,,N,1,1,0,2,-,-,- ,,,N,G,B,B,B,H,-,C,A,0,Y,,,,Y,Y,-,- ,0,0,0,1,0,0,0,0,0,- ,- ,,,LOS ANGELES,LONG BEACH,-118.1851222,33.834314910000003
5910552,2013,1/13/15,1942,6/11/13,0600,40527,1509,2,5,7,1942,0,0,0,O,0,15T47,CLYBOURN AV,SHERMAN PL,32,N,N,A,-,N,,,,,,,,,,Y,1,1,3,6,A,-,01,23152,A,F,G,B,E,A,H,-,A,D,0,Y,,,,Y,,A,01,1,1,1,1,1,0,0,0,0,- ,- ,,,LOS ANGELES,LOS ANGELES,-118.362456,34.203291900000004
5910715,2013,1/14/15,1942,7/9/13,2245,40013,1269,2,5,7,1942,0,0,0,L,0,18T23,AVALON BL,83RD ST,161,S,N,A,-,N,,,,,,,,,,N,1,1,0,2,A,-,11,21955,,F,G,B,D,A,H,-,C,D,0,Y,,,,Y,Y,N,60,0,0,0,1,0,0,0,0,0,- ,- ,,,LOS ANGELES,LOS ANGELES,-118.2651425,33.963303400000001
5910990,2013,1/15/15,1942,7/20/13,1815,36752,1251,6,5,7,1942,0,0,0,L,0,18T23,CRENSHAW BL,78TH PL,2,N,N,A,-,N,,,,,,,,,,Y,1,1,0,2,A,-,10,21950,A,F,G,B,B,A,H,-,A,A,0,Y,,,,Y,,A,01,0,0,0,1,0,0,0,0,0,- ,- ,,,LOS ANGELES,LOS ANGELES,-118.3309322,33.968110299999999
5911225,2012,10/2/13,1942,11/30/12,0610,40645,1841,5,5,7,1942,0,0,0,R,0,18T23,VERMONT AV,106TH ST,67,N,N,C,-,N,,,,,,,,,,N,1,1,0,2,A,-,11,21954,A,N,G,B,D,B,H,-,C,D,0,Y,,,,Y,,N,60,0,0,0,1,0,0,0,0,0,- ,- ,,,LOS ANGELES,LOS ANGELES,-118.2916322,33.940048590000004
5911318,2013,10/25/13,1942,9/16/13,1950,38385,0514,1,5,7,1942,0,0,0,E,0,3T5,PACIFIC COAST HWY,WILMINGTON BL,160,E,N,A,-,Y,LA,7,1,-,-,11.18,H,-,N,N,1,1,0,2,A,-,11,21954,A,F,G,B,B,A,H,-,C,D,0,Y,,,,Y,,N,60,0,0,0,1,0,0,0,0,0,- ,- ,,,LOS ANGELES,LOS ANGELES,-118.2745868,33.790544500000003
5911319,2013,1/12/15,1942,10/5/13,1315,37952,1124,6,5,7,1942,0,0,0,K,0,13TL53,FLETCHER DR,LA CLEDE AV,617,S,N,A,-,N,,,,,,,,,,N,1,1,0,2,A,-,11,21954,A,N,G,B,D,A,H,-,A,D,0,Y,,,,Y,Y,N,60,0,0,0,1,0,0,0,0,0,- ,- ,,,LOS ANGELES,LOS ANGELES,-118.2505148,34.111137300000003
5911337,2013,1/12/15,1942,9/27/13,0310,33757,0665,5,5,7,1942,0,0,0,F,0,20T59,SANTA MONICA BL,HIGHLAND AV,165,E,N,A,-,Y,LA,7,2,-,-,10.93,H,-,E,N,1,1,1,3,A,-,11,21954,A,F,G,B,E,A,H,-,C,D,0,Y,,,,Y,,N,60,0,1,0,1,1,0,0,0,0,- ,- ,,,LOS ANGELES,LOS ANGELES,-118.3377621,34.090704899999999
5911527,2013,1/12/15,9590,9/1/13,0408,20402,,7,3,7,1942,0,1,1,,2,050,RT 110,43RD ST,60,N,N,A,-,Y,LA,7,110,-,-,19.13,H,-,N,Y,1,1,0,2,A,-,11,21954,A,N,G,B,E,A,H,-,D,D,1,Y,,,,Y,,N,60,0,0,0,1,0,0,0,0,0,- ,- ,34.006419999999999,-118.28092,LOS ANGELES,LOS ANGELES,-118.2808138,34.007052799999997
5911724,2013,12/19/13,1942,12/7/13,1730,38356,1067,6,5,7,1942,0,0,0,J,0,9TL53,AMESTOY AV,ADDISON ST,15,N,N,A,-,N,,,,,,,,,,N,1,1,0,2,B,-,22,,,N,G,B,F,A,H,-,C,A,0,Y,,,,Y,,A,01,0,0,0,1,0,0,0,0,0,- ,- ,,,LOS ANGELES,LOS ANGELES,-118.5054622,34.161555999999997
5912205,2013,5/2/14,9580,7/28/13,0413,19483,,7,3,7,1942,0,1,2,,2,102,RT 101,HAYVENHURST AV,1473,N,N,A,-,Y,LA,7,101,-,-,18.79,H,-,N,Y,1,1,4,3,A,-,01,23152,A,N,G,B,E,A,H,-,C,D,1,Y,,,,Y,Y,N,60,2,2,0,1,0,0,0,0,0,- ,- ,34.168010000000002,-118.49677,LOS ANGELES,LOS ANGELES,-118.4939231,34.166131200000002
5914638,2012,1/15/14,1942,12/11/12,1820,39889,1352,2,5,7,1942,0,0,0,M,0,2TL28,MAIN ST,47TH ST,3,N,N,A,-,N,,,,,,,,,,N,2,0,2,3,A,-,10,21950,A,N,G,B,B,A,H,-,D,A,0,Y,,,,Y,,D,22,1,1,0,0,2,0,0,0,0,- ,- ,,,LOS ANGELES,LOS ANGELES,-118.2740024,34.001063080000002
5925618,2012,1/2/14,1942,11/15/12,1710,33839,2027,4,5,7,1942,0,0,0,,0,6TL7,WILSHIRE BL,MARIPOSA AV,0,,Y,B,-,N,,,,,,,,,,Y,2,0,3,4,A,-,09,21801,A,N,B,C,F,A,H,-,B,A,0,Y,,,,Y,,A,01,1,1,1,0,2,0,0,0,0,- ,- ,,,LOS ANGELES,LOS ANGELES,-118.2992122,34.061754950000001
5932412,2012,1/11/14,1942,12/31/12,1630,39889,1363,1,5,7,1942,0,0,0,M,0,13T44,AVALON BL,49TH ST,14,N,N,B,-,N,,,,,,,,,,N,2,0,1,2,A,-,11,21954,A,N,G,B,D,A,H,-,A,A,0,Y,,,,Y,,N,60,1,0,0,0,1,0,0,0,0,- ,- ,,,LOS ANGELES,LOS ANGELES,-118.2652422,33.998833240000003
5935825,2012,12/26/13,1941,11/18/12,0157,10246,,7,5,7,1941,0,0,0,,0,,7TH ST,TERMINO AV,0,,Y,B,-,N,,,,,,,,,,N,2,0,1,2,A,-,12,21453,A,F,D,B,B,A,H,-,C,A,0,Y,,,,Y,Y,A,,1,0,0,0,1,0,0,0,0,- ,- ,,,LOS ANGELES,LONG BEACH,-118.1459123,33.775314940000001
5939780,2012,1/11/14,1942,12/11/12,1845,40264,0879,2,5,7,1942,0,0,0,H,0,8A59-W,NATIONAL BL,CARDIFF AV,16,S,N,A,-,N,,,,,,,,,,N,2,0,1,2,A,-,03,22350,,N,G,B,D,A,H,-,C,D,0,Y,,,,Y,,A,01,1,0,0,0,1,0,0,0,0,- ,- ,,,LOS ANGELES,LOS ANGELES,-118.397842,34.031365000000001
5942102,2013,1/23/14,1942,1/21/13,1120,32996,1124,1,5,7,1942,0,0,0,K,0,13TL53,SAN FERNANDO RD,TYBURN ST,10,S,N,A,-,N,,,,,,,,,,N,2,0,1,2,A,-,10,21950,A,N,G,B,B,A,H,-,A,A,0,Y,,,,Y,,A,07,1,0,0,0,1,0,0,0,0,- ,- ,,,LOS ANGELES,LOS ANGELES,-118.25163,34.120564600000002
5946226,2013,1/25/14,1942,1/2/13,1022,30380,1331,3,5,7,1942,0,0,0,M,0,4TL43,S BROADWAY,W ADAMS BL,0,,Y,A,-,N,,,,,,,,,,N,2,0,1,2,A,-,11,21456,B,N,G,B,B,A,H,-,A,A,0,Y,,,,Y,,N,60,1,0,0,0,1,0,0,0,0,- ,- ,,,LOS ANGELES,LOS ANGELES,-118.2697822,34.025324900000001
5946386,2013,7/18/14,1942,1/6/13,1315,38538,0473,7,5,7,1942,0,0,0,D,0,13A75,SOTO,WHITTIER BL,0,,Y,B,-,N,,,,,,,,,,N,1,1,0,2,A,-,10,21950,A,N,G,B,B,A,H,-,A,A,0,Y,,,,Y,,D,22,0,0,0,1,0,0,0,0,0,- ,- ,,,LOS ANGELES,LOS ANGELES,-118.2157023,34.034384899999999
5946389,2013,1/23/14,1942,1/4/13,1735,37133,RD393,5,5,7,1942,0,0,0,,0,3XL32,LEIMERT BL,STOCKER PL,0,,Y,A,-,N,,,,,,,,,,N,2,0,2,3,A,-,10,21950,A,N,G,B,B,A,H,-,C,A,0,Y,,,,Y,,A,01,1,0,1,0,2,0,0,0,0,- ,- ,,,LOS ANGELES,LOS ANGELES,-118.3263723,34.008204900000003