CASE_ID,ACCIDENT_YEAR,PROC_DATE,JURIS,COLLISION_DATE,COLLISION_TIME,OFFICER_ID,REPORTING_DISTRICT,DAY_OF_WEEK,CHP_SHIFT,POPULATION,CNTY_CITY_LOC,SPECIAL_COND,BEAT_TYPE,CHP_BEAT_TYPE,CITY_DIVISION_LAPD,CHP_BEAT_CLASS,BEAT_NUMBER,PRIMARY_RD,SECONDARY_RD,DISTANCE,DIRECTION,INTERSECTION,WEATHER_1,WEATHER_2,STATE_HWY_IND,CALTRANS_COUNTY,CALTRANS_DISTRICT,STATE_ROUTE,ROUTE_SUFFIX,POSTMILE_PREFIX,POSTMILE,LOCATION_TYPE,RAMP_INTERSECTION,SIDE_OF_HWY,TOW_AWAY,COLLISION_SEVERITY,NUMBER_KILLED,NUMBER_INJURED,PARTY_COUNT,PRIMARY_COLL_FACTOR,PCF_CODE_OF_VIOL,PCF_VIOL_CATEGORY,PCF_VIOLATION,PCF_VIOL_SUBSECTION,HIT_AND_RUN,TYPE_OF_COLLISION,MVIW,PED_ACTION,ROAD_SURFACE,ROAD_COND_1,ROAD_COND_2,LIGHTING,CONTROL_DEVICE,CHP_ROAD_TYPE,PEDESTRIAN_ACCIDENT,BICYCLE_ACCIDENT,MOTORCYCLE_ACCIDENT,TRUCK_ACCIDENT,NOT_PRIVATE_PROPERTY,ALCOHOL_INVOLVED,STWD_VEHTYPE_AT_FAULT,CHP_VEHTYPE_AT_FAULT,COUNT_SEVERE_INJ,COUNT_VISIBLE_INJ,COUNT_COMPLAINT_PAIN,COUNT_PED_KILLED,COUNT_PED_INJURED,COUNT_BICYCLIST_KILLED,COUNT_BICYCLIST_INJURED,COUNT_MC_KILLED,COUNT_MC_INJURED,PRIMARY_RAMP,SECONDARY_RAMP,LATITUDE,LONGITUDE,COUNTY,CITY,POINT_X,POINT_Y
6239246,2013,12/10/14,1942,9/23/13,0815,32973,1172,1,5,7,1942,0,0,0,K,0,11TL21,SILVER LAKE BL,FANNING ST,53,W,N,A,-,N,,,,,,,,,,N,1,1,0,2,A,-,11,21954,A,N,G,B,C,A,H,-,A,D,0,Y,,,,Y,,N,60,0,0,0,1,0,0,0,0,0,- ,- ,,,LOS ANGELES,LOS ANGELES,-118.2646166,34.091852799999998
6257110,2013,4/28/14,1942,10/24/13,1800,34561,0919,4,5,7,1942,0,0,0,I,0,9T57W3,WOODMAN AV,SHERMAN WY,7,S,N,A,-,N,,,,,,,,,,N,2,0,1,2,A,-,03,22350,,F,G,B,B,A,H,-,B,A,0,Y,,,,Y,,-,99,1,0,0,0,1,0,0,0,0,- ,- ,,,LOS ANGELES,LOS ANGELES,-118.4312722,34.201155700000001
6262241,2013,7/24/14,1941,10/19/13,1910,6147,,6,5,7,1941,0,0,0,,0,,BELLFLOWER BL,HARCO ST,138,S,N,A,-,N,,,,,,,,,,N,1,1,0,2,A,-,- ,,,N,G,B,E,A,H,-,D,D,0,Y,,,,Y,,N,,0,0,0,1,0,0,0,0,0,- ,- ,,,LOS ANGELES,LONG BEACH,-118.1252821,33.827286399999998
6265243,2013,5/1/14,1942,10/21/13,1835,22801,0649,1,5,7,1942,0,0,0,F,0,6EL1,HOLLYWOOD BL,HOBART BL,9,W,N,A,-,N,,,,,,,,,,N,2,0,1,2,A,-,10,21950,A,N,G,B,B,A,-,-,C,D,0,Y,,,,Y,,A,01,1,0,0,0,1,0,0,0,0,- ,- ,,,LOS ANGELES,LOS ANGELES,-118.3056919,34.101744699999998
6276568,2013,5/12/14,1942,11/16/13,1710,39379,1117,6,5,7,1942,0,0,0,K,0,11A58-,EAGLE ROCK BL,RIDGEVIEW AV,15,S,N,A,-,N,,,,,,,,,,N,2,0,1,2,A,-,- ,,,N,G,B,D,A,H,-,C,A,0,Y,,,,Y,,N,60,1,0,0,0,1,0,0,0,0,- ,- ,,,LOS ANGELES,LOS ANGELES,-118.2166238,34.1309349
6278282,2013,5/27/14,1941,11/7/13,1401,5969,,4,5,7,1941,0,0,0,,0,,MAINE AV,9TH,80,N,N,A,-,Y,,,,,,,,,,N,2,0,1,2,D,-,00,,,N,G,B,D,A,H,-,A,D,0,Y,,,,Y,,-,- ,1,0,0,0,1,0,0,0,0,- ,- ,,,LOS ANGELES,LONG BEACH,-118.2006239,33.7779642
6279208,2013,5/7/14,1942,11/5/13,0825,37146,0333,2,5,7,1942,0,0,0,C,0,3T5,BUCKINGHAM RD,ADAMS BL,0,,Y,A,-,N,,,,,,,,,,N,2,0,1,2,A,-,- ,,,N,G,B,B,A,H,-,A,A,0,Y,,,,Y,,A,01,1,0,0,0,1,0,0,0,0,- ,- ,,,LOS ANGELES,LOS ANGELES,-118.3405322,34.032544899999998
6280339,2013,5/5/14,1942,11/17/13,1815,38477,1637,7,5,7,1942,0,0,0,P,0,15T43,FOOTHILL BL,LEOLANG AV,25,W,N,A,-,N,,,,,,,,,,N,2,0,1,2,A,-,11,21954,A,N,G,B,D,A,H,-,C,A,0,Y,,,,Y,Y,N,60,1,0,0,0,1,0,0,0,0,- ,- ,,,LOS ANGELES,LOS ANGELES,-118.3060548,34.259626400000002
6286319,2013,5/9/14,1941,11/15/13,1813,10170,,5,5,7,1941,0,0,0,,0,,APPIAN WY,RAVENNA DR,10,N,N,A,-,N,,,,,,,,,,Y,2,0,1,2,A,-,11,21954,A,N,G,B,D,A,H,-,D,D,0,Y,,,,Y,,N,,1,0,0,0,1,0,0,0,0,- ,- ,,,LOS ANGELES,LONG BEACH,-118.1214437,33.758515500000001
6286516,2013,4/26/14,1942,10/31/13,2020,30851,2139,4,5,7,1942,0,0,0,,0,17A95,CORBIN AV,VALERIO ST,0,,Y,A,-,N,,,,,,,,,,N,2,0,1,2,A,-,11,21956,A,N,G,B,D,A,H,-,C,A,0,Y,,,,Y,,N,60,1,0,0,0,1,0,0,0,0,- ,- ,,,LOS ANGELES,LOS ANGELES,-118.5622823,34.204764900000001
6290109,2014,12/21/15,1942,2/6/14,1530,37225,1183,4,5,7,1942,0,0,0,K,0,1TL24,GLENDALE BL,BERKELEY AV,111,N,N,C,-,N,,,,,,,,,,Y,1,1,1,2,A,-,03,22350,,N,G,B,F,B,H,-,A,D,0,Y,,,,Y,Y,D,22,0,1,0,1,0,0,0,0,0,- ,- ,,,LOS ANGELES,LOS ANGELES,-118.2600881,34.083854250000002
6290113,2014,3/11/14,1942,2/13/14,2155,40063,1145,4,5,7,1942,0,0,0,K,0,4TL43,RIVERSIDE DR,RIVERSIDE TER,430,N,N,A,-,N,,,,,,,,,,N,1,1,0,3,A,-,11,21954,A,F,G,B,D,A,H,-,C,D,0,Y,,,,Y,,N,60,0,0,0,1,0,0,0,0,0,- ,- ,,,LOS ANGELES,LOS ANGELES,-118.2514012,34.102251950000003
6290433,2014,5/9/14,1942,2/20/14,0525,38591,0515,4,5,7,1942,0,0,0,E,0,5T21,PACIFIC COAST HWY,NEPTUNE AV,91,E,N,A,-,Y,LA,7,1,-,-,10.92,H,-,N,N,1,1,0,2,A,-,11,21956,A,N,G,B,D,A,H,-,C,A,0,Y,,,,Y,,N,60,0,0,0,1,0,0,0,0,0,- ,- ,,,LOS ANGELES,LOS ANGELES,-118.2700612,33.790864329999998
6290476,2014,5/14/14,9590,3/23/14,0605,20169,,7,1,7,1942,0,1,1,,2,061,RT 10,WESTERN AV,55,E,N,A,-,Y,LA,7,10,-,R,13.015,R,2,W,N,1,1,0,2,A,-,11,21954,A,F,G,B,D,A,H,-,B,A,1,Y,,,,Y,,N,60,0,0,0,1,0,0,0,0,0,TO,- ,34.037700000000001,-118.30867,LOS ANGELES,LOS ANGELES,-118.3056176,34.037225159999998
6290505,2014,5/19/14,1942,4/23/14,0040,40696,1831,3,5,7,1942,0,0,0,R,0,18T23,FIGUEROA ST,121ST ST,150,S,N,A,-,N,,,,,,,,,,N,1,1,0,2,A,-,11,21956,,F,G,B,E,A,H,-,C,D,0,Y,,,,Y,,N,60,0,0,0,1,0,0,0,0,0,- ,- ,,,LOS ANGELES,LOS ANGELES,-118.2828498,33.922081640000002
6291142,2013,1/16/15,1942,10/26/13,1925,39359,0257,6,5,7,1942,0,0,0,B,0,2T15,W 6TH ST,VALENCIA ST,0,,Y,-,-,N,,,,,,,,,,N,1,1,0,2,A,-,10,21950,A,F,G,B,B,A,H,-,C,A,0,Y,,,,Y,Y,-,99,0,0,0,1,0,0,0,0,0,- ,- ,,,LOS ANGELES,LOS ANGELES,-118.2673522,34.056224899999997
6291404,2014,1/13/16,1942,9/20/14,2325,40820,1547,6,5,7,1942,0,0,0,O,0,21T61,BURBANK BL,BECK AV,0,,Y,A,-,N,,,,,,,,,,N,1,1,0,3,A,-,10,21950,A,F,G,B,B,A,H,-,C,D,0,Y,,,,Y,Y,A,07,0,0,0,1,0,0,0,0,0,- ,- ,,,LOS ANGELES,LOS ANGELES,-118.38341,34.172150019999997
6291407,2014,10/27/14,1942,9/28/14,0015,39639,1364,7,5,7,1942,0,0,0,M,0,2T15,VERNON AV,HOOPER AV,566,E,N,A,-,N,,,,,,,,,,Y,1,1,0,3,A,-,11,21955,,N,G,B,D,A,H,-,C,D,0,Y,,,,Y,Y,N,60,0,0,0,1,0,0,0,0,0,- ,- ,,,LOS ANGELES,LOS ANGELES,-118.2502762,34.003889999999998
6291595,2014,12/30/15,1942,10/1/14,0605,37505,0488,3,5,7,1942,0,0,0,D,0,4TL43,LORENA ST,OPAL ST,0,,Y,A,-,N,,,,,,,,,,Y,1,1,0,2,A,-,10,21950,A,F,G,B,B,A,H,-,A,A,0,Y,,,,Y,,A,08,0,0,0,1,0,0,0,0,0,- ,- ,,,LOS ANGELES,LOS ANGELES,-118.2043501,34.022370049999999
6291603,2014,12/18/15,1942,10/12/14,0045,40820,0931,7,5,7,1942,0,0,0,I,0,21T61,SEPULVEDA BL,VICTORY BL,257,S,N,A,-,N,,,,,,,,,,Y,1,1,1,4,A,-,01,23152,A,N,G,B,F,A,H,-,C,D,0,Y,,,,Y,Y,A,07,0,1,0,1,0,0,0,0,0,- ,- ,,,LOS ANGELES,LOS ANGELES,-118.4661785,34.185955120000003
6291788,2014,12/29/15,1942,11/21/14,1750,36911,0524,5,5,7,1942,0,0,0,E,0,5TL25,ANAHEIM ST,HAWAIIAN AV,6,W,N,A,-,N,,,,,,,,,,N,1,1,1,3,A,-,01,23152,A,N,G,B,B,A,H,-,C,A,0,Y,,,,Y,Y,A,07,1,0,0,1,1,0,0,0,0,- ,- ,,,LOS ANGELES,LOS ANGELES,-118.2768397,33.779189049999999
6292415,2015,5/9/17,1942,5/1/15,2040,25495,0774,5,5,7,1942,0,0,0,G,0,7T23,WASHINGTON BL,MANSFIELD AV,0,E,N,A,-,N,,,,,,,,,,N,1,1,0,2,A,-,11,21954,A,N,-,B,D,A,H,-,C,D,0,Y,,,,Y,Y,N,60,0,0,0,1,0,0,0,0,0,- ,- ,,,LOS ANGELES,LOS ANGELES,-118.3486201,34.04061007
6292500,2015,4/6/17,9575,6/20/15,0035,20784,,6,3,7,1942,0,1,3,,2,070,RT 118,GLENOAKS BL,151,W,N,A,-,Y,LA,7,118,-,R,13.075,R,2,W,N,1,1,0,2,A,-,11,21954,A,F,G,B,E,A,H,-,D,D,1,Y,,,,Y,Y,N,60,0,0,0,1,0,0,0,0,0,FR,- ,34.280299999999997,-118.4193,LOS ANGELES,LOS ANGELES,-118.4204271,34.279261959999999
6292614,2015,4/6/17,1942,8/5/15,1035,36257,0916,3,5,7,1942,0,0,0,I,0,15TL45,HAZELTINE AV,VANOWEN ST,0,E,N,A,-,N,,,,,,,,,,N,1,1,0,2,A,-,12,21453,A,N,G,B,B,A,H,-,A,A,0,Y,,,,Y,Y,A,01,0,0,0,1,0,0,0,0,0,- ,- ,,,LOS ANGELES,LOS ANGELES,-118.43998,34.193940069999996
6292616,2015,9/10/15,1942,8/8/15,0215,38380,1664,6,5,7,1942,0,0,0,P,0,16T25,GLENOAKS BL,PEORIA ST,482,S,N,A,-,N,,,,,,,,,,Y,1,1,0,3,A,-,06,21750,,N,G,B,E,A,H,-,C,A,0,Y,,,,Y,Y,D,22,0,0,0,1,0,0,0,0,0,- ,- ,,,LOS ANGELES,LOS ANGELES,-118.3766135,34.239446729999997
6292716,2015,10/1/15,1942,9/11/15,0445,37705,0295,5,5,7,1942,0,0,0,B,0,11T25,WASHINGTON BL,BURLINGTON AV,140,W,N,A,-,N,,,,,,,,,,N,1,1,0,2,A,-,11,21954,A,F,G,B,D,A,H,-,C,A,0,Y,,,,Y,,N,60,0,0,0,1,0,0,0,0,0,- ,- ,,,LOS ANGELES,LOS ANGELES,-118.283224,34.039445180000001
6292739,2015,1/27/16,9530,4/10/15,0532,20695,,5,3,7,1941,0,1,1,,2,420,RT 405,SANTA FE AV,72,N,N,A,-,Y,LA,7,405,-,-,8.24,H,-,S,Y,1,1,0,2,A,-,11,21954,A,N,G,B,E,A,H,-,C,D,1,Y,,,,Y,,N,60,0,0,0,1,0,0,0,0,0,- ,- ,33.852060000000002,-118.21921,LOS ANGELES,LONG BEACH,-118.2185195,33.825174130000001
6292882,2017,4/5/19,1942,9/1/17,2111,41396,1675,5,5,7,1942,0,0,0,P,0,16A77,SUNLAND BL,PENROSE ST,515,W,N,B,-,N,,,,,,,,,,N,1,1,0,2,A,-,11,21955,,N,G,B,D,A,H,-,C,D,0,Y,,,,Y,,N,60,0,0,0,1,0,0,0,0,0,- ,- ,,,LOS ANGELES,LOS ANGELES,-118.3670573,34.233770870000001
6292900,2017,4/5/19,1942,9/2/17,0400,41629,1307,6,5,7,1942,0,0,0,M,0,24T31,PRODUCE ROW,CENTRAL AV,190,W,N,A,-,N,,,,,,,,,,N,1,1,0,2,A,-,11,21956,A,N,G,B,E,A,H,-,C,D,0,Y,,,,Y,Y,N,60,0,0,0,1,0,0,0,0,0,- ,- ,,,LOS ANGELES,LOS ANGELES,-118.2440709,34.03335345
6292989,2017,4/5/19,1942,8/23/17,0430,37505,1313,3,5,7,1942,0,0,0,M,0,24TL24,CENTRAL AV,16TH ST,30,S,N,A,-,N,,,,,,,,,,Y,1,1,0,2,A,-,11,21956,A,N,D,B,E,A,H,-,A,A,0,Y,,,Y,Y,,N,60,0,0,0,1,0,0,0,0,0,- ,- ,,,LOS ANGELES,LOS ANGELES,-118.2488465,34.026352520000003
6297756,2013,5/13/14,1942,11/28/13,2055,13081709,0859,4,5,7,1942,0,0,0,H,0,8TL35,LA CIENEGA BL,AIRDROME ST,312,S,N,A,-,N,,,,,,,,,,N,2,0,1,2,A,-,11,21955,,F,G,B,D,A,H,-,C,D,0,Y,,,,Y,,N,60,1,0,0,0,1,0,0,0,0,- ,- ,,,LOS ANGELES,LOS ANGELES,-118.3764031,34.046267800000003
6309143,2013,12/2/14,1942,11/25/13,0900,41312,0622,1,5,7,1942,0,0,0,F,0,6A67,TORREYSON DR,TORREYSON PL,180,W,N,A,-,N,,,,,,,,,,N,2,0,1,2,A,-,11,21954,A,N,G,B,E,A,H,-,A,D,0,Y,,,,Y,,N,60,1,0,0,0,1,0,0,0,0,- ,- ,,,LOS ANGELES,LOS ANGELES,-118.3667972,34.128722199999999
6326523,2013,5/23/14,1942,12/4/13,2200,36336,1636,3,5,7,1942,0,0,0,P,0,16T23,WENTWORTH ST,MARY BELL AV,1017,E,N,A,-,N,,,,,,,,,,N,2,0,2,2,A,-,03,22350,,N,G,B,E,A,H,-,C,D,0,Y,,,,Y,Y,A,01,1,1,0,0,1,0,0,0,0,- ,- ,,,LOS ANGELES,LOS ANGELES,-118.3407783,34.264053799999999
6328670,2013,5/16/14,1942,11/22/13,1735,39237,1323,5,5,7,1942,0,0,0,M,0,13X94,BROADWAY,38TH ST,0,,Y,B,-,Y,,,,,,,,,,,2,0,1,2,A,-,10,21950,A,F,G,B,B,A,H,-,C,D,0,Y,,,,Y,,-,99,1,0,0,0,1,0,0,0,0,- ,- ,,,LOS ANGELES,LOS ANGELES,-118.2770222,34.014114900000003
6339930,2013,5/19/14,1942,12/18/13,2345,38502,1241,3,5,7,1942,0,0,0,L,0,12T41,CRENSHAW BL,60TH ST,320,S,N,A,-,N,,,,,,,,,,N,2,0,1,2,A,-,11,21954,A,F,D,B,D,A,H,-,C,A,0,Y,,,,Y,,N,60,1,0,0,0,1,0,0,0,0,- ,- ,,,LOS ANGELES,LOS ANGELES,-118.3309362,33.984528400000002
6340992,2014,4/23/15,1942,1/2/14,0840,38310,0726,4,5,7,1942,0,0,0,G,0,20TL59,BEVERLY BL,POINSETTIA PL,13,E,N,A,-,N,,,,,,,,,,Y,1,1,1,2,A,-,10,21950,A,N,G,B,B,A,H,-,A,A,0,Y,,,,Y,,A,01,0,0,1,1,0,0,0,0,0,- ,- ,,,LOS ANGELES,LOS ANGELES,-118.3486272,34.076169999999998
6346405,2014,6/4/14,1942,1/20/14,1755,38326,0981,1,5,7,1942,0,0,0,I,0,15TL42,VENTURA BL,SEPULVEDA BL,7,E,N,A,-,N,,,,,,,,,,N,2,0,3,2,A,-,11,21456,A,N,G,B,B,A,H,-,C,A,0,Y,,,,Y,,N,60,1,0,2,0,1,0,0,0,0,- ,- ,,,LOS ANGELES,LOS ANGELES,-118.4661774,34.15382623
6355342,2013,5/21/14,1942,11/19/13,0710,37700,1437,2,5,7,1942,0,0,0,N,0,8TL28,VENICE BL,SEPULVEDA BL,30,E,N,A,-,N,,,,,,,,,,N,2,0,1,2,A,-,11,21954,A,F,G,B,E,A,H,-,A,A,0,Y,,,,Y,,-,99,1,0,0,0,1,0,0,0,0,- ,- ,,,LOS ANGELES,LOS ANGELES,-118.4171784,34.0130184
6368708,2013,5/2/14,1942,11/1/13,1840,39359,0497,5,5,7,1942,0,0,0,D,0,4TL43,EAST OLYMPIC BL,ORME AV,0,,Y,A,-,N,,,,,,,,,,Y,2,0,1,2,A,-,10,21950,A,N,G,B,B,A,A,-,E,A,0,Y,,,,Y,,A,08,1,0,0,0,1,0,0,0,0,- ,- ,,,LOS ANGELES,LOS ANGELES,-118.2177523,34.0233749
6369099,2013,4/24/14,1942,10/25/13,0725,30380,1148,5,5,7,1942,0,0,0,K,0,4TL43,E MONTE VISTA ST,N AVENUE 60,0,,Y,A,-,N,,,,,,,,,,N,2,0,1,2,A,-,10,21950,A,N,G,B,B,A,H,-,A,A,0,Y,,,,Y,,A,07,1,0,0,0,1,0,0,0,0,- ,- ,,,LOS ANGELES,LOS ANGELES,-118.1913922,34.113284899999996
6375028,2014,7/1/14,1942,2/17/14,2045,39062,1325,1,5,7,1942,0,0,0,M,0,1T11,CENTRAL AV,33RD ST,8,N,N,A,-,N,,,,,,,,,,N,2,0,1,2,A,-,10,21950,A,N,G,B,B,A,H,-,C,A,0,Y,,,,Y,,D,22,1,0,0,0,1,0,0,0,0,- ,- ,,,LOS ANGELES,LOS ANGELES,-118.25652,34.013841939999999
6375322,2014,6/10/14,1942,1/25/14,1100,36399,1218,6,5,7,1942,0,0,0,L,0,3TL5,54TH ST,HOOVER ST,150,W,N,A,-,N,,,,,,,,,,N,2,0,1,2,A,-,- ,,,N,G,B,E,A,H,-,A,D,0,Y,,,,Y,Y,N,60,1,0,0,0,1,0,0,0,0,- ,- ,,,LOS ANGELES,LOS ANGELES,-118.2876439,33.993250000000003
6375353,2014,6/9/14,1942,1/22/14,0600,40059,1823,3,5,7,1942,0,0,0,R,0,18T23,CENTURY BL,TOWNE AV,75,W,N,A,-,N,,,,,,,,,,N,2,0,1,2,A,-,11,21955,,F,G,B,D,A,H,-,B,A,0,Y,,,,Y,,N,60,1,0,0,0,1,0,0,0,0,- ,- ,,,LOS ANGELES,LOS ANGELES,-118.2676268,33.945590000000003
6377759,2014,6/9/14,1942,1/22/14,2100,40102,2076,3,5,7,1942,0,0,0,,0,20T59,PICO BL,BERENDO ST,0,,Y,A,-,N,,,,,,,,,,Y,2,0,1,2,A,-,10,21950,A,N,G,B,B,A,H,-,C,A,0,Y,,,,Y,Y,A,01,1,0,0,0,1,0,0,0,0,- ,- ,,,LOS ANGELES,LOS ANGELES,-118.2936901,34.047280120000003
6377766,2014,6/18/14,1942,1/19/14,1315,27820,1822,7,5,7,1942,0,0,0,R,0,12MQ51,93RD ST,BROADWAY,0,,Y,A,-,N,,,,,,,,,,Y,2,0,2,3,A,-,12,22450,A,F,D,C,E,A,H,-,A,A,0,Y,,,,Y,,A,01,1,0,1,0,1,0,0,0,0,- ,- ,,,LOS ANGELES,LOS ANGELES,-118.2784001,33.951890040000002
6381404,2014,6/3/14,1942,1/31/14,1125,39028,1239,5,5,7,1942,0,0,0,L,0,3TL5,HOOVER ST,60TH ST,0,,Y,B,-,N,,,,,,,,,,Y,2,0,4,3,A,-,09,21801,A,N,D,C,F,A,H,-,A,A,0,Y,,,,Y,,D,22,1,2,1,0,1,0,0,0,0,- ,- ,,,LOS ANGELES,LOS ANGELES,-118.2870501,33.985500049999999
6393767,2014,12/30/15,1942,2/3/14,1754,37611,0497,1,5,7,1942,0,0,0,D,0,31TL22,OLYMPIC BL,ORME AV,9,W,N,A,-,N,,,,,,,,,,N,1,1,0,2,A,-,10,21950,A,F,G,B,B,A,H,-,C,A,0,Y,,,,Y,,-,99,0,0,0,1,0,0,0,0,0,- ,- ,,,LOS ANGELES,LOS ANGELES,-118.2177763,34.023391359999998
6404999,2014,6/13/14,1942,2/28/14,0001,36738,1251,5,5,7,1942,0,0,0,L,0,12T41,CRENSHAW BL,74TH ST,40,N,N,C,-,N,,,,,,,,,,N,2,0,1,2,A,-,11,21955,,N,G,B,D,B,H,-,C,D,0,Y,,,,Y,,N,60,1,0,0,0,1,0,0,0,0,- ,- ,,,LOS ANGELES,LOS ANGELES,-118.33086,33.972813000000002
6414117,2014,7/18/14,1941,1/25/14,1534,10557,,6,5,7,1941,0,0,0,,0,,GARDENIA AV,ANAHEIM ST,24,S,N,A,-,N,,,,,,,,,,Y,2,0,1,2,A,-,- ,,,N,G,B,E,A,H,-,A,D,0,Y,,,,Y,,A,,1,0,0,0,1,0,0,0,0,- ,- ,,,LOS ANGELES,LONG BEACH,-118.1687689,33.782544190000003
6418173,2014,10/7/14,1942,3/5/14,2030,39062,1343,3,5,7,1942,0,0,0,M,0,11T21,MARTIN LUTHER KING JR BL,CENTRAL AV,196,W,N,A,-,N,,,,,,,,,,Y,1,1,1,2,A,-,11,21954,A,N,G,B,D,A,H,-,C,D,0,Y,,,,Y,,N,60,0,1,0,1,0,0,0,0,0,- ,- ,,,LOS ANGELES,LOS ANGELES,-118.25651,34.01117
6423089,2014,2/6/16,9580,2/22/14,0210,20353,,6,3,7,1942,0,1,3,,2,171,RT 170,SHERMAN WAY,5,S,N,A,-,Y,LA,7,170,-,R,18.111,R,3,S,N,2,0,1,2,A,-,08,22107,,F,G,B,B,A,H,-,C,A,1,Y,,,,Y,,A,01,1,0,0,0,1,0,0,0,0,FR,- ,34.201079999999997,-118.40406,LOS ANGELES,LOS ANGELES,-118.4032298,34.198894770000003
6432507,2014,4/23/15,1942,3/15/14,0815,33260,0215,6,5,7,1942,0,0,0,B,0,2TL15,TEMPLE ST,OCCIDENTAL BL,3,W,N,A,-,N,,,,,,,,,,N,1,1,0,2,A,-,03,22350,,N,G,B,B,A,H,-,A,A,0,Y,,,,Y,,A,01,0,0,0,1,0,0,0,0,0,- ,- ,,,LOS ANGELES,LOS ANGELES,-118.2775488,34.073693720000001
6438010,2014,3/12/15,1942,2/14/14,1955,40164,0822,5,5,7,1942,0,0,0,H,0,6T7,PACIFIC COAST HWY,TEMESCAL CANYON RD,1770,N,N,A,-,Y,LA,7,1,-,-,38.421,I,5,S,N,1,1,0,2,A,-,10,21950,A,F,G,B,C,A,H,-,C,A,0,Y,,,,Y,Y,-,99,0,0,0,1,0,0,0,0,0,- ,- ,,,LOS ANGELES,LOS ANGELES,-118.5408058,34.038316829999999
6439438,2014,7/1/14,1942,3/13/14,2240,35471,1794,4,5,7,1942,0,0,0,Q,0,10T35,RESEDA BL,CHASE ST,0,,Y,B,-,N,,,,,,,,,,N,2,0,1,2,A,-,11,21106,B,N,G,B,B,A,H,-,C,A,0,Y,,,,Y,,N,60,1,0,0,0,1,0,0,0,0,- ,- ,,,LOS ANGELES,LOS ANGELES,-118.5360901,34.224600080000002
6440272,2014,7/1/14,1942,3/7/14,1740,36600,0399,5,5,7,1942,0,0,0,C,0,3A18,43RD ST,HOOVER,150,W,N,A,-,N,,,,,,,,,,N,2,0,1,2,A,-,11,21954,A,N,G,B,D,A,H,-,A,D,0,Y,,,,Y,,N,60,1,0,0,0,1,0,0,0,0,- ,- ,,,LOS ANGELES,LOS ANGELES,-118.2526238,34.005738819999998
6441751,2014,6/25/14,1942,2/16/14,0120,39282,1233,7,5,7,1942,0,0,0,L,0,5T21,WESTERN AV,60TH ST,110,N,N,A,-,N,,,,,,,,,,N,2,0,1,2,A,-,11,21954,A,F,G,B,D,-,H,-,C,D,0,Y,,,,Y,,N,60,1,0,0,0,1,0,0,0,0,- ,- ,,,LOS ANGELES,LOS ANGELES,-118.308954,33.985536000000003
6459714,2014,7/23/14,1942,5/8/14,0830,39281,1747,4,5,7,1942,0,0,0,Q,0,21TL61,DEVONSHIRE ST,HAYVENHURST AV,188,E,N,A,-,N,,,,,,,,,,N,2,0,1,3,A,-,07,21658,A,N,B,B,E,A,H,-,A,D,0,Y,,,,Y,,A,01,1,0,0,0,1,0,0,0,0,- ,- ,,,LOS ANGELES,LOS ANGELES,-118.4929789,34.257460000000002
6460528,2014,7/9/14,1942,4/17/14,1750,38694,0397,4,5,7,1942,0,0,0,C,0,3T5,VERNON AV,MENLO AV,0,,Y,A,-,N,,,,,,,,,,Y,2,0,1,3,A,-,09,21801,,N,D,C,F,A,H,-,A,A,0,Y,,,,Y,,A,08,1,0,0,0,1,0,0,0,0,- ,- ,,,LOS ANGELES,LOS ANGELES,-118.2900301,34.003690110000001
6475905,2014,7/24/14,1942,4/25/14,2000,38694,0551,5,5,7,1942,0,0,0,E,0,3T5,1ST ST,PATTON AV,0,,Y,B,-,N,,,,,,,,,,N,2,0,1,2,A,-,10,21950,A,N,G,B,B,A,H,-,C,D,0,Y,,,,Y,,A,01,1,0,0,0,1,0,0,0,0,- ,- ,,,LOS ANGELES,LOS ANGELES,-118.30648,33.743360060000001
6476821,2014,7/5/14,1942,3/22/14,2255,39971,1061,6,5,7,1942,0,0,0,J,0,9T55,VENTURA BL,SHIRLEY AV,22,E,N,A,-,N,,,,,,,,,,N,2,0,1,2,A,-,11,21456,B,N,G,B,B,A,H,-,C,A,0,Y,,,,Y,,N,60,1,0,0,0,1,0,0,0,0,- ,- ,,,LOS ANGELES,LOS ANGELES,-118.5577674,34.172767929999999
6480011,2014,7/11/14,1942,4/18/14,0140,40164,805,5,5,7,1942,0,0,0,,0,14T47,SEPULVEDA BL,BELAIR CREST,3579,S,N,B,-,N,,,,,,,,,,N,2,0,1,2,A,-,11,21954,A,N,G,B,E,A,H,-,C,D,0,Y,,,Y,Y,,N,60,1,0,0,0,1,0,0,0,0,- ,- ,,,LOS ANGELES,LOS ANGELES,-118.47797,34.101541859999998
6480264,2014,7/30/14,1942,4/24/14,1230,39192,0948,4,5,7,1942,0,0,0,I,0,10TL36,CHANDLER BL,VENTURA CANYON AV,80,W,N,A,-,N,,,,,,,,,,N,2,0,3,7,A,-,08,22107,,N,B,B,E,A,H,-,A,D,0,Y,,,,Y,,A,01,1,2,0,0,3,0,0,0,0,- ,- ,,,LOS ANGELES,LOS ANGELES,-118.429414,34.168177389999997