CASE_ID,ACCIDENT_YEAR,PROC_DATE,JURIS,COLLISION_DATE,COLLISION_TIME,OFFICER_ID,REPORTING_DISTRICT,DAY_OF_WEEK,CHP_SHIFT,POPULATION,CNTY_CITY_LOC,SPECIAL_COND,BEAT_TYPE,CHP_BEAT_TYPE,CITY_DIVISION_LAPD,CHP_BEAT_CLASS,BEAT_NUMBER,PRIMARY_RD,SECONDARY_RD,DISTANCE,DIRECTION,INTERSECTION,WEATHER_1,WEATHER_2,STATE_HWY_IND,CALTRANS_COUNTY,CALTRANS_DISTRICT,STATE_ROUTE,ROUTE_SUFFIX,POSTMILE_PREFIX,POSTMILE,LOCATION_TYPE,RAMP_INTERSECTION,SIDE_OF_HWY,TOW_AWAY,COLLISION_SEVERITY,NUMBER_KILLED,NUMBER_INJURED,PARTY_COUNT,PRIMARY_COLL_FACTOR,PCF_CODE_OF_VIOL,PCF_VIOL_CATEGORY,PCF_VIOLATION,PCF_VIOL_SUBSECTION,HIT_AND_RUN,TYPE_OF_COLLISION,MVIW,PED_ACTION,ROAD_SURFACE,ROAD_COND_1,ROAD_COND_2,LIGHTING,CONTROL_DEVICE,CHP_ROAD_TYPE,PEDESTRIAN_ACCIDENT,BICYCLE_ACCIDENT,MOTORCYCLE_ACCIDENT,TRUCK_ACCIDENT,NOT_PRIVATE_PROPERTY,ALCOHOL_INVOLVED,STWD_VEHTYPE_AT_FAULT,CHP_VEHTYPE_AT_FAULT,COUNT_SEVERE_INJ,COUNT_VISIBLE_INJ,COUNT_COMPLAINT_PAIN,COUNT_PED_KILLED,COUNT_PED_INJURED,COUNT_BICYCLIST_KILLED,COUNT_BICYCLIST_INJURED,COUNT_MC_KILLED,COUNT_MC_INJURED,PRIMARY_RAMP,SECONDARY_RAMP,LATITUDE,LONGITUDE,COUNTY,CITY,POINT_X,POINT_Y
6726459,2014,1/15/15,1942,11/8/14,2220,39764,2038,6,5,7,1942,0,0,0,,0,6T7,VERMONT AV,WILSHIRE AV,60,N,N,A,-,N,,,,,,,,,,N,2,0,1,3,A,-,11,21956,A,F,B,B,D,A,H,-,C,A,0,Y,,,,Y,Y,N,60,1,0,0,0,1,0,0,0,0,- ,- ,,,LOS ANGELES,LOS ANGELES,-118.2916753,34.061964510000003
6734735,2014,12/12/14,1942,10/1/14,2255,41297,0825,3,5,7,1942,0,0,0,H,0,8A1W3,SUNSET BL,CANYON VIEW DR,11,W,N,A,-,N,,,,,,,,,,N,2,0,1,2,A,-,11,21954,A,N,G,B,D,A,H,-,D,D,0,Y,,,,Y,,N,60,1,0,0,0,1,0,0,0,0,- ,- ,,,LOS ANGELES,LOS ANGELES,-118.4848362,34.05719165
6735844,2014,1/23/15,1942,11/4/14,2005,39764,2062,2,5,7,1942,0,0,0,,0,8T35,OLYMPIC BL,GRAMERCY DR,68,W,N,A,-,N,,,,,,,,,,Y,2,0,1,2,A,-,11,21955,,N,G,B,D,A,H,-,C,A,0,Y,,,,Y,,N,60,1,0,0,0,1,0,0,0,0,- ,- ,,,LOS ANGELES,LOS ANGELES,-118.3124139,34.052642540000001
6738127,2014,2/9/15,1942,12/3/14,1725,39291,0328,3,5,7,1942,0,0,0,C,0,18T39,28TH ST,UNIVERSITY AV,0,,Y,C,-,N,,,,,,,,,,N,2,0,1,2,A,-,- ,,,N,G,B,B,B,H,-,C,A,0,Y,,,,Y,,N,60,1,0,0,0,1,0,0,0,0,- ,- ,,,LOS ANGELES,LOS ANGELES,-118.28108,34.027760110000003
6741990,2014,1/16/15,1942,11/26/14,1920,36599,1687,3,5,7,1942,0,0,0,P,0,15T43,VINELAND AV,STRATHERN ST,56,S,N,A,-,N,,,,,,,,,,N,2,0,1,2,A,-,11,21954,A,N,G,B,D,A,H,-,C,A,0,Y,,,,Y,,N,60,1,0,0,0,1,0,0,0,0,- ,- ,,,LOS ANGELES,LOS ANGELES,-118.3703469,34.215566430000003
6748928,2014,2/3/15,1942,12/9/14,1430,39889,1346,2,5,7,1942,0,0,0,M,0,1T24,VERNON AV,HOOPER AV,362,W,N,A,-,N,,,,,,,,,,N,2,0,1,2,A,-,11,21954,A,N,G,B,D,A,H,-,A,A,0,Y,,,,Y,,N,60,1,0,0,0,1,0,0,0,0,- ,- ,,,LOS ANGELES,LOS ANGELES,-118.2533319,34.003898890000002
6755814,2014,2/4/15,1942,12/28/14,1525,37700,0646,7,5,7,1942,0,0,0,F,0,20T58,SUNSET BL,LAS PALMAS AV,0,E,N,A,-,N,,,,,,,,,,Y,2,0,1,2,A,-,10,21950,A,F,G,B,B,A,H,-,A,A,0,Y,,,,Y,,A,01,1,0,0,0,1,0,0,0,0,- ,- ,,,LOS ANGELES,LOS ANGELES,-118.3365901,34.097970009999997
6758977,2014,1/26/15,1942,11/21/14,2000,39281,1723,5,5,7,1942,0,0,0,Q,0,9T57,DEVONSHIRE ST,OKLAHOMA AV,8,E,N,A,-,N,,,,,,,,,,Y,2,0,1,2,A,-,10,21950,A,N,G,B,B,A,H,-,C,D,0,Y,,,,Y,,A,01,1,0,0,0,1,0,0,0,0,- ,- ,,,LOS ANGELES,LOS ANGELES,-118.5863536,34.257259390000002
6785411,2015,2/19/15,1942,1/12/15,2325,33260,1326,1,5,7,1942,0,0,0,M,0,2T15,HOOPER AV,28TH ST,108,N,N,A,-,N,,,,,,,,,,N,2,0,1,2,A,-,11,21953,,N,G,B,D,A,H,-,C,D,0,Y,,,,Y,,N,60,1,0,0,0,1,0,0,0,0,- ,- ,,,LOS ANGELES,LOS ANGELES,-118.2513525,34.015255379999999
6786793,2014,2/12/15,1942,12/26/14,0800,38118,0835,5,5,7,1942,0,0,0,H,0,14T49-,OLYMPIC BL,VETERAN AV,15,E,N,A,-,N,,,,,,,,,,N,2,0,1,2,D,-,00,,,N,G,B,B,A,H,-,A,A,0,Y,,,,Y,,-,- ,1,0,0,0,1,0,0,0,0,- ,- ,,,LOS ANGELES,LOS ANGELES,-118.4344201,34.042304280000003
6787273,2015,2/19/15,1942,1/5/15,2050,40705,0521,1,5,7,1942,0,0,0,E,0,3T5,GAFFEY ST,BATTERY ST,115,S,N,A,-,N,,,,,,,,,,N,2,0,2,2,A,-,11,21954,A,N,G,B,D,A,H,-,C,A,0,Y,,Y,,Y,,N,60,1,0,1,0,1,0,0,0,1,- ,- ,,,LOS ANGELES,LOS ANGELES,-118.29227,33.754424729999997
6789565,2015,2/17/15,1942,1/7/15,0745,37952,0231,3,5,7,1942,0,0,0,B,0,1TL24,BEVERLY BL,ROBINSON ST,115,E,N,A,-,N,,,,,,,,,,N,2,0,2,3,A,-,11,21956,A,F,G,B,D,A,H,-,A,D,0,Y,,,,Y,,N,60,2,0,0,0,2,0,0,0,0,- ,- ,,,LOS ANGELES,LOS ANGELES,-118.2837141,34.072473950000003
6792645,2015,3/2/15,1941,1/8/15,1750,10571,,4,5,7,1941,0,0,0,,0,901T,BROADWAY,W JUNIPERO,22,E,N,A,-,N,,,,,,,,,,Y,2,0,1,3,A,-,08,22107,,N,B,B,F,A,H,-,E,A,0,Y,,,,Y,,A,,1,0,0,0,1,0,0,0,0,- ,- ,,,LOS ANGELES,LONG BEACH,-118.16574,33.76691512
6795762,2015,2/19/15,1942,1/18/15,1945,39876,1341,7,5,7,1942,0,0,0,M,0,2T15,BROADWAY,35TH ST,12,N,N,A,-,N,,,,,,,,,,N,2,0,1,2,A,-,10,21950,A,F,G,B,B,A,H,-,C,D,0,Y,,,,Y,,-,99,1,0,0,0,1,0,0,0,0,- ,- ,,,LOS ANGELES,LOS ANGELES,-118.274598,34.017892000000003
6799347,2015,2/19/15,1942,1/20/15,1800,39889,0205,2,5,7,1942,0,0,0,B,0,1TL24,W SUNSET BL,W OCCIDENTAL BL,25,E,N,A,-,N,,,,,,,,,,N,2,0,1,2,A,-,11,21954,A,N,G,B,D,A,H,-,-,A,0,Y,,,,Y,Y,N,60,1,0,0,0,1,0,0,0,0,- ,- ,,,LOS ANGELES,LOS ANGELES,-118.2720177,34.081995139999997
6799976,2015,3/2/15,1942,1/19/15,1830,41422,1822,1,5,7,1942,0,0,0,R,0,18A18,FIGUEROA AV,101ST ST,35,N,N,A,-,N,,,,,,,,,,N,2,0,1,2,A,-,11,21956,A,N,G,B,D,A,H,-,C,D,0,Y,,,,Y,,N,60,1,0,0,0,1,0,0,0,0,- ,- ,,,LOS ANGELES,LOS ANGELES,-118.28264,33.944725990000002
6802960,2014,2/11/15,1942,12/21/14,0100,40044,2054,7,5,7,1942,0,0,0,,0,20A1,S HARVARD BL,SAN MARINO ST,200,S,N,A,-,N,,,,,,,,,,N,2,0,1,2,D,-,00,,,F,G,B,E,A,H,-,C,D,0,Y,,,,Y,Y,-,- ,1,0,0,0,1,0,0,0,0,- ,- ,,,LOS ANGELES,LOS ANGELES,-118.3041629,34.05394149
6809758,2015,3/4/15,1942,1/25/15,0200,40700,0565,7,5,7,1942,0,0,0,E,0,5T21,GAFFEY ST,9TH ST,0,,Y,A,-,N,,,,,,,,,,Y,2,0,1,2,A,-,11,21950,B,N,G,B,D,A,H,-,C,A,0,Y,,,,Y,Y,N,60,1,0,0,0,1,0,0,0,0,- ,- ,,,LOS ANGELES,LOS ANGELES,-118.29236,33.736050069999997
6816417,2015,9/17/15,1942,2/5/15,0845,32896,0784,4,5,7,1942,0,0,0,G,0,6TL7,WASHINGTON BL,ALSACE AV,16,E,N,A,-,N,,,,,,,,,,N,1,1,0,2,A,-,10,21950,A,N,G,B,B,A,H,-,A,A,0,Y,,,,Y,,A,01,0,0,0,1,0,0,0,0,0,- ,- ,,,LOS ANGELES,LOS ANGELES,-118.3517079,34.041063479999998
6823346,2015,3/6/15,1942,2/7/15,2040,36926,1456,6,5,7,1942,0,0,0,N,0,14A46,COURTLEIGH AV,KENSINGTON BL,693,E,N,B,-,N,,,,,,,,,,N,2,0,1,2,A,-,11,21954,A,N,G,B,E,A,H,-,D,D,0,Y,,,,Y,,N,60,1,0,0,0,1,0,0,0,0,- ,- ,,,LOS ANGELES,LOS ANGELES,-118.4174698,33.998962179999999
6823522,2015,3/10/15,1942,2/14/15,1605,32565,2005,6,5,7,1942,0,0,0,,0,20TL58,NORMANDIE AV,OAKWOOD AV,6,S,N,A,-,N,,,,,,,,,,Y,2,0,1,2,A,-,10,21950,A,N,G,B,B,A,H,-,A,A,0,Y,,,,Y,,A,01,1,0,0,0,1,0,0,0,0,- ,- ,,,LOS ANGELES,LOS ANGELES,-118.30043,34.077623539999998
6824369,2015,3/16/15,1942,2/11/15,0530,39184,1163,3,5,7,1942,0,0,0,K,0,11T32,VERMONT AV,VERMONT PL,0,,Y,A,-,N,,,,,,,,,,N,2,0,1,2,A,-,11,21955,,N,G,B,D,A,H,-,C,A,0,Y,,,,Y,,N,60,1,0,0,0,1,0,0,0,0,- ,- ,,,LOS ANGELES,LOS ANGELES,-118.29176,34.092420050000001
6833728,2015,3/16/15,1942,2/6/15,0900,41239,2136,5,5,7,1942,0,0,0,,0,10TL39,TOPANGA CANYON BL,VALERIO ST,0,,Y,A,-,N,,,,,,,,,,N,2,0,1,2,A,-,10,21950,A,N,G,B,B,A,H,-,A,A,0,Y,,,,Y,,A,07,1,0,0,0,1,0,0,0,0,- ,- ,,,LOS ANGELES,LOS ANGELES,-118.6059601,34.204650049999998
6836629,2015,3/16/15,1942,2/11/15,1305,41751,0361,3,5,7,1942,0,0,0,C,0,3A41,STEVELY,AUGUST ST,0,,Y,A,-,N,,,,,,,,,,N,2,0,1,2,A,-,10,21950,A,F,G,B,B,A,H,-,A,A,0,Y,,,,Y,,-,99,1,0,0,0,1,0,0,0,0,- ,- ,,,LOS ANGELES,LOS ANGELES,-118.3536401,34.017280100000001
6840237,2015,3/19/15,1942,2/19/15,1805,34458,0463,4,5,7,1942,0,0,0,D,0,4TL4,SAINT LOUIS ST,CESAR E CHAVEZ AV,48,N,N,A,-,N,,,,,,,,,,Y,2,0,2,4,A,-,05,21650,,N,B,B,F,A,H,-,E,D,0,Y,,,,Y,Y,A,07,1,1,0,0,2,0,0,0,0,- ,- ,,,LOS ANGELES,LOS ANGELES,-118.2114359,34.048596269999997
6840532,2015,9/2/15,1942,2/22/15,0015,31387,1493,7,5,7,1942,0,0,0,N,0,6T7,VISTA DEL MAR,IPSWICH ST,0,,Y,A,-,N,,,,,,,,,,Y,1,1,1,3,A,-,11,21954,A,N,G,B,D,A,H,-,D,D,0,Y,,,,Y,,N,60,0,1,0,1,1,0,0,0,0,- ,- ,,,LOS ANGELES,LOS ANGELES,-118.437866,33.936624000000002
6843370,2015,3/30/15,1942,2/26/15,1200,36754,0358,4,5,7,1942,0,0,0,C,0,3T5,JEFFERSON BL,MCCLINTOCK AV,14,W,N,A,-,N,,,,,,,,,,Y,2,0,5,5,C,-,18,,,N,G,B,B,A,H,-,A,A,0,Y,,,,Y,,-,- ,1,2,2,0,4,0,0,0,0,- ,- ,,,LOS ANGELES,LOS ANGELES,-118.2871507,34.025067999999997
6849192,2015,3/26/15,1942,3/8/15,2035,36571,1804,7,5,7,1942,0,0,0,R,0,5T21,87TH PL,WADSWORTH AV,76,E,N,A,-,N,,,,,,,,,,N,2,0,1,2,C,-,18,,,F,G,B,E,A,H,-,C,D,0,Y,,,,Y,,-,- ,1,0,0,0,1,0,0,0,0,- ,- ,,,LOS ANGELES,LOS ANGELES,-118.2583899,33.958358490000002
6854078,2015,3/23/15,1942,2/26/15,0205,38857,1761,4,5,7,1942,0,0,0,Q,0,17T17,PLUMMER ST,CANOGA AV,362,W,N,A,-,N,,,,,,,,,,Y,1,2,1,5,A,-,03,22350,,N,E,B,F,A,H,-,C,D,0,Y,,,,Y,,A,01,0,0,1,2,1,0,0,0,0,- ,- ,,,LOS ANGELES,LOS ANGELES,-118.5988155,34.242730000000002
6854081,2015,4/25/17,1942,2/27/15,2020,39194,1505,5,5,7,1942,0,0,0,O,0,19T73,SATICOY ST,LEMP AV,0,,Y,A,-,N,,,,,,,,,,N,1,1,0,2,A,-,10,21950,A,F,G,B,B,A,H,-,C,D,0,Y,,,,Y,,-,99,0,0,0,1,0,0,0,0,0,- ,- ,,,LOS ANGELES,LOS ANGELES,-118.3844801,34.208470030000001
6854287,2014,12/31/15,1942,7/28/14,0639,34959,2015,1,5,7,1942,0,0,0,,0,20TL55,BEVERLY BL,NORMANDIE AV,0,,Y,A,-,N,,,,,,,,,,Y,1,1,2,6,A,-,12,21453,A,F,D,C,F,A,H,-,A,A,0,Y,,,,Y,,D,22,2,0,0,1,2,0,0,0,0,- ,- ,,,LOS ANGELES,LOS ANGELES,-118.3004101,34.076290100000001
6854360,2014,4/27/15,1942,1/25/14,1850,31652,2189,6,5,7,1942,0,0,0,,0,19T73,VENTURA BL,OAKDALE AV,14,E,N,A,-,N,,,,,,,,,,N,1,1,0,2,A,-,10,21950,A,N,G,B,B,-,-,-,-,A,0,Y,,,,Y,,A,07,0,0,0,1,0,0,0,0,0,- ,- ,,,LOS ANGELES,LOS ANGELES,-118.565864,34.172273609999998
6854430,2014,1/12/16,1941,9/13/14,0013,10165,,6,5,7,1941,0,0,0,,0,,SPRING ST,KAREN AV,4,W,N,A,-,N,,,,,,,,,,N,1,1,0,2,A,-,11,21954,A,F,G,B,D,A,H,-,C,D,0,Y,,,,Y,Y,-,,0,0,0,1,0,0,0,0,0,- ,- ,,,LOS ANGELES,LONG BEACH,-118.0955931,33.810589999999998
6854770,2015,3/28/17,1942,6/25/15,1810,38380,0649,4,5,7,1942,0,0,0,F,0,6TL7,HOLLYWOOD BL,KINGSLEY DR,0,,Y,A,-,N,,,,,,,,,,Y,1,1,0,2,A,-,10,21950,C,N,G,B,B,A,H,-,A,A,0,Y,,,,Y,Y,A,01,0,0,0,1,0,0,0,0,0,- ,- ,,,LOS ANGELES,LOS ANGELES,-118.3035201,34.101750010000003
6854788,2015,7/23/15,1942,7/6/15,0525,36607,397,1,5,7,1942,0,0,0,,0,3TL5,MARTIN LUTHER KING BL,BUDLONG AV,105,E,N,A,-,N,,,,,,,,,,Y,1,1,0,2,A,-,11,21954,A,N,G,B,D,A,H,-,C,D,0,Y,,,,Y,,N,60,0,0,0,1,0,0,0,0,0,- ,- ,,,LOS ANGELES,LOS ANGELES,-118.2955542,34.010869999999997
6858837,2015,3/26/15,1942,3/3/15,1955,34959,2044,2,5,7,1942,0,0,0,,0,20TL59,NORMANDIE AV,JAMES M WOOD BL,190,N,N,A,-,N,,,,,,,,,,Y,2,0,1,2,A,-,11,21954,A,N,G,B,D,A,H,-,C,D,0,Y,,,,Y,,N,60,1,0,0,0,1,0,0,0,0,- ,- ,,,LOS ANGELES,LOS ANGELES,-118.299816,34.056412999999999
6870621,2015,4/13/15,1942,3/19/15,0910,40101,1512,4,5,7,1942,0,0,0,O,0,15A3,SHERMAN AV,BELLAIRE AV,0,,Y,A,-,N,,,,,,,,,,N,2,0,1,2,A,-,11,21456,B,N,G,B,B,A,H,-,A,A,0,Y,,,,Y,,N,60,1,0,0,0,1,0,0,0,0,- ,- ,,,LOS ANGELES,LOS ANGELES,-118.4094301,34.201200120000003
6878832,2015,4/17/15,1942,3/31/15,1100,37774,0901,2,5,7,1942,0,0,0,I,0,19TL77,SATICOY ST,SEPULVEDA BL,69,W,N,A,-,N,,,,,,,,,,Y,2,0,1,2,A,-,03,22350,,N,G,B,F,A,H,-,A,D,0,Y,,,,Y,,A,01,1,0,0,0,1,0,0,0,0,- ,- ,,,LOS ANGELES,LOS ANGELES,-118.4664377,34.208454850000003
6881532,2015,4/28/15,1942,3/17/15,1810,40697,1241,2,5,7,1942,0,0,0,L,0,5T25,10TH AV,HYPE PARK,253,W,N,A,-,N,,,,,,,,,,N,2,0,1,2,A,-,11,21956,A,F,G,B,E,A,H,-,A,D,0,Y,,,,Y,,N,60,1,0,0,0,1,0,0,0,0,- ,- ,,,LOS ANGELES,LOS ANGELES,-118.32793,33.980640000000001
6888780,2015,5/4/15,1942,2/12/15,1210,30734,2139,4,5,7,1942,0,0,0,,0,21A97,WINNETKA AV,RUNNYMEDE,119,S,N,A,-,N,,,,,,,,,,N,2,0,1,2,A,-,03,22350,A,F,H,B,F,A,H,-,A,D,0,Y,Y,,,Y,,L,04,1,0,0,0,1,0,0,0,0,- ,- ,,,LOS ANGELES,LOS ANGELES,-118.57099,34.205603549999999
6891460,2015,5/13/15,1942,4/12/15,1710,38357,1346,7,5,7,1942,0,0,0,M,0,1T11,43RD PL,CENTRAL AV,428,E,N,A,-,N,,,,,,,,,,Y,2,0,1,3,A,-,01,23152,A,F,G,B,E,A,H,-,A,D,0,Y,,,,Y,Y,A,01,1,0,0,0,1,0,0,0,0,- ,- ,,,LOS ANGELES,LOS ANGELES,-118.2550807,34.004827429999999
6891532,2015,5/18/15,1942,4/19/15,1823,41089,0649,7,5,7,1942,0,0,0,F,0,6T11,HOLLYWOOD BL,WINONA BL,0,,Y,A,-,N,,,,,,,,,,Y,2,0,1,2,A,-,06,21951,,F,G,B,B,A,H,-,A,A,0,Y,,,,Y,,A,01,1,0,0,0,1,0,0,0,0,- ,- ,,,LOS ANGELES,LOS ANGELES,-118.30219,34.101750019999997
6898662,2015,4/7/16,1942,4/4/15,0110,36754,0562,6,5,7,1942,0,0,0,E,0,18T23,CENTRE ST,7TH ST,18,S,N,A,-,N,,,,,,,,,,N,2,0,1,2,A,-,10,21950,A,F,G,B,B,A,H,-,D,A,0,Y,,,,Y,,A,07,1,0,0,0,1,0,0,0,0,- ,- ,,,LOS ANGELES,LOS ANGELES,-118.2835151,33.737830819999999
6904952,2015,5/15/15,1942,3/10/15,2100,35925,0308,2,5,7,1942,0,0,0,C,0,12T41,23RD ST,PORTLAND ST,0,,Y,A,-,N,,,,,,,,,,N,1,1,0,2,A,-,10,21950,A,F,A,B,B,A,H,-,C,D,0,Y,,,,Y,,-,99,0,0,0,1,0,0,0,0,0,- ,- ,,,LOS ANGELES,LOS ANGELES,-118.2810001,34.033870039999996
6905729,2015,4/4/17,1942,4/7/15,2150,39703,2175,2,5,7,1942,0,0,0,,0,16T25,VENTURA BL,DEL VALLE ST,219,W,N,B,-,N,,,,,,,,,,N,1,1,0,2,A,-,11,21954,A,N,G,B,D,A,H,-,C,A,0,Y,,,,Y,Y,N,60,0,0,0,1,0,0,0,0,0,- ,- ,,,LOS ANGELES,LOS ANGELES,-118.6159821,34.168339029999999
6905737,2015,5/15/15,1942,4/27/15,0540,33504,1633,1,5,7,1942,0,0,0,P,0,16T23,TERRA BELLA ST,HUNNEWELL AV,293,W,N,A,-,N,,,,,,,,,,Y,1,1,0,2,A,-,11,21954,,N,G,B,D,A,H,-,B,D,0,Y,,,,Y,,N,60,0,0,0,1,0,0,0,0,0,- ,- ,,,LOS ANGELES,LOS ANGELES,-118.3936686,34.276250879999999
6905840,2015,5/15/15,1942,4/14/15,2110,36752,0336,2,5,7,1942,0,0,0,C,0,18T23,27TH ST,SAINT ANDREWS PL,116,E,N,A,-,N,,,,,,,,,,Y,1,1,0,2,A,-,21,22106,,F,G,B,E,A,H,-,C,D,0,Y,,,,Y,,A,07,0,0,0,1,0,0,0,0,0,- ,- ,,,LOS ANGELES,LOS ANGELES,-118.3116879,34.030858100000003
6907899,2015,5/13/15,1942,3/7/15,1740,36083,0822,6,5,7,1942,0,0,0,H,0,7TL38,NORTHFIELD ST,MUSKINGUM AV,173,W,N,A,-,N,,,,,,,,,,N,2,0,2,2,A,-,11,21954,A,N,G,B,D,A,H,-,B,D,0,Y,Y,,,Y,,N,60,2,0,0,0,1,0,1,0,0,- ,- ,,,LOS ANGELES,LOS ANGELES,-118.5372699,34.047630439999999
6921436,2015,6/25/15,1941,5/1/15,2130,6228,,5,5,7,1941,0,0,0,,0,,ANAHEIM ST,OLIVE AV,50,E,N,A,-,N,,,,,,,,,,Y,2,0,1,2,A,-,- ,,,F,G,B,D,A,H,-,C,D,0,Y,,,,Y,Y,-,- ,1,0,0,0,1,0,0,0,0,- ,- ,,,LOS ANGELES,LONG BEACH,-118.1826958,33.782609999999998
6923958,2015,6/2/15,1942,3/20/15,2125,25115,1353,5,5,7,1942,0,0,0,M,0,11T21,VERNON AV,CENTRAL AV,0,,Y,A,-,N,,,,,,,,,,Y,2,0,2,3,A,-,09,21801,A,N,D,C,-,A,H,-,C,D,0,Y,,,,Y,,A,01,1,0,1,0,1,0,0,0,0,- ,- ,,,LOS ANGELES,LOS ANGELES,-118.25649,34.003930009999998
6926424,2015,5/26/15,1942,4/23/15,1630,25115,1361,4,5,7,1942,0,0,0,M,0,11T21,VERNON AV,BROADWAY,500,E,N,A,-,N,,,,,,,,,,N,2,0,1,2,A,-,11,21954,,N,G,B,E,A,H,-,A,D,0,Y,,,,Y,,N,60,1,0,0,0,1,0,0,0,0,- ,- ,,,LOS ANGELES,LOS ANGELES,-118.2767236,34.003810000000001
6928941,2015,6/9/15,1941,5/2/15,1032,10002,,6,5,7,1941,0,0,0,,0,,BROADWAY,MAGNOLIA AV,8,W,N,A,-,N,,,,,,,,,,N,2,0,1,2,A,-,08,22101,D,N,D,B,B,A,H,-,A,A,0,Y,,,,Y,,A,,1,0,0,0,1,0,0,0,0,- ,- ,,,LOS ANGELES,LONG BEACH,-118.1980563,33.769289999999998
6933897,2015,6/9/15,1941,5/1/15,1859,10055,,5,5,7,1941,0,0,0,,0,,12TH ST,PACIFIC AV,0,,Y,A,-,N,,,,,,,,,,Y,2,0,1,2,A,-,10,21950,A,N,G,B,B,A,H,-,B,A,0,Y,,,,Y,,A,,1,0,0,0,1,0,0,0,0,- ,- ,,,LOS ANGELES,LONG BEACH,-118.1937301,33.78144005
6935152,2015,7/15/15,1942,6/25/15,2125,38707,1243,4,5,7,1942,0,0,0,L,0,12T41,GAGE AV,VAN NESS AV,0,,Y,A,-,N,,,,,,,,,,N,2,0,1,2,A,-,10,21950,A,N,G,B,B,A,H,-,C,A,0,Y,,,,Y,,A,01,1,0,0,0,1,0,0,0,0,- ,- ,,,LOS ANGELES,LOS ANGELES,-118.3177101,33.981840009999999
6942191,2015,6/29/15,1942,5/10/15,1800,37146,0376,7,5,7,1942,0,0,0,C,0,3T5,38TH ST,NORMANDIE AV,285,W,N,A,-,N,,,,,,,,,,N,2,0,1,2,A,-,11,21954,A,N,G,B,D,A,H,-,A,D,0,Y,,,,Y,,N,60,1,0,0,0,1,0,0,0,0,- ,- ,,,LOS ANGELES,LOS ANGELES,-118.3011186,34.017336489999998
6943656,2015,6/27/15,1942,5/31/15,0700,40700,0376,7,5,7,1942,0,0,0,C,0,18T23,NORMANDIE AV,MLK,140,N,N,B,-,N,,,,,,,,,,N,2,0,1,2,A,-,11,21954,A,N,G,B,D,A,H,-,A,D,0,Y,,,,Y,,N,60,1,0,0,0,1,0,0,0,0,- ,- ,,,LOS ANGELES,LOS ANGELES,-118.30018,34.011253959999998
6948730,2015,11/5/16,1942,5/26/15,1500,41446,1684,2,5,7,1942,0,0,0,P,0,16A81,LANKERSHIM BL,RT 5,12,S,N,A,-,Y,LA,7,5,-,-,35.138,R,4,S,N,2,0,1,2,A,-,10,21950,A,N,G,B,B,A,H,-,A,A,0,Y,,,Y,Y,,G,25,1,0,0,0,1,0,0,0,0,- ,- ,,,LOS ANGELES,LOS ANGELES,-118.3901986,34.227392989999998
6950696,2015,6/23/15,1942,5/30/15,0200,25495,0851,6,5,7,1942,0,0,0,H,0,7T23,OHIO AV,WELLESLEY AV,0,,Y,A,-,N,,,,,,,,,,N,2,0,1,2,A,-,11,21954,A,N,G,B,D,A,H,-,C,A,0,Y,,,,Y,,N,60,1,0,0,0,1,0,0,0,0,- ,- ,,,LOS ANGELES,LOS ANGELES,-118.4645101,34.038750030000003
6953214,2015,6/23/15,1942,5/27/15,1630,35895,1381,3,5,7,1942,0,0,0,M,0,,SLAUSON AV,OLIVE ST,100,W,N,A,-,N,,,,,,,,,,N,2,0,1,2,A,-,11,21955,,N,G,B,E,A,H,-,A,A,0,Y,,,,Y,,N,60,1,0,0,0,1,0,0,0,0,- ,- ,,,LOS ANGELES,LOS ANGELES,-118.2797092,33.989170000000001
6968701,2015,7/11/15,1942,6/15/15,2025,38124,0127,1,5,7,1942,0,0,0,A,0,13T55,N LOS ANGELES,TEMPLE ST,284,N,N,A,-,N,,,,,,,,,,N,2,0,1,2,A,-,11,21453,D,N,G,B,C,A,H,-,B,A,0,Y,,,,Y,,N,60,1,0,0,0,1,0,0,0,0,- ,- ,,,LOS ANGELES,LOS ANGELES,-118.2403096,34.054013699999999
6974425,2015,7/8/15,1942,6/2/15,1840,34959,0734,2,5,7,1942,0,0,0,G,0,20T59,BURNSIDE AV,6TH ST,0,,Y,A,-,N,,,,,,,,,,N,2,0,1,2,A,-,11,21456,B,N,G,B,B,A,H,-,A,A,0,Y,,,,Y,,N,60,1,0,0,0,1,0,0,0,0,- ,- ,,,LOS ANGELES,LOS ANGELES,-118.3493601,34.064900049999999
6977692,2015,7/9/15,1942,4/2/15,0545,41159,1249,4,5,7,1942,0,0,0,L,0,12A51,FIGUEROA ST,65TH ST,5,S,N,A,-,N,,,,,,,,,,N,2,0,1,2,A,-,10,21950,C,N,G,B,B,A,H,-,C,D,0,Y,,,,Y,,A,01,1,0,0,0,1,0,0,0,0,- ,- ,,,LOS ANGELES,LOS ANGELES,-118.2827,33.980586289999998
7006558,2015,3/30/17,1942,11/27/15,2350,40383,0911,5,5,7,1942,0,0,0,I,0,10T35,VANOWEN ST,FIRMAMENT AV,51,W,N,A,-,N,,,,,,,,,,N,1,1,0,2,A,-,11,21954,A,F,G,B,D,A,H,-,C,A,0,Y,,,,Y,,N,60,0,0,0,1,0,0,0,0,0,- ,- ,,,LOS ANGELES,LOS ANGELES,-118.4730984,34.193919999999999