CASE_ID,ACCIDENT_YEAR,PROC_DATE,JURIS,COLLISION_DATE,COLLISION_TIME,OFFICER_ID,REPORTING_DISTRICT,DAY_OF_WEEK,CHP_SHIFT,POPULATION,CNTY_CITY_LOC,SPECIAL_COND,BEAT_TYPE,CHP_BEAT_TYPE,CITY_DIVISION_LAPD,CHP_BEAT_CLASS,BEAT_NUMBER,PRIMARY_RD,SECONDARY_RD,DISTANCE,DIRECTION,INTERSECTION,WEATHER_1,WEATHER_2,STATE_HWY_IND,CALTRANS_COUNTY,CALTRANS_DISTRICT,STATE_ROUTE,ROUTE_SUFFIX,POSTMILE_PREFIX,POSTMILE,LOCATION_TYPE,RAMP_INTERSECTION,SIDE_OF_HWY,TOW_AWAY,COLLISION_SEVERITY,NUMBER_KILLED,NUMBER_INJURED,PARTY_COUNT,PRIMARY_COLL_FACTOR,PCF_CODE_OF_VIOL,PCF_VIOL_CATEGORY,PCF_VIOLATION,PCF_VIOL_SUBSECTION,HIT_AND_RUN,TYPE_OF_COLLISION,MVIW,PED_ACTION,ROAD_SURFACE,ROAD_COND_1,ROAD_COND_2,LIGHTING,CONTROL_DEVICE,CHP_ROAD_TYPE,PEDESTRIAN_ACCIDENT,BICYCLE_ACCIDENT,MOTORCYCLE_ACCIDENT,TRUCK_ACCIDENT,NOT_PRIVATE_PROPERTY,ALCOHOL_INVOLVED,STWD_VEHTYPE_AT_FAULT,CHP_VEHTYPE_AT_FAULT,COUNT_SEVERE_INJ,COUNT_VISIBLE_INJ,COUNT_COMPLAINT_PAIN,COUNT_PED_KILLED,COUNT_PED_INJURED,COUNT_BICYCLIST_KILLED,COUNT_BICYCLIST_INJURED,COUNT_MC_KILLED,COUNT_MC_INJURED,PRIMARY_RAMP,SECONDARY_RAMP,LATITUDE,LONGITUDE,COUNTY,CITY,POINT_X,POINT_Y
9314143,2021,9/22/21,1942,8/4/21,1200,39154,0904,3,5,7,1942,0,0,0,I,0,26TL46,VAN NUYS BL,KESWICK ST,292,S,N,A,-,N,,,,,,,,,,Y,2,0,2,4,A,-,21,22106,,N,G,B,E,A,H,-,A,D,0,Y,,,,Y,Y,A,01,1,1,0,0,1,0,0,0,0,- ,- ,,,LOS ANGELES,LOS ANGELES,-118.4487686,34.209468841552734
9320041,2021,11/4/21,1942,8/27/21,1715,44463,1844,5,5,7,1942,0,0,0,R,0,18A26,AVALON BL,IMPERIAL HWY,50,N,N,A,-,N,,,,,,,,,,N,1,1,0,2,A,-,10,21952,,F,D,B,D,A,H,-,A,D,0,Y,,,,Y,,-,99,0,0,0,1,0,0,0,0,0,- ,- ,,,LOS ANGELES,LOS ANGELES,-118.2651825,33.931175231933594
9320075,2021,12/7/21,1942,10/4/21,2135,38982,0195,1,5,7,1942,0,0,0,A,0,24TL33,LOS ANGELES ST,14TH ST,158,N,N,C,-,N,,,,,,,,,,N,1,1,0,2,A,-,11,21954,A,N,G,B,D,B,H,-,C,D,0,Y,,,,Y,,N,60,0,0,0,1,0,0,0,0,0,- ,- ,,,LOS ANGELES,LOS ANGELES,-118.2598801,34.035099029541016
9320157,2021,12/21/21,1941,10/5/21,0303,10559,,2,5,7,1941,0,0,0,,0,,RT 710,9TH ST,0,,Y,B,C,Y,LA,7,710,-,-,6.228,R,3,N,N,1,1,0,2,A,-,11,21954,A,F,A,B,D,B,H,-,E,D,0,Y,,,,Y,,N,60,0,0,0,1,0,0,0,0,0,- ,TO,,,LOS ANGELES,LONG BEACH,-118.2074738,33.780418395996094
9320170,2021,12/9/21,1942,10/16/21,2315,42011,1265,6,5,7,1942,0,0,0,L,0,252L31,NORMANDIE AV,83RD ST,7,S,N,A,-,N,,,,,,,,,,Y,1,1,0,2,A,-,10,21950,A,F,G,B,B,A,H,-,C,A,0,Y,,,,Y,,A,01,0,0,0,1,0,0,0,0,0,- ,- ,,,LOS ANGELES,LOS ANGELES,-118.3002701,33.963630676269531
9320182,2021,12/9/21,1942,10/31/21,2230,38033,1691,7,5,7,1942,0,0,0,P,0,26T37,LAUREL CANYON BL,STRATHERN ST,798,N,N,A,-,N,,,,,,,,,,N,1,1,0,2,A,-,11,21954,A,F,G,B,D,A,H,-,C,A,0,Y,,,,Y,,N,60,0,0,0,1,0,0,0,0,0,- ,- ,,,LOS ANGELES,LOS ANGELES,-118.3965302,34.217899322509766
9320215,2021,12/21/21,1941,11/23/21,1752,6308,,2,5,7,1941,0,0,0,,0,,PACIFIC AV,12TH ST,214,S,N,A,-,N,,,,,,,,,,Y,1,1,0,2,A,-,11,21954,A,N,H,B,D,A,H,-,C,D,0,Y,,,,Y,Y,N,,0,0,0,1,0,0,0,0,0,- ,- ,,,LOS ANGELES,LONG BEACH,-118.1937332,33.780853271484375
9320239,2021,1/11/22,1941,10/17/21,1903,10559,,7,5,7,1941,0,0,0,,0,,WILLOW ST,MYRTLE AV,0,,Y,A,-,N,,,,,,,,,,N,1,1,0,2,A,-,10,21950,A,N,H,B,D,A,H,-,C,D,0,Y,,,,Y,,A,,0,0,0,1,0,0,0,0,0,- ,- ,,,LOS ANGELES,LONG BEACH,-118.1818085,33.804279327392578
9320285,2021,1/20/22,1942,12/10/21,1448,38947,1004,5,5,7,1942,0,0,0,J,0,26TL73,SATICOY ST,GARDEN GROVE AV,55,W,N,A,-,N,,,,,,,,,,N,1,1,0,2,A,-,11,21954,A,F,G,B,D,A,H,-,A,D,0,Y,,,,Y,,N,60,0,0,0,1,0,0,0,0,0,- ,- ,,,LOS ANGELES,LOS ANGELES,-118.5297012,34.208389282226562
9320341,2021,6/17/23,1942,12/12/21,0055,40105,0529,7,5,7,1942,0,0,0,E,0,25T35,QUAY AV,E G ST,52,N,N,A,-,N,,,,,,,,,,Y,1,1,1,3,A,-,01,23152,A,N,G,B,D,A,H,-,C,A,0,Y,,,,Y,Y,D,22,1,0,0,1,1,0,0,0,0,- ,- ,,,LOS ANGELES,LOS ANGELES,-118.258461,33.778873443603516
9320394,2021,2/16/22,1942,11/6/21,1915,39217,1667,6,5,7,1942,0,0,0,P,0,26T32,LA TUNA CANYON RD,FIRE ROAD WEST,210,W,N,A,-,N,,,,,,,,,,N,1,1,0,2,A,-,11,21954,A,N,G,B,E,A,H,-,D,D,0,Y,,,,Y,,N,60,0,0,0,1,0,0,0,0,0,- ,- ,,,LOS ANGELES,LOS ANGELES,-118.3224182,34.237564086914062
9320525,2021,3/17/22,1942,11/26/21,1930,42460,2074,5,5,7,1942,0,0,0,,0,27T31,VENICE BL,HARVARD BL,0,,Y,A,-,N,,,,,,,,,,N,1,1,0,2,A,-,11,21453,D,F,-,B,B,A,H,-,C,A,0,Y,,,,Y,,N,60,0,0,0,1,0,0,0,0,0,- ,- ,,,LOS ANGELES,LOS ANGELES,-118.3043365,34.043598175048828
9320611,2021,5/20/22,1942,12/3/21,0455,33599,0319,5,5,7,1942,0,0,0,C,0,25T23,FLOWER ST,ADAMS BL,71,S,N,A,-,N,,,,,,,,,,Y,1,1,2,2,A,-,01,23152,A,N,G,B,F,A,H,-,B,A,0,Y,,,,Y,Y,A,01,0,1,1,1,0,0,0,0,0,- ,- ,,,LOS ANGELES,LOS ANGELES,-118.2749634,34.027450561523438
9321550,2021,10/1/21,1942,8/22/21,1245,40165,0933,7,5,7,1942,0,0,0,I,0,26TL74,CALVERT ST,CEDROS AV,29,E,N,A,-,N,,,,,,,,,,N,2,0,1,2,A,-,11,21956,A,N,G,B,E,A,H,-,A,D,0,Y,,,,Y,,N,60,1,0,0,0,1,0,0,0,0,- ,- ,,,LOS ANGELES,LOS ANGELES,-118.4530029,34.18164063
9323158,2021,11/5/21,1942,9/12/21,1810,41488,0398,7,5,7,1942,0,0,0,C,0,12X4,VENON AV,FIGUEROA,40,W,N,A,-,N,,,,,,,,,,N,2,0,1,2,A,-,11,21954,A,N,G,B,D,A,H,-,A,B,0,Y,,,,Y,,N,60,1,0,0,0,1,0,0,0,0,- ,- ,,,LOS ANGELES,LOS ANGELES,-118.2828751,34.003749847412109
9323447,2021,10/21/21,1942,9/12/21,1950,39062,1124,7,5,7,1942,0,0,0,K,0,24T31,FLETCHER DR,SAN FERNANDO RD,587,S,N,A,-,N,,,,,,,,,,N,2,0,1,2,A,-,11,21954,A,N,G,B,D,A,H,-,C,D,0,Y,,,,Y,,A,01,1,0,0,0,1,0,0,0,0,- ,- ,,,LOS ANGELES,LOS ANGELES,-118.2472992,34.113796234130859
9323678,2021,9/13/21,1942,7/30/21,2030,37724,1213,5,5,7,1942,0,0,0,L,0,25TL37,WESTERN AV,55TH ST,125,S,N,A,-,N,,,,,,,,,,N,2,0,1,2,A,-,11,21956,A,F,G,B,E,A,H,-,C,D,0,Y,,,,Y,,-,99,1,0,0,0,1,0,0,0,0,- ,- ,,,LOS ANGELES,LOS ANGELES,-118.3089371,33.991996765136719
9325733,2021,10/15/21,1942,9/4/21,1800,39746,1756,6,5,7,1942,0,0,0,Q,0,26M65,DEVONSHIRE ST,BALBOA BL,478,E,N,A,-,N,,,,,,,,,,Y,2,0,1,2,A,-,08,22107,,N,G,B,F,A,H,-,A,B,0,Y,,,,Y,,A,07,1,0,0,0,1,0,0,0,0,- ,- ,,,LOS ANGELES,LOS ANGELES,-118.5007477,34.257522583007812
9325887,2021,10/5/21,1942,8/25/21,2130,40972,0964,3,5,7,1942,0,0,0,I,0,26T37,RIVERSIDE DR,WOODMAN AV,0,,Y,A,-,N,,,,,,,,,,N,2,0,3,4,A,-,09,21801,A,N,D,B,B,A,H,-,C,A,0,Y,,,,Y,,A,01,1,1,1,0,2,0,0,0,0,- ,- ,,,LOS ANGELES,LOS ANGELES,-118.4312363,34.157611846923828
9326000,2021,10/12/21,1941,8/6/21,1225,6308,,5,5,7,1941,0,0,0,,0,,CHERRY AV,55TH ST,0,,Y,A,-,N,,,,,,,,,,Y,2,0,1,2,A,-,10,21950,A,N,H,B,B,A,D,-,A,D,0,Y,,,,Y,,A,,1,0,0,0,1,0,0,0,0,- ,- ,,,LOS ANGELES,LONG BEACH,-118.1684647,33.856029510498047
9336575,2021,10/22/21,1942,9/9/21,1645,39701,0933,4,5,7,1942,0,0,0,I,0,26TL43,VAN NUYS BL,SYLVAN ST,0,,Y,A,-,N,,,,,,,,,,N,2,0,1,2,A,-,10,21950,A,N,G,B,B,A,H,-,A,A,0,Y,,,,Y,,A,01,1,0,0,0,1,0,0,0,0,- ,- ,,,LOS ANGELES,LOS ANGELES,-118.448761,34.184635162353516
9337104,2021,10/25/21,1941,9/14/21,1848,6204,,2,5,7,1941,0,0,0,,0,,BELLFLOWER BL,ARBOR RD,28,S,N,A,-,N,,,,,,,,,,N,2,0,1,2,A,-,10,21950,A,N,D,B,B,A,H,-,B,A,0,Y,,,,Y,,A,,1,0,0,0,1,0,0,0,0,- ,- ,,,LOS ANGELES,LONG BEACH,-118.1251068,33.842933654785156
9344787,2021,10/23/21,1942,9/13/21,0655,37290,1569,1,5,7,1942,0,0,0,O,0,26TL22,RIVERSIDE DR,FORMAN AV,0,,Y,A,-,N,,,,,,,,,,Y,2,0,1,2,A,-,11,21950,B,N,G,B,-,A,H,-,A,A,0,Y,,,,Y,,N,60,1,0,0,0,1,0,0,0,0,- ,- ,,,LOS ANGELES,LOS ANGELES,-118.3527298,34.152210235595703
9345415,2021,11/19/21,1942,10/2/21,1600,39889,0138,6,5,7,1942,0,0,0,A,0,24MQ39,CENTRAL AV,3RD ST,174,N,N,A,-,N,,,,,,,,,,N,2,0,1,2,A,-,10,21950,A,N,G,B,D,-,H,-,A,D,0,Y,,,,Y,,N,60,1,0,0,0,1,0,0,0,0,- ,- ,,,LOS ANGELES,LOS ANGELES,-118.2394943,34.046566009521484
9345448,2021,11/18/21,1942,10/7/21,2330,40730,0164,4,5,7,1942,0,0,0,A,0,24TL34,MAIN ST,7TH ST,317,S,N,A,-,N,,,,,,,,,,N,2,0,1,2,A,-,11,21954,A,N,E,J,D,A,G,-,E,A,0,Y,,,,Y,,N,60,1,0,0,0,0,0,0,0,0,- ,- ,,,LOS ANGELES,LOS ANGELES,-118.2521973,34.043384552001953
9345460,2021,11/18/21,1942,10/4/21,1245,39154,1684,1,5,7,1942,0,0,0,P,0,26TL46,LANKERSHIM BL,STRATHERN ST,136,N,N,A,-,N,,,,,,,,,,N,2,0,1,2,A,-,11,21954,A,N,G,B,D,A,H,-,A,A,0,Y,,,,Y,,N,60,1,0,0,0,1,0,0,0,0,- ,- ,,,LOS ANGELES,LOS ANGELES,-118.3878021,34.216102600097656
9345687,2021,10/29/21,1942,9/24/21,0055,41978,0636,5,5,7,1942,0,0,0,F,0,27T35W,HIGHLAND AV,HOLLYWOOD BL,0,,Y,A,-,N,,,,,,,,,,N,2,0,1,2,A,-,09,21453,B,N,G,B,B,A,H,-,C,A,0,Y,,,,Y,,-,,1,0,0,0,1,0,0,0,0,- ,- ,,,LOS ANGELES,LOS ANGELES,-118.3386917,34.101547241210938
9347362,2021,10/27/21,1942,9/11/21,0200,41281,1245,6,5,7,1942,0,0,0,L,0,18A63,FIGUEROA ST,70TH ST,10,N,N,A,-,N,,,,,,,,,,N,2,0,1,2,A,-,11,21954,A,F,G,B,E,A,H,-,C,A,0,Y,,,,Y,Y,N,60,1,0,0,0,1,0,0,0,0,- ,- ,,,LOS ANGELES,LOS ANGELES,-118.2827072,33.976108551025391
9348816,2021,11/30/21,1942,10/28/21,0820,38502,1362,4,5,7,1942,0,0,0,M,0,24TL41,AVALON BL,49TH ST,0,,Y,A,-,N,,,,,,,,,,N,2,0,1,3,A,-,10,21950,A,N,G,-,B,A,H,-,A,D,0,Y,,,,Y,,A,01,1,0,0,0,1,0,0,0,0,- ,- ,,,LOS ANGELES,LOS ANGELES,-118.2652359,33.998641967773438
9350474,2021,11/18/21,1942,9/26/21,2305,36698,1125,7,5,7,1942,0,0,0,K,0,24T33W,YORK BL,AVENUE 49,0,,Y,A,-,N,,,,,,,,,,N,2,0,1,2,A,-,10,21950,,N,G,B,B,A,H,-,C,A,0,Y,,,,Y,,-,- ,1,0,0,0,1,0,0,0,0,- ,- ,,,LOS ANGELES,LOS ANGELES,-118.2090225,34.121879577636719
9351817,2021,11/16/21,1942,10/21/21,2045,39508,0422,4,5,7,1942,0,0,0,D,0,24TL53,BROADWAY,EASTLAKE AV,147,W,N,A,-,N,,,,,,,,,,N,2,0,1,2,A,-,11,21954,A,N,G,B,D,A,H,-,C,D,0,Y,,,,Y,,N,60,1,0,0,0,1,0,0,0,0,- ,- ,,,LOS ANGELES,LOS ANGELES,-118.2083206,34.073738098144531
9351826,2021,12/10/21,1942,10/23/21,2215,39759,0121,6,5,7,1942,0,0,0,A,0,24T32,FIGUEROA ST,DIMOND ST,246,N,N,A,-,N,,,,,,,,,,N,2,0,1,2,A,-,11,21954,A,N,G,B,E,A,H,-,C,D,0,Y,,,,Y,,N,60,1,0,0,0,1,0,0,0,0,- ,- ,,,LOS ANGELES,LOS ANGELES,-118.2506943,34.058773040771484
9362062,2021,1/4/22,1942,11/4/21,1500,36514,1128,4,5,7,1942,0,0,0,K,0,24T34,AVENUE 63,REPTON ST,0,,Y,A,-,N,,,,,,,,,,N,2,0,1,2,A,-,11,21954,A,F,G,B,D,A,H,-,A,D,0,Y,,,,Y,,N,60,1,0,0,0,1,0,0,0,0,- ,- ,,,LOS ANGELES,LOS ANGELES,-118.1798096,34.119205474853516
9364427,2021,12/16/21,1942,11/21/21,1650,38947,0964,7,5,7,1942,0,0,0,I,0,26TL73,HUSTON ST,HAZELTINE AV,0,,Y,A,-,N,,,,,,,,,,N,2,0,1,2,A,-,10,21950,A,N,G,B,B,A,H,-,C,A,0,Y,,,,Y,,A,01,1,0,0,0,1,0,0,0,0,- ,- ,,,LOS ANGELES,LOS ANGELES,-118.4400024,34.159408569335938
9366774,2021,12/24/21,1942,11/17/21,1710,41376,0644,3,5,7,1942,0,0,0,F,0,27TL44,LA BREA AV,DE LONGPRE AV,0,,Y,A,-,N,,,,,,,,,,Y,2,0,1,2,A,-,10,21950,A,N,G,B,B,A,H,-,C,A,0,Y,,,,Y,,A,07,1,0,0,0,1,0,0,0,0,- ,- ,,,LOS ANGELES,LOS ANGELES,-118.3441162,34.096141815185547
9367305,2021,12/6/21,1942,10/9/21,0605,41376,0666,6,5,7,1942,0,0,0,F,0,27TL25,SANTA MONICA BL,EL CENTRO AV,151,,N,A,-,Y,LA,7,2,-,-,11.68,H,-,W,N,2,0,1,2,A,-,10,21954,B,F,G,B,E,A,H,-,C,A,0,Y,,,,Y,,-,99,1,0,0,0,1,0,0,0,0,- ,- ,,,LOS ANGELES,LOS ANGELES,-118.3250046,34.090747833251953
9367994,2021,12/8/21,1942,10/26/21,0600,38282,0778,2,5,7,1942,0,0,0,G,0,27TL29,CRENSHAW BL,WASHINGTON BL,15,N,N,A,-,N,,,,,,,,,,N,2,0,1,2,A,-,10,21950,A,F,G,B,B,A,H,-,C,A,0,Y,,,,Y,,-,99,1,0,0,0,1,0,0,0,0,- ,- ,,,LOS ANGELES,LOS ANGELES,-118.3310471,34.039897918701172
9369838,2021,1/6/22,1942,12/7/21,1945,39397,1269,2,5,7,1942,0,0,0,L,0,25TL37,MANCHESTER AV,CENTRAL AV,10,W,N,A,-,N,,,,,,,,,,N,2,0,1,2,A,-,10,21950,,F,G,B,B,A,H,-,C,A,0,Y,,,,Y,,-,99,1,0,0,0,1,0,0,0,0,- ,- ,,,LOS ANGELES,LOS ANGELES,-118.2564545,33.960159301757812
9372424,2021,12/14/21,1942,10/11/21,0630,41742,1256,1,5,7,1942,0,0,0,L,0,25TL27,BROADWAY,75TH ST,8,S,N,A,-,N,,,,,,,,,,N,2,0,1,2,A,-,10,21950,A,F,G,B,B,A,H,-,C,A,0,Y,,,,Y,,-,99,1,0,0,0,1,0,0,0,0,- ,- ,,,LOS ANGELES,LOS ANGELES,-118.2783127,33.971736907958984
9372690,2021,12/8/21,1942,10/5/21,1630,41126,1494,2,5,7,1942,0,0,0,N,0,27Q15W,WORLD WAY NORTH,CIRCLE WY,0,,Y,A,-,N,,,,,,,,,,N,2,0,1,2,A,-,11,21456,B,N,G,B,B,A,H,-,A,A,0,Y,,,,Y,,N,60,1,0,0,0,1,0,0,0,0,- ,- ,,,LOS ANGELES,LOS ANGELES,-118.032074,34.019359588623047
9374824,2021,12/31/21,1942,11/8/21,1940,39062,1393,1,5,7,1942,0,0,0,M,0,24T34,MAIN ST,69TH ST,0,,Y,A,-,N,,,,,,,,,,Y,2,0,7,6,A,-,09,21801,A,N,A,C,F,A,H,-,C,A,0,Y,,,,Y,,A,07,1,5,1,0,4,0,0,0,0,- ,- ,,,LOS ANGELES,LOS ANGELES,-118.273941,33.976943969726562
9374961,2021,12/15/21,1942,11/21/21,0245,38590,1152,7,5,7,1942,0,0,0,K,0,24T32,SUNSET BL,FOUNTAIN AV,0,,Y,A,-,N,,,,,,,,,,N,2,0,1,2,A,-,10,21950,A,F,G,B,B,A,H,-,C,A,0,Y,,,,Y,Y,-,99,1,0,0,0,1,0,0,0,0,- ,- ,,,LOS ANGELES,LOS ANGELES,-118.2841187,34.095817565917969
9375979,2021,1/28/22,1941,10/14/21,2009,6236,,4,5,7,1941,0,0,0,,0,,ATLANTIC AV,35TH ST,0,,Y,A,-,N,,,,,,,,,,N,2,0,1,2,A,-,11,21954,A,N,G,B,D,A,H,-,C,D,0,Y,,,,Y,,N,,1,0,0,0,1,0,0,0,0,- ,- ,,,LOS ANGELES,LONG BEACH,-118.1850281,33.820056915283203
9379124,2021,12/21/22,1942,11/27/21,0020,36738,0503,6,5,7,1942,0,0,0,E,0,25T37,PACIFIC COAST HWY,SOLIMAR WY,18,W,N,A,-,Y,LA,7,1,-,-,11.81,H,-,N,N,1,1,2,2,A,-,11,21956,A,N,G,B,E,A,H,-,D,A,0,Y,,,,Y,,A,01,0,2,0,1,0,0,0,0,0,- ,- ,,,LOS ANGELES,LOS ANGELES,-118.2855606,33.791011810302734
9380370,2021,8/4/22,1942,12/9/21,2035,40105,1801,4,5,7,1942,0,0,0,R,0,25T33,S VERMONT AV,W 87TH ST,25,N,N,B,-,N,,,,,,,,,,Y,2,0,2,3,A,-,11,21954,A,N,G,B,D,A,H,-,C,D,0,Y,,,,Y,,-,- ,2,0,0,0,2,0,0,0,0,- ,- ,,,LOS ANGELES,LOS ANGELES,-118.2917786,33.959049224853516
9380407,2021,1/19/22,1942,12/13/21,1831,36553,1844,1,5,7,1942,0,0,0,R,0,23T35W,AVALON BL,111TH ST,185,N,N,B,-,N,,,,,,,,,,N,2,0,1,2,A,-,05,21460,A,F,G,B,D,A,H,-,C,D,0,Y,,,,Y,,-,99,1,0,0,0,1,0,0,0,0,- ,- ,,,LOS ANGELES,LOS ANGELES,-118.2651978,33.935317993164062
9383203,2021,1/4/22,1942,11/12/21,1030,33397,1263,5,5,7,1942,0,0,0,L,0,2SMB52,HARVARD BL,MANCHESTER AV,0,,Y,A,-,N,,,,,,,,,,N,2,0,1,2,A,-,10,21950,A,N,G,B,B,A,H,-,A,A,0,Y,,,,Y,,A,08,1,0,0,0,1,0,0,0,0,- ,- ,,,LOS ANGELES,LOS ANGELES,-118.3068314,33.959968566894531
9383209,2021,2/1/22,1942,11/12/21,1000,42750,,5,5,7,1942,0,0,0,,0,,BURNSIDE AVE,HIGHLIGHT PL,25,N,N,A,-,N,,,,,,,,,,N,2,0,1,2,A,-,21,22106,,N,G,B,D,A,H,-,A,D,0,Y,,,,Y,,A,01,1,0,0,0,1,0,0,0,0,- ,- ,,,LOS ANGELES,LOS ANGELES,-118.3626633,34.023300170898438
9386164,2021,1/21/22,1942,12/13/21,1830,39177,1844,1,5,7,1942,0,0,0,R,0,25T35,AVALON BL,111TH ST,119,N,N,B,-,N,,,,,,,,,,N,2,0,1,2,A,-,11,21954,A,F,G,B,D,A,H,-,B,D,0,Y,,,,Y,,N,60,1,0,0,0,1,0,0,0,0,- ,- ,,,LOS ANGELES,LOS ANGELES,-118.2651901,33.935134887695312
9386177,2021,1/20/22,1942,12/3/21,1120,38996,1767,5,5,7,1942,0,0,0,Q,0,26TL75,RESEDA BL,PRAIRIE ST,0,,Y,A,-,N,,,,,,,,,,Y,2,0,2,3,A,-,12,21453,A,N,G,B,B,-,H,-,A,A,0,Y,,,,Y,,A,07,1,1,0,0,1,0,0,0,0,- ,- ,,,LOS ANGELES,LOS ANGELES,-118.536087,34.239131927490234
9386309,2021,1/5/22,1942,11/22/21,1520,38306,1844,1,5,7,1942,0,0,0,R,0,25MX18,AVALON BL,111TH PL,0,,Y,A,-,N,,,,,,,,,,N,2,0,1,2,A,-,10,21950,,F,G,B,B,A,H,-,A,A,0,Y,,,,Y,,A,08,1,0,0,0,1,0,0,0,0,- ,- ,,,LOS ANGELES,LOS ANGELES,-118.2651901,33.933925628662109
9387297,2021,1/6/22,1942,12/8/21,1210,35023,0566,3,5,7,1942,0,0,0,E,0,5A84,13TH ST,MESA ST,132,W,N,A,-,N,,,,,,,,,,N,2,0,1,2,A,-,03,22350,,N,G,B,F,A,-,-,A,D,0,Y,,,,Y,Y,A,01,1,0,0,0,1,0,0,0,0,- ,- ,,,LOS ANGELES,LOS ANGELES,-118.286232,33.732410430908203
9387887,2021,1/10/22,1942,12/26/21,0120,41072,1245,7,5,7,1942,0,0,0,L,0,25T33,NORMANDIE AV,FLORENCE AV,16,S,N,B,-,N,,,,,,,,,,N,2,0,1,2,A,-,11,21456,,F,G,B,B,B,F,-,C,A,0,Y,,,,Y,,N,60,1,0,0,0,1,0,0,0,0,- ,- ,,,LOS ANGELES,LOS ANGELES,-118.3003006,33.974536895751953
9388265,2021,1/14/22,1942,12/27/21,1840,42251,,1,5,7,1942,0,0,0,,0,26Q44,VANOWEN ST,CALHOUN AV,18,E,-,B,-,N,,,,,,,,,,Y,2,0,1,2,A,-,11,21954,A,F,G,B,D,B,H,-,C,A,0,Y,,,,Y,Y,N,60,1,0,0,0,1,0,0,0,0,- ,- ,,,LOS ANGELES,LOS ANGELES,-118.4421082,34.193939208984375
9389178,2021,1/25/22,1941,12/25/21,0031,11399,,6,5,7,1941,0,0,0,,0,,ARTESIA BL,MURIEL AV,0,,Y,C,-,N,,,,,,,,,,N,2,0,1,2,A,-,00,20001,,F,G,B,E,B,H,-,C,A,0,Y,,,,Y,,M,,1,0,0,0,1,0,0,0,0,- ,- ,,,LOS ANGELES,LONG BEACH,-118.2005386,33.874217987060547
9390632,2021,3/24/22,1942,12/30/21,0520,40065,1941,4,5,7,1942,0,0,0,,0,26TL26,SEPULVEDA BL,CHATSWORTH ST,340,S,N,C,-,N,,,,,,,,,,N,1,1,0,2,A,-,11,21954,A,N,G,B,D,B,H,-,C,D,0,Y,,,Y,Y,Y,N,60,0,0,0,1,0,0,0,0,0,- ,- ,,,LOS ANGELES,LOS ANGELES,-118.4674072,34.263626098632812
9390865,2021,1/26/22,1942,12/30/21,1745,40105,0393,4,5,7,1942,0,0,0,C,0,25TL37,CRENSHAW BL,W 43RD ST,240,N,N,C,-,N,,,,,,,,,,N,2,0,1,2,A,-,11,21954,A,N,G,B,D,B,H,-,C,A,0,Y,,,,Y,,N,60,1,0,0,0,1,0,0,0,0,- ,- ,,,LOS ANGELES,LOS ANGELES,-118.3341522,34.005893707275391
9396523,2021,2/8/22,1942,12/26/21,1945,38333,0734,7,5,7,1942,0,0,0,G,0,27MQ13,FAIRFAX AV,BLACKBURN AV,50,S,N,A,-,N,,,,,,,,,,N,2,0,1,2,A,-,11,21954,A,F,G,B,D,A,H,-,C,D,0,Y,,,,Y,,N,60,1,0,0,0,1,0,0,0,0,- ,- ,,,LOS ANGELES,LOS ANGELES,-118.361412,34.070602416992188
9404583,2021,2/14/22,1942,12/22/21,1920,42069,1862,3,5,7,1942,0,0,0,R,0,25T35,120TH ST,ATHENS WY,0,,Y,A,-,N,,,,,,,,,,N,2,0,1,2,A,-,11,21954,A,F,A,B,B,A,H,-,C,D,0,Y,,,,Y,,N,60,1,0,0,0,1,0,0,0,0,- ,- ,,,LOS ANGELES,LOS ANGELES,-118.2804337,33.923725128173828
9425870,2021,3/24/22,1942,11/23/21,2210,36504,2088,2,5,7,1942,0,0,0,,0,27T31W,WASHINGTON BL,HOOVER ST,10,W,N,A,-,N,,,,,,,,,,N,2,0,1,2,A,-,11,21453,D,F,A,B,B,A,H,-,C,A,0,Y,,,,Y,,N,60,1,0,0,0,1,0,0,0,0,- ,- ,,,LOS ANGELES,LOS ANGELES,-118.2841492,34.039863586425781
5403084,2012,2/2/12,1942,1/18/12,1405,31255,0826,3,5,7,1942,0,0,0,H,0,6TL2,SALTAIR TER,SALTAIR AV,41,E,N,A,-,N,,,,,,,,,,N,1,1,0,2,A,-,11,21954,A,N,G,B,D,A,H,-,A,D,0,Y,,,,Y,,N,60,0,0,0,1,0,0,0,0,0,- ,- ,,,LOS ANGELES,LOS ANGELES,-118.4733778,34.053868749999999
5403258,2012,4/7/14,1942,2/5/12,1815,31426,1177,7,5,7,1942,0,0,0,K,0,1T11,AVENUE 26,HURON ST,30,W,N,A,-,N,,,,,,,,,,N,1,1,0,2,A,-,11,21954,A,N,G,B,D,A,H,-,C,D,0,Y,,,,Y,Y,N,60,0,0,0,1,0,0,0,0,0,- ,- ,,,LOS ANGELES,LOS ANGELES,-118.2232663,34.084547469999997