CASE_ID,ACCIDENT_YEAR,PROC_DATE,JURIS,COLLISION_DATE,COLLISION_TIME,OFFICER_ID,REPORTING_DISTRICT,DAY_OF_WEEK,CHP_SHIFT,POPULATION,CNTY_CITY_LOC,SPECIAL_COND,BEAT_TYPE,CHP_BEAT_TYPE,CITY_DIVISION_LAPD,CHP_BEAT_CLASS,BEAT_NUMBER,PRIMARY_RD,SECONDARY_RD,DISTANCE,DIRECTION,INTERSECTION,WEATHER_1,WEATHER_2,STATE_HWY_IND,CALTRANS_COUNTY,CALTRANS_DISTRICT,STATE_ROUTE,ROUTE_SUFFIX,POSTMILE_PREFIX,POSTMILE,LOCATION_TYPE,RAMP_INTERSECTION,SIDE_OF_HWY,TOW_AWAY,COLLISION_SEVERITY,NUMBER_KILLED,NUMBER_INJURED,PARTY_COUNT,PRIMARY_COLL_FACTOR,PCF_CODE_OF_VIOL,PCF_VIOL_CATEGORY,PCF_VIOLATION,PCF_VIOL_SUBSECTION,HIT_AND_RUN,TYPE_OF_COLLISION,MVIW,PED_ACTION,ROAD_SURFACE,ROAD_COND_1,ROAD_COND_2,LIGHTING,CONTROL_DEVICE,CHP_ROAD_TYPE,PEDESTRIAN_ACCIDENT,BICYCLE_ACCIDENT,MOTORCYCLE_ACCIDENT,TRUCK_ACCIDENT,NOT_PRIVATE_PROPERTY,ALCOHOL_INVOLVED,STWD_VEHTYPE_AT_FAULT,CHP_VEHTYPE_AT_FAULT,COUNT_SEVERE_INJ,COUNT_VISIBLE_INJ,COUNT_COMPLAINT_PAIN,COUNT_PED_KILLED,COUNT_PED_INJURED,COUNT_BICYCLIST_KILLED,COUNT_BICYCLIST_INJURED,COUNT_MC_KILLED,COUNT_MC_INJURED,PRIMARY_RAMP,SECONDARY_RAMP,LATITUDE,LONGITUDE,COUNTY,CITY,POINT_X,POINT_Y
6294473,2013,5/28/14,1942,12/13/13,1900,39889,1377,5,5,7,1942,0,0,0,M,0,4T43,SLAUSON AV,ALBA ST,80,W,N,A,-,N,,,,,,,,,,N,2,0,1,2,A,-,11,21954,A,N,G,B,E,A,H,-,C,D,0,Y,,,Y,Y,,N,60,1,0,0,0,1,0,0,0,0,- ,- ,,,LOS ANGELES,LOS ANGELES,-118.2393388,33.989529300000001
6302442,2013,6/24/14,1942,12/3/13,0730,40639,1761,2,5,7,1942,0,0,0,Q,0,21TL61,CANOGA AV,PLUMMER ST,334,N,N,A,-,N,,,,,,,,,,N,2,0,1,2,-,-,- ,,,N,G,B,F,A,H,-,A,D,0,Y,,,Y,Y,,-,- ,1,0,0,0,1,0,0,0,0,- ,- ,,,LOS ANGELES,LOS ANGELES,-118.5978265,34.2436151
6302478,2013,5/20/14,1942,12/14/13,1020,38310,0765,6,5,7,1942,0,0,0,G,0,7TL71,ORANGE DR,12TH ST,50,N,N,A,-,N,,,,,,,,,,Y,2,0,1,4,C,-,18,,,N,C,E,F,A,H,-,A,D,0,Y,,,,Y,,-,- ,1,0,0,0,1,0,0,0,0,- ,- ,,,LOS ANGELES,LOS ANGELES,-118.3449076,34.053489999999996
6306272,2013,5/8/14,1942,11/6/13,0445,39291,1827,3,5,7,1942,0,0,0,R,0,18T23,WILMINGTON AV,103RD ST,0,,Y,A,-,N,,,,,,,,,,Y,2,0,1,2,A,-,11,21954,A,N,G,B,D,A,H,-,C,A,0,Y,,,,Y,,N,60,1,0,0,0,1,0,0,0,0,- ,- ,,,LOS ANGELES,LOS ANGELES,-118.2391023,33.943124900000001
6312747,2013,5/7/14,1942,11/8/13,0830,37080,1918,5,5,7,1942,0,0,0,,0,19TL75,FOOTHILL BL,HUBBARD ST,35,N,N,A,-,Y,,,,,,,,,,N,2,0,1,2,A,-,11,21955,,N,G,D,D,A,H,-,A,A,0,Y,,,,Y,,N,60,1,0,0,0,1,0,0,0,0,- ,- ,,,LOS ANGELES,LOS ANGELES,-118.4303959,34.3075112
6313269,2013,5/28/14,1942,11/20/13,1710,36571,1258,3,5,7,1942,0,0,0,L,0,12T73,BROADWAY,74TH ST,20,N,N,A,-,N,,,,,,,,,,Y,2,0,1,2,A,-,11,21954,A,N,G,B,D,A,H,-,C,A,0,Y,,,,Y,,N,60,1,0,0,0,1,0,0,0,0,- ,- ,,,LOS ANGELES,LOS ANGELES,-118.2783222,33.9727897
6318840,2013,12/12/14,1942,12/29/13,1230,40593,1065,7,5,7,1942,0,0,0,J,0,15TL47,WHITE OAK AV,MAGNOLIA BL,49,N,N,A,-,N,,,,,,,,,,N,1,1,0,2,A,-,11,21956,A,N,G,B,E,A,H,-,A,D,0,Y,,,,Y,,N,60,0,0,0,1,0,0,0,0,0,- ,- ,,,LOS ANGELES,LOS ANGELES,-118.5185822,34.165509299999997
6319075,2014,6/3/14,1942,1/1/14,0130,38183,1795,3,5,7,1942,0,0,0,Q,0,16T25,BALBOA BL,PARTHENIA ST,350,S,N,A,-,N,,,,,,,,,,N,2,0,1,2,A,-,11,21954,A,N,G,B,D,A,H,-,C,A,0,Y,,,,Y,Y,N,60,1,0,0,0,1,0,0,0,0,- ,- ,,,LOS ANGELES,LOS ANGELES,-118.5026077,34.22755033
6325467,2013,5/30/14,1942,12/17/13,0600,24475,2053,2,5,7,1942,0,0,0,,0,6TL7,WESTERN AV,11TH ST,0,,Y,A,-,N,,,,,,,,,,N,2,0,1,2,A,-,10,21950,A,F,G,B,B,A,H,-,A,A,0,Y,,,,Y,,-,99,1,0,0,0,1,0,0,0,0,- ,- ,,,LOS ANGELES,LOS ANGELES,-118.3090723,34.050824900000002
6325597,2013,5/31/14,1942,12/12/13,0740,30596,1774,4,5,7,1942,0,0,0,Q,0,17TL17,ZELZAH AV,SUPERIOR ST,0,,Y,A,-,N,,,,,,,,,,N,2,0,1,2,A,-,10,21950,A,N,G,B,B,A,H,-,A,A,0,Y,,,,Y,,A,01,1,0,0,0,1,0,0,0,0,- ,- ,,,LOS ANGELES,LOS ANGELES,-118.5233023,34.246764900000002
6326865,2013,5/28/14,1942,12/16/13,2120,34561,2148,1,5,7,1942,0,0,0,,0,9T57,VANOWEN ST,QUAKERTOWN AV,75,W,N,A,-,N,,,,,,,,,,N,2,0,1,2,A,-,11,21954,A,N,G,B,D,A,H,-,C,D,0,Y,,,,Y,Y,N,60,1,0,0,0,1,0,0,0,0,- ,- ,,,LOS ANGELES,LOS ANGELES,-118.5701398,34.193799499999997
6332288,2013,5/23/14,1942,12/22/13,2105,36607,0325,7,5,7,1942,0,0,0,C,0,3T5,VERMONT AV,27TH ST,7,S,N,A,-,N,,,,,,,,,,N,2,0,1,2,A,-,- ,,,N,G,B,B,A,H,-,C,A,0,Y,,,,Y,,-,- ,1,0,0,0,1,0,0,0,0,- ,- ,,,LOS ANGELES,LOS ANGELES,-118.2915622,34.030465700000001
6336561,2014,6/2/14,1942,1/6/14,1530,38897,0788,1,5,7,1942,0,0,0,G,0,20TL55,10TH AV,WASHINGTON PL,42,S,N,A,-,N,,,,,,,,,,N,2,0,1,2,A,-,11,21954,A,N,G,B,D,A,H,-,B,A,0,Y,,,,Y,,N,60,1,0,0,0,1,0,0,0,0,- ,- ,,,LOS ANGELES,LOS ANGELES,-118.3267393,34.039772380000002
6339934,2013,5/19/14,1942,12/22/13,1905,40696,1267,7,5,7,1942,0,0,0,L,0,3T5,84TH ST,HOOVER ST,486,W,N,A,-,N,,,,,,,,,,N,2,0,1,2,A,-,- ,,,F,G,B,E,A,H,-,C,D,0,Y,,,,Y,,-,99,1,0,0,0,1,0,0,0,0,- ,- ,,,LOS ANGELES,LOS ANGELES,-118.2886918,33.962454899999997
6344901,2014,6/4/14,1942,1/15/14,1540,30825,0916,3,5,7,1942,0,0,0,I,0,9TL54,HART ST,HAZELTINE AV,0,,Y,A,-,N,,,,,,,,,,N,2,0,1,2,A,-,10,21950,A,N,G,B,B,A,H,-,A,A,0,Y,,,,Y,,A,01,1,0,0,0,1,0,0,0,0,- ,- ,,,LOS ANGELES,LOS ANGELES,-118.4399601,34.197540089999997
6355343,2013,5/20/14,1942,11/26/13,2300,27792,1605,2,5,7,1942,0,0,0,P,0,10T35W,HUNNEWELL AV,PIERCE ST,325,N,N,A,-,N,,,,,,,,,,N,2,0,2,3,A,-,21,22106,,F,G,B,E,A,H,-,C,D,0,Y,,,,Y,,-,99,2,0,0,0,2,0,0,0,0,- ,- ,,,LOS ANGELES,LOS ANGELES,-118.3969843,34.280315700000003
6355354,2013,5/21/14,1942,11/18/13,0840,37469,0625,1,5,7,1942,0,0,0,F,0,6T7,FRANKLIN AV,S LAS PALMAS AV,92,E,N,A,-,N,,,,,,,,,,N,2,0,1,2,A,-,10,21950,A,N,G,B,B,A,H,-,A,A,0,Y,,,,Y,,A,07,1,0,0,0,1,0,0,0,0,- ,- ,,,LOS ANGELES,LOS ANGELES,-118.3360989,34.105184899999998
6355500,2013,5/19/14,1942,11/24/13,1750,39217,2128,7,5,7,1942,0,0,0,,0,17TL12,OSO AV,INGOMAR ST,0,,Y,A,-,N,,,,,,,,,,N,2,0,1,2,A,-,11,21954,A,N,G,B,E,A,H,-,C,D,0,Y,,,,Y,,N,60,1,0,0,0,1,0,0,0,0,- ,- ,,,LOS ANGELES,LOS ANGELES,-118.5754023,34.211574900000002
6356441,2014,6/6/14,1942,1/8/14,2000,40361,1454,3,5,7,1942,0,0,0,N,0,14A46,MARINA EXPWY,CULVER BL,765,W,N,A,-,N,,,,,,,,,,N,2,0,1,2,A,-,11,21954,A,N,G,B,D,A,H,-,C,A,0,Y,,,,Y,,N,60,1,0,0,0,1,0,0,0,0,- ,- ,,,LOS ANGELES,LOS ANGELES,-118.430568,33.982511000000002
6360893,2013,3/10/14,9530,6/14/13,1900,020457,,5,2,7,1941,0,1,1,,2,071,RT 710,LONG BEACH BL,780,S,N,A,-,Y,LA,7,710,-,-,11.79,H,-,N,Y,2,0,2,3,A,-,01,23152,A,N,C,E,E,A,H,-,A,D,1,Y,,,,Y,Y,D,22,1,1,0,0,1,0,0,0,0,- ,- ,33.860039999999998,-118.20074,LOS ANGELES,LONG BEACH,-118.2023382,33.858012899999999
6362290,2014,6/13/14,1942,1/8/14,1940,40696,1269,3,5,7,1942,0,0,0,L,0,3TL5,CENTRAL AV,80TH ST,18,N,N,A,-,N,,,,,,,,,,N,2,0,1,2,A,-,10,21950,A,N,G,B,B,A,H,-,C,A,0,Y,,,Y,Y,,F,26,1,0,0,0,1,0,0,0,0,- ,- ,,,LOS ANGELES,LOS ANGELES,-118.25643,33.966569360000001
6364098,2014,12/28/15,1942,1/11/14,0710,38310,0784,6,5,7,1942,0,0,0,G,0,6TL11,LA BREA BL,23RD ST,383,S,N,A,-,Y,LA,7,10,-,R,10.586,R,1,W,Y,2,0,1,2,A,-,10,21950,A,N,G,B,C,A,H,-,A,A,0,Y,,,,Y,,D,22,1,0,0,0,1,0,0,0,0,- ,- ,,,LOS ANGELES,LOS ANGELES,-118.3476979,34.034498380000002
6368590,2013,5/2/14,1942,11/17/13,1845,39889,0182,7,5,7,1942,0,0,0,A,0,4TL6,FIGUEROA ST,PICO BL,5,N,N,A,-,N,,,,,,,,,,N,2,0,1,2,A,-,11,21456,B,N,G,B,B,A,H,-,C,A,0,Y,,,,Y,,A,01,1,0,0,0,1,0,0,0,0,- ,- ,,,LOS ANGELES,LOS ANGELES,-118.2680335,34.040636499999998
6368614,2013,5/2/14,1942,11/11/13,1410,40099,0261,1,5,7,1942,0,0,0,B,0,2TL14,7TH ST,CARONDELET ST,20,E,N,A,-,N,,,,,,,,,,N,2,0,1,2,A,-,10,21950,A,F,G,B,B,A,H,-,A,D,0,Y,,,,Y,,-,99,1,0,0,0,1,0,0,0,0,- ,- ,,,LOS ANGELES,LOS ANGELES,-118.2815039,34.058559299999999
6368679,2013,1/22/15,1942,11/7/13,1620,40004,1162,4,5,7,1942,0,0,0,K,0,11A95,W SUNSET BL,VERMONT AV,200,E,N,A,-,N,,,,,,,,,,N,2,0,1,2,A,-,05,21650,,N,A,B,D,A,H,-,A,D,0,Y,Y,,,Y,,L,04,1,0,0,0,1,0,0,0,0,- ,- ,,,LOS ANGELES,LOS ANGELES,-118.291124,34.098138400000003
6373322,2014,6/6/14,1942,1/22/14,1615,1942,0909,3,5,7,1942,0,0,0,I,0,9TL54,SHERMAN WY,WOODMAN AV,0,,Y,A,-,N,,,,,,,,,,N,2,0,1,2,A,-,11,21950,B,N,G,B,B,A,H,-,A,A,0,Y,,,,Y,,N,60,1,0,0,0,1,0,0,0,0,- ,- ,,,LOS ANGELES,LOS ANGELES,-118.4312401,34.201190029999999
6377540,2014,6/16/14,1942,2/17/14,2130,40102,2081,1,5,7,1942,0,0,0,,0,20T59,VENICE BL,SAINT ANDREWS PL,0,,Y,A,-,N,,,,,,,,,,N,2,0,1,2,A,-,11,21954,A,F,G,B,D,A,H,-,C,D,0,Y,,,,Y,,N,60,1,0,0,0,1,0,0,0,0,- ,- ,,,LOS ANGELES,LOS ANGELES,-118.3116,34.043570090000003
6380542,2014,6/9/14,1942,1/28/14,1450,36752,397,2,5,7,1942,0,0,0,,0,12T73,NORMANDIE AV,VERNON AV,0,,Y,A,-,N,,,,,,,,,,N,2,0,1,2,A,-,11,21950,B,N,G,B,B,A,H,-,A,A,0,Y,,,,Y,,N,60,1,0,0,0,1,0,0,0,0,- ,- ,,,LOS ANGELES,LOS ANGELES,-118.3001901,34.003700029999997
6380771,2014,2/3/16,1942,1/28/14,2105,40700,513,2,5,7,1942,0,0,0,,0,5T21,PACIFIC COAST HWY,VERMONT AV,366,W,N,A,-,Y,LA,7,1,-,-,12.24,H,-,S,N,2,0,1,2,A,-,11,21954,A,F,G,B,E,A,H,-,C,D,0,Y,,,,Y,,N,60,1,0,0,0,1,0,0,0,0,- ,- ,,,LOS ANGELES,LOS ANGELES,-118.2929357,33.790947559999999
6381754,2014,6/7/14,1942,1/28/14,0755,41338,1079,2,5,7,1942,0,0,0,J,0,10A99,MORRISON ST,GAYNOR AV,26,E,N,A,-,N,,,,,,,,,,N,2,0,1,2,A,-,05,21650,,N,G,B,E,A,H,-,A,D,0,Y,,,,Y,,A,07,1,0,0,0,1,0,0,0,0,- ,- ,,,LOS ANGELES,LOS ANGELES,-118.4802943,34.160887639999999
6382388,2014,6/11/14,1942,2/14/14,0900,38897,1412,5,5,7,1942,0,0,0,N,0,20TL55,PACIFIC AV,ROSE AV,0,,Y,A,-,N,,,,,,,,,,N,2,0,1,2,A,-,11,21456,B,N,G,B,B,A,H,-,A,A,0,Y,,,,Y,,N,60,1,0,0,0,1,0,0,0,0,- ,- ,,,LOS ANGELES,LOS ANGELES,-118.4786201,33.995670060000002
6384164,2014,11/19/15,9530,1/1/14,0335,020236,,3,3,7,1942,0,1,1,,2,120,RT 110,C ST,624,S,N,E,-,Y,LA,7,110,-,-,2.58,H,-,N,N,2,0,1,2,A,-,- ,,,N,D,B,E,A,H,-,C,D,1,Y,,,Y,Y,,N,60,1,0,0,0,1,0,0,0,0,- ,- ,33.767710000000001,-118.28161,LOS ANGELES,LOS ANGELES,-118.2809143,33.76919839
6386673,2014,6/3/14,1942,1/20/14,1915,37468,2054,1,5,7,1942,0,0,0,,0,20A34,OLYMPIC,KINGSLEY,0,,Y,A,-,N,,,,,,,,,,N,2,0,1,2,A,-,10,21950,A,N,G,B,B,A,H,-,C,A,0,Y,,,,Y,,A,07,1,0,0,0,1,0,0,0,0,- ,- ,,,LOS ANGELES,LOS ANGELES,-118.3031501,34.052630010000001
6387235,2014,6/19/14,1942,1/14/14,0015,36434,1203,2,5,7,1942,0,0,0,L,0,12XL57,WESTERN AV,46TH ST,99,N,N,A,-,N,,,,,,,,,,N,2,0,1,2,A,-,11,21956,,N,G,B,D,A,H,-,C,B,0,Y,,,,Y,,N,60,1,0,0,0,1,0,0,0,0,- ,- ,,,LOS ANGELES,LOS ANGELES,-118.30893,34.002163000000003
6394392,2014,6/18/14,1941,2/19/14,1912,10542,,3,5,7,1941,0,0,0,,0,,ARTESIA BL,ROSE AV,42,W,N,A,-,N,,,,,,,,,,Y,2,0,1,2,A,-,11,21954,A,N,G,B,D,A,H,-,C,D,0,Y,,,,Y,,N,,1,0,0,0,1,0,0,0,0,- ,- ,,,LOS ANGELES,LONG BEACH,-118.1710281,33.874718000000001
6398476,2014,6/3/14,1942,1/21/14,1310,37700,2023,2,5,7,1942,0,0,0,,0,6T2,KINGSLEY DR,4TH ST,50,N,N,A,-,N,,,,,,,,,,N,2,0,1,2,A,-,21,22106,,N,G,B,D,A,H,-,A,D,0,Y,,,,Y,,A,01,1,0,0,0,1,0,0,0,0,- ,- ,,,LOS ANGELES,LOS ANGELES,-118.302841,34.067337129999999
6399692,2014,3/12/15,1942,2/23/14,1230,40008,0129,7,5,7,1942,0,0,0,A,0,4TL43,N ALAMEDA ST,1ST ST,170,N,N,A,-,N,,,,,,,,,,N,2,0,1,2,B,-,22,,,F,C,B,F,A,H,-,A,D,0,Y,Y,,,Y,,L,04,1,0,0,0,1,0,0,0,0,- ,- ,,,LOS ANGELES,LOS ANGELES,-118.2381091,34.049455879999996
6399795,2014,3/22/16,1942,2/17/14,0720,40731,2134,1,5,7,1942,0,0,0,,0,21T63,TOPANGA CANYON BL,GAULT ST,13,N,N,A,-,Y,LA,7,27,-,-,14.411,I,5,S,N,2,0,1,2,A,-,11,21950,B,N,B,B,B,A,H,-,A,-,0,Y,,,,Y,,N,60,1,0,0,0,1,0,0,0,0,- ,- ,,,LOS ANGELES,LOS ANGELES,-118.6060219,34.199047780000001
6408324,2014,6/27/14,1942,3/6/14,2005,38273,2138,4,5,7,1942,0,0,0,,0,9T53,MASON AV,VALERIO ST,10,N,N,A,-,N,,,,,,,,,,N,2,0,1,2,A,-,10,21950,A,N,G,B,B,A,H,-,C,D,0,Y,,,,Y,Y,D,22,1,0,0,0,1,0,0,0,0,- ,- ,,,LOS ANGELES,LOS ANGELES,-118.57971,34.204717430000002
6420886,2014,3/8/16,1942,3/9/14,0001,39876,1394,7,5,7,1942,0,0,0,M,0,1TL11,MAIN ST,70TH ST,23,S,N,A,-,N,,,,,,,,,,N,2,0,1,2,A,-,11,21955,,F,G,B,D,A,H,-,C,A,0,Y,,,,Y,Y,N,60,1,0,0,0,1,0,0,0,0,- ,- ,,,LOS ANGELES,LOS ANGELES,-118.27394,33.976446920000001
6423420,2014,6/24/14,1941,3/18/14,2346,10572,,2,5,7,1941,0,0,0,,0,,8TH ST,LIME AV,250,E,N,A,-,N,,,,,,,,,,N,2,0,1,2,A,-,03,22350,,F,G,B,F,A,H,-,C,D,0,Y,,,,Y,,D,,1,0,0,0,1,0,0,0,0,- ,- ,,,LOS ANGELES,LONG BEACH,-118.182859,33.77655
6423466,2014,6/20/14,1942,3/7/14,1950,40102,0883,5,5,7,1942,0,0,0,H,0,8T35,SEPULVEDA BL,MISSISSIPPI AV,0,,Y,A,-,N,,,,,,,,,,N,2,0,1,2,A,-,10,21950,A,N,G,B,B,A,H,-,C,D,0,Y,,,,Y,,A,01,1,0,0,0,1,0,0,0,0,- ,- ,,,LOS ANGELES,LOS ANGELES,-118.4391101,34.041610050000003
6425518,2014,6/30/14,1942,3/29/14,2110,40545,0152,6,5,7,1942,0,0,0,A,0,4T43,6TH ST,HOPE ST,21,E,N,A,-,N,,,,,,,,,,N,2,0,1,2,A,-,08,22107,,N,G,B,D,A,H,-,C,A,0,Y,,,,Y,,I,20,1,0,0,0,1,0,0,0,0,- ,- ,,,LOS ANGELES,LOS ANGELES,-118.256316,34.049424000000002
6426008,2014,6/27/14,1942,3/17/14,0620,40874,0256,1,5,7,1942,0,0,0,B,0,2T15,WILSHIRE BL,UNION AV,66,W,N,A,-,N,,,,,,,,,,N,2,0,1,2,A,-,11,21954,A,N,G,B,D,A,H,-,C,A,0,Y,,,,Y,,N,60,1,0,0,0,1,0,0,0,0,- ,- ,,,LOS ANGELES,LOS ANGELES,-118.270373,34.055463340000003
6426032,2014,6/27/14,1942,3/23/14,2005,40825,1185,7,5,7,1942,0,0,0,K,0,11A1,STADIUM WY,SCOTT AV,450,N,N,A,-,N,,,,,,,,,,N,2,0,1,2,A,-,11,21955,,N,G,B,D,A,H,-,D,A,0,Y,,,,Y,Y,N,60,1,0,0,0,1,0,0,0,0,- ,- ,,,LOS ANGELES,LOS ANGELES,-118.2489539,34.078551019999999
6434730,2014,7/1/14,1942,3/9/14,2250,25495,0657,7,5,7,1942,0,0,0,F,0,2TL23,SANTA MONICA BL,WILTON PL,58,W,N,A,-,N,,,,,,,,,,N,2,0,1,2,A,-,11,21954,A,N,G,B,D,A,H,-,C,A,0,Y,,,,Y,Y,N,60,1,0,0,0,1,0,0,0,0,- ,- ,,,LOS ANGELES,LOS ANGELES,-118.3137612,34.09075
6434747,2014,7/1/14,1942,3/13/14,0750,40527,2136,4,5,7,1942,0,0,0,,0,10TL37,VALERIO ST,ALABAMA AV,8,W,N,A,-,N,,,,,,,,,,Y,2,0,1,2,A,-,10,21950,A,F,-,B,C,A,H,-,A,D,0,Y,,,,Y,,A,01,1,0,0,0,1,0,0,0,0,- ,- ,,,LOS ANGELES,LOS ANGELES,-118.5990464,34.204650409999999
6434833,2014,7/3/14,1942,3/12/14,0730,35297,2029,3,5,7,1942,0,0,0,,0,20A71,ARDMORE AV,11TH ST,10,N,N,A,-,N,,,,,,,,,,N,2,0,2,3,A,-,10,21950,A,N,G,B,B,A,H,-,A,A,0,Y,,,,Y,,D,22,1,1,0,0,2,0,0,0,0,- ,- ,,,LOS ANGELES,LOS ANGELES,-118.30209,34.050907430000002
6435125,2014,7/30/14,1942,3/1/14,1305,37437,1821,6,5,7,1942,0,0,0,R,0,18TL27,FIGUEROA ST,99TH ST,65,N,N,C,-,N,,,,,,,,,,N,2,0,1,2,A,-,11,21954,A,F,G,B,D,B,H,-,A,D,0,Y,,,,Y,,N,60,1,0,0,0,1,0,0,0,0,- ,- ,,,LOS ANGELES,LOS ANGELES,-118.2826656,33.946618209999997
6435214,2014,7/9/14,1942,3/8/14,0005,39062,1363,6,5,7,1942,0,0,0,M,0,13T53,CENTRAL AV,51ST ST,0,,Y,A,-,N,,,,,,,,,,N,2,0,1,2,A,-,10,21950,A,F,G,B,B,A,H,-,C,A,0,Y,,,,Y,,-,- ,1,0,0,0,1,0,0,0,0,- ,- ,,,LOS ANGELES,LOS ANGELES,-118.2564701,33.997110079999999
6437136,2014,7/2/14,1942,2/8/14,0010,37901,1822,6,5,7,1942,0,0,0,R,0,5A15,CENTURY,SPRING,26,W,N,A,-,N,,,,,,,,,,N,2,0,2,3,A,-,11,21955,,N,G,B,D,A,H,-,C,D,0,Y,,,,Y,,N,60,1,1,0,0,2,0,0,0,0,- ,- ,,,LOS ANGELES,LOS ANGELES,-118.2763056,33.94556
6439558,2014,7/1/14,1942,3/15/14,1910,38995,2177,6,5,7,1942,0,0,0,,0,21T61,WINNETKA AV,HATTERAS ST,357,N,N,A,-,N,,,,,,,,,,Y,2,0,3,3,A,-,03,22350,,N,B,I,F,A,H,-,A,D,0,Y,,,,Y,,A,01,2,0,1,0,2,0,0,0,0,- ,- ,,,LOS ANGELES,LOS ANGELES,-118.5712754,34.17671498
6440295,2014,8/8/14,1942,3/28/14,1415,31152,1151,5,5,7,1942,0,0,0,K,0,2T28,EDGEMONT ST,SUNSET BL,13,S,N,A,-,N,,,,,,,,,,N,2,0,1,2,A,-,11,21456,B,N,G,B,B,A,H,-,A,A,0,Y,,,,Y,,N,60,1,0,0,0,1,0,0,0,0,- ,- ,,,LOS ANGELES,LOS ANGELES,-118.29614,34.098114350000003
6441800,2014,7/1/14,1942,2/5/14,1925,40696,0524,3,5,7,1942,0,0,0,E,0,18T23,ANAHEIM ST,HAWAIIAN AV,0,,Y,A,-,N,,,,,,,,,,N,2,0,1,2,A,-,10,21950,A,N,G,B,B,A,H,-,C,A,0,Y,,,,Y,,A,01,1,0,0,0,1,0,0,0,0,- ,- ,,,LOS ANGELES,LOS ANGELES,-118.27682,33.779190069999999
6441844,2014,2/3/16,1942,2/10/14,0630,36911,0531,1,5,7,1942,0,0,0,E,0,5TL21,PACIFIC COAST HWY,FIGUEROA PL,375,W,N,B,-,Y,LA,7,1,-,-,11.73,H,-,N,Y,2,0,2,3,A,-,03,22350,,N,C,E,E,-,H,-,A,D,0,Y,,,,Y,,A,01,1,0,1,0,1,0,0,0,0,- ,- ,,,LOS ANGELES,LOS ANGELES,-118.2841962,33.790890619999999
6445895,2014,7/9/14,1942,3/17/14,1715,40529,0331,1,5,7,1942,0,0,0,C,0,18T39,LA BREA AV,FERNDALE ST,0,,Y,A,-,N,,,,,,,,,,N,2,0,1,2,A,-,10,21950,A,N,G,B,B,A,H,-,A,A,0,Y,,,,Y,,A,07,1,0,0,0,1,0,0,0,0,- ,- ,,,LOS ANGELES,LOS ANGELES,-118.3519301,34.03051009
6446847,2014,7/7/14,1942,3/16/14,2245,06652,1008,7,5,7,1942,0,0,0,J,0,10A99,BALBOA BL,SATICOY ST,1056,N,N,A,-,N,,,,,,,,,,N,2,0,1,2,A,-,11,21955,,N,G,B,D,A,H,-,D,D,0,Y,,,,Y,,N,60,1,0,0,0,1,0,0,0,0,- ,- ,,,LOS ANGELES,LOS ANGELES,-118.50115,34.211316490000002
6448858,2014,7/11/14,1942,3/2/14,2220,40705,1293,7,5,7,1942,0,0,0,L,0,18T23,CENTURY BL,WESTERN AV,10,W,N,A,-,N,,,,,,,,,,Y,2,0,1,2,A,-,11,21456,B,N,G,B,B,A,H,-,C,A,0,Y,,,,Y,,N,60,1,0,0,0,1,0,0,0,0,- ,- ,,,LOS ANGELES,LOS ANGELES,-118.3090629,33.945450600000001
6449272,2014,7/10/14,1942,3/21/14,1600,36705,1438,5,5,7,1942,0,0,0,N,0,14MQ14,OVERLAND AV,PALMS BL,0,S,N,A,-,N,,,,,,,,,,N,2,0,1,2,D,-,00,,,M,G,B,-,A,H,-,A,D,0,Y,,,,Y,,-,- ,1,0,0,0,1,0,0,0,0,- ,- ,,,LOS ANGELES,LOS ANGELES,-118.4116201,34.024730060000003
6450252,2014,7/7/14,1942,3/11/14,1320,39317,0396,2,5,7,1942,0,0,0,C,0,18T23,VERNON AV,MENLO AV,0,,Y,A,-,N,,,,,,,,,,N,2,0,1,2,A,-,10,21950,A,N,G,B,B,A,H,-,A,A,0,Y,,,,Y,,D,22,1,0,0,0,1,0,0,0,0,- ,- ,,,LOS ANGELES,LOS ANGELES,-118.2900301,34.003690110000001
6450938,2014,7/3/14,1942,3/24/14,1530,33779,1545,1,5,7,1942,0,0,0,O,0,15TL44,LAUREL CYN BL,LA MAIDA ST,0,,Y,A,-,N,,,,,,,,,,Y,2,0,1,2,A,-,11,21954,A,N,G,B,E,A,H,-,A,A,0,Y,,,,Y,,N,60,1,0,0,0,1,0,0,0,0,- ,- ,,,LOS ANGELES,LOS ANGELES,-118.3964901,34.158529999999999
6453953,2014,7/22/14,1942,4/17/14,2050,38996,1516,4,5,7,1942,0,0,0,O,0,19T73,LANKERSHIM BL,VANOWEN ST,335,N,N,B,-,N,,,,,,,,,,N,2,0,1,2,A,-,11,21954,A,N,G,B,D,A,H,-,C,D,0,Y,,,,Y,Y,N,60,1,0,0,0,1,0,0,0,0,- ,- ,,,LOS ANGELES,LOS ANGELES,-118.3877878,34.194858760000002
6455100,2014,7/11/14,1942,4/3/14,2035,39282,0529,4,5,7,1942,0,0,0,E,0,5T21,ANAHEIM ST,QUAY AV,163,E,N,A,-,N,,,,,,,,,,Y,2,0,2,4,A,-,01,23152,A,F,B,E,E,A,H,-,C,A,0,Y,,,,Y,Y,A,01,1,1,0,0,1,0,0,0,0,- ,- ,,,LOS ANGELES,LOS ANGELES,-118.2580555,33.780215249999998