CASE_ID,ACCIDENT_YEAR,PROC_DATE,JURIS,COLLISION_DATE,COLLISION_TIME,OFFICER_ID,REPORTING_DISTRICT,DAY_OF_WEEK,CHP_SHIFT,POPULATION,CNTY_CITY_LOC,SPECIAL_COND,BEAT_TYPE,CHP_BEAT_TYPE,CITY_DIVISION_LAPD,CHP_BEAT_CLASS,BEAT_NUMBER,PRIMARY_RD,SECONDARY_RD,DISTANCE,DIRECTION,INTERSECTION,WEATHER_1,WEATHER_2,STATE_HWY_IND,CALTRANS_COUNTY,CALTRANS_DISTRICT,STATE_ROUTE,ROUTE_SUFFIX,POSTMILE_PREFIX,POSTMILE,LOCATION_TYPE,RAMP_INTERSECTION,SIDE_OF_HWY,TOW_AWAY,COLLISION_SEVERITY,NUMBER_KILLED,NUMBER_INJURED,PARTY_COUNT,PRIMARY_COLL_FACTOR,PCF_CODE_OF_VIOL,PCF_VIOL_CATEGORY,PCF_VIOLATION,PCF_VIOL_SUBSECTION,HIT_AND_RUN,TYPE_OF_COLLISION,MVIW,PED_ACTION,ROAD_SURFACE,ROAD_COND_1,ROAD_COND_2,LIGHTING,CONTROL_DEVICE,CHP_ROAD_TYPE,PEDESTRIAN_ACCIDENT,BICYCLE_ACCIDENT,MOTORCYCLE_ACCIDENT,TRUCK_ACCIDENT,NOT_PRIVATE_PROPERTY,ALCOHOL_INVOLVED,STWD_VEHTYPE_AT_FAULT,CHP_VEHTYPE_AT_FAULT,COUNT_SEVERE_INJ,COUNT_VISIBLE_INJ,COUNT_COMPLAINT_PAIN,COUNT_PED_KILLED,COUNT_PED_INJURED,COUNT_BICYCLIST_KILLED,COUNT_BICYCLIST_INJURED,COUNT_MC_KILLED,COUNT_MC_INJURED,PRIMARY_RAMP,SECONDARY_RAMP,LATITUDE,LONGITUDE,COUNTY,CITY,POINT_X,POINT_Y
7127166,2015,12/22/15,1942,11/15/15,0825,39761,1115,7,5,7,1942,0,0,0,K,0,11TL21,EAGLE ROCK BL,FAIR PARK AV,17,N,N,A,-,N,,,,,,,,,,N,2,0,1,2,A,-,10,21950,A,N,G,B,B,A,H,-,A,D,0,Y,,,,Y,,A,01,1,0,0,0,1,0,0,0,0,- ,- ,,,LOS ANGELES,LOS ANGELES,-118.2150358,34.136155090000003
7127835,2015,12/3/15,1942,10/30/15,1645,36633,1037,5,5,7,1942,0,0,0,J,0,10A83,VANOWEN ST,ENCINO AV,0,,Y,A,-,N,,,,,,,,,,N,2,0,1,2,A,-,10,21950,A,N,G,B,B,A,H,-,A,A,0,Y,,,,Y,,A,01,1,0,0,0,1,0,0,0,0,- ,- ,,,LOS ANGELES,LOS ANGELES,-118.51426,34.193690029999999
7128891,2015,12/10/15,1942,11/13/15,1710,41742,1985,5,5,7,1942,0,0,0,,0,19X8,PARTHENIA ST,TOBIAS AV,200,W,N,A,-,N,,,,,,,,,,N,2,0,1,2,A,-,11,21954,A,N,G,B,D,A,H,-,A,A,0,Y,,,,Y,Y,N,60,1,0,0,0,1,0,0,0,0,- ,- ,,,LOS ANGELES,LOS ANGELES,-118.4523121,34.22816546
7130085,2015,8/5/16,1942,11/24/15,1850,33599,1207,2,5,7,1942,0,0,0,L,0,3T5,VERNON AV,VERMONT AV,0,,N,A,-,N,,,,,,,,,,N,2,0,1,2,A,-,11,21954,A,N,G,B,D,A,G,-,A,A,0,Y,,,,Y,,N,60,1,0,0,0,1,0,0,0,0,- ,- ,,,LOS ANGELES,LOS ANGELES,-118.2915701,34.003680090000003
7130579,2015,12/11/15,1942,10/29/15,1800,41019,0233,4,5,7,1942,0,0,0,B,0,4T4,BEVERLY BL,CORONADO ST,53,W,N,A,-,N,,,,,,,,,,N,2,0,1,2,A,-,11,21954,A,N,G,B,D,A,H,-,C,D,0,Y,,,,Y,,N,60,1,0,0,0,1,0,0,0,0,- ,- ,,,LOS ANGELES,LOS ANGELES,-118.2760256,34.069156110000002
7130806,2015,12/15/15,1941,11/24/15,0820,5407,,2,5,7,1941,0,0,0,,0,,TERRAINE AV,COLORADO ST,200,N,N,A,-,N,,,,,,,,,,N,2,0,1,2,D,-,00,,,N,G,B,D,A,H,-,A,A,0,Y,,,,Y,,-,- ,1,0,0,0,1,0,0,0,0,- ,- ,,,LOS ANGELES,LONG BEACH,-118.127427,33.77039843
7130876,2015,12/10/15,1942,11/21/15,0945,31476,0489,6,5,7,1942,0,0,0,D,0,13TL53,GLENN ST,HOSTETTER ST,0,,Y,A,-,N,,,,,,,,,,N,2,0,1,2,A,-,10,21950,A,F,G,B,D,A,H,-,A,A,0,Y,,,,Y,,N,60,1,0,0,0,1,0,0,0,0,- ,- ,,,LOS ANGELES,LOS ANGELES,-118.217075,34.024498000000001
7132912,2015,12/16/15,1942,11/27/15,1535,34458,0139,5,5,7,1942,0,0,0,A,0,4TL4,2ND ST,ALAMEDA ST,13,E,N,A,-,N,,,,,,,,,,N,2,0,1,2,A,-,10,21950,A,N,G,B,B,A,H,-,A,A,0,Y,,,,Y,,A,01,1,0,0,0,1,0,0,0,0,- ,- ,,,LOS ANGELES,LOS ANGELES,-118.2380672,34.047150850000001
7134585,2015,12/17/15,1942,11/12/15,1520,40164,0889,4,5,7,1942,0,0,0,H,0,8TL28,LA CIENEGA BL,GUTHRIE AV,32,S,N,A,-,N,,,,,,,,,,N,2,0,1,2,A,-,10,21950,A,N,G,B,D,A,H,-,A,A,0,Y,,,,Y,,A,07,1,0,0,0,1,0,0,0,0,- ,- ,,,LOS ANGELES,LOS ANGELES,-118.3770132,34.04025438
7134608,2015,12/18/15,1942,11/24/15,1825,40869,1821,2,5,7,1942,0,0,0,R,0,12TL42,CENTURY BL,DENVER AV,65,E,N,A,-,N,,,,,,,,,,N,2,0,1,2,A,-,11,21956,A,F,G,B,C,A,H,-,C,D,0,Y,,,,Y,,-,99,1,0,0,0,1,0,0,0,0,- ,- ,,,LOS ANGELES,LOS ANGELES,-118.2845561,33.945520000000002
7134625,2015,12/18/15,1942,11/15/15,2225,39022,2015,7,5,7,1942,0,0,0,,0,14TL47,BEVERLY BL,NORMANDIE PL,0,,Y,A,-,N,,,,,,,,,,N,2,0,1,2,A,-,11,21954,A,F,G,B,D,A,H,-,C,D,0,Y,,,,Y,,N,60,1,0,0,0,1,0,0,0,0,- ,- ,,,LOS ANGELES,LOS ANGELES,-118.3011901,34.076290059999998
7135283,2015,1/7/16,1942,12/15/15,1500,41877,0841,2,5,7,1942,0,0,0,H,0,8A12,TEXAS AV,AMHERST AV,0,,Y,A,-,N,,,,,,,,,,N,2,0,1,2,A,-,10,21950,C,N,B,A,D,A,H,-,A,D,0,Y,,,,Y,,A,01,1,0,0,0,1,0,0,0,0,- ,- ,,,LOS ANGELES,LOS ANGELES,-118.4669201,34.042190050000002
7135334,2015,3/29/17,1942,12/17/15,1403,31152,0412,4,5,7,1942,0,0,0,D,0,11TL25,DALY ST,AVE 26,13,S,N,A,-,N,,,,,,,,,,N,1,1,0,2,A,-,10,21950,A,N,G,B,B,A,H,-,A,A,0,Y,,,,Y,,A,07,0,0,0,1,0,0,0,0,0,- ,- ,,,LOS ANGELES,LOS ANGELES,-118.21571,34.076464350000002
7135992,2015,2/9/16,1942,12/1/15,1250,36238,0455,2,5,7,1942,0,0,0,D,0,1T11,SOTO ST,CESAR E CHAVEZ,48,S,N,A,-,N,,,,,,,,,,N,2,0,1,2,A,-,11,21954,A,N,G,-,D,A,H,-,A,D,0,Y,,,,Y,Y,N,60,1,0,0,0,1,0,0,0,0,- ,- ,,,LOS ANGELES,LOS ANGELES,-118.2078812,34.046692450000002
7136924,2015,12/17/15,1942,11/29/15,1140,39317,0334,7,5,7,1942,0,0,0,C,0,12T41,JEFFERSON BL,BRONSON AV,50,W,N,A,-,N,,,,,,,,,,N,2,0,1,2,A,-,11,21954,A,F,G,B,D,A,H,-,A,D,0,Y,,,,Y,,N,60,1,0,0,0,1,0,0,0,0,- ,- ,,,LOS ANGELES,LOS ANGELES,-118.3340047,34.025590000000001
7136944,2015,12/17/15,1942,11/28/15,1810,41072,0566,6,5,7,1942,0,0,0,E,0,3T5W3,PACIFIC AV,10TH ST,9,N,N,A,-,N,,,,,,,,,,N,2,0,1,2,A,-,10,21950,A,N,G,B,B,A,H,-,C,A,0,Y,,,,Y,,A,01,1,0,0,0,1,0,0,0,0,- ,- ,,,LOS ANGELES,LOS ANGELES,-118.28793,33.73517468
7138011,2015,12/21/15,1942,11/21/15,1755,41210,0667,6,5,7,1942,0,0,0,F,0,6T7,BRONSON AV,LEXINGTON AV,0,,Y,A,-,N,,,,,,,,,,N,2,0,1,2,A,-,11,21956,A,N,G,B,D,A,H,-,C,A,0,Y,,,,Y,,N,60,1,0,0,0,1,0,0,0,0,- ,- ,,,LOS ANGELES,LOS ANGELES,-118.3179401,34.092760040000002
7141591,2015,1/4/16,1941,12/10/15,1851,10538,,4,5,7,1941,0,0,0,,0,,ATLANTIC AV,ATLANTIC PL,115,N,N,A,-,N,,,,,,,,,,N,2,0,1,2,C,-,18,,,N,A,B,D,A,H,-,D,D,0,Y,,,,Y,Y,-,- ,1,0,0,0,1,0,0,0,0,- ,- ,,,LOS ANGELES,LONG BEACH,-118.18595,33.880569999999999
7141647,2015,3/29/17,1942,12/19/15,0835,40290,1544,6,5,7,1942,0,0,0,O,0,15TL47,RIVERSIDE DR,RHODES AV,13,E,N,A,-,N,,,,,,,,,,N,1,1,0,2,A,-,10,21950,A,N,G,B,B,A,H,-,A,D,0,Y,,,,Y,,D,22,0,0,0,1,0,0,0,0,0,- ,- ,,,LOS ANGELES,LOS ANGELES,-118.4030971,34.157620000000001
7141807,2015,12/30/15,1941,12/11/15,1057,10764,,5,5,7,1941,0,0,0,,0,,JUNIPERO AV,14TH ST,96,S,N,A,-,N,,,,,,,,,,N,2,0,1,2,D,-,00,,,N,G,B,F,A,H,-,A,D,0,Y,,,,Y,,-,- ,1,0,0,0,1,0,0,0,0,- ,- ,,,LOS ANGELES,LONG BEACH,-118.16335,33.78415674
7145007,2015,1/9/16,1942,9/15/15,0125,32654,1908,2,5,7,1942,0,0,0,,0,6D254,HUBBARD ST,ELDRIDGE AV,7,W,N,C,-,N,,,,,,,,,,Y,2,0,1,2,A,-,03,22350,,N,G,B,E,B,-,-,C,D,0,Y,,,,Y,,A,01,1,0,0,0,1,0,0,0,0,- ,- ,,,LOS ANGELES,LOS ANGELES,-118.421336,34.31537617
7146141,2015,12/31/15,1942,12/14/15,0250,38721,0645,1,5,7,1942,0,0,0,F,0,20T59,LANEWOOD AV,LA BREA,200,E,N,A,-,N,,,,,,,,,,N,2,0,1,2,A,-,11,21954,A,F,G,B,E,A,H,-,C,D,0,Y,,,,Y,,N,60,1,0,0,0,1,0,0,0,0,- ,- ,,,LOS ANGELES,LOS ANGELES,-118.3438406,34.099209999999999
7146271,2015,1/4/16,1942,12/13/15,1950,36814,0459,7,5,7,1942,0,0,0,D,0,1TL11,EVERGREEN AV,BOULDER ST,80,S,N,C,-,N,,,,,,,,,,Y,2,0,1,2,A,-,11,21954,A,F,G,B,D,B,H,-,C,D,0,Y,,,,Y,,N,60,1,0,0,0,1,0,0,0,0,- ,- ,,,LOS ANGELES,LOS ANGELES,-118.1991479,34.045588170000002
7146303,2015,1/4/16,1942,12/8/15,1816,36784,1841,2,5,7,1942,0,0,0,R,0,12T73,VERMONT AV,115TH ST,0,,Y,A,-,N,,,,,,,,,,N,2,0,2,3,A,-,11,21954,A,N,G,B,D,A,H,-,B,D,0,Y,,,,Y,,N,60,1,1,0,0,2,0,0,0,0,- ,- ,,,LOS ANGELES,LOS ANGELES,-118.2916,33.930039999999998
7149410,2015,1/6/16,1941,12/25/15,1523,10802,,5,5,7,1941,0,0,0,,0,,ANAHEIM ST,REDONDO AV,0,,Y,A,-,N,,,,,,,,,,Y,2,0,2,3,A,-,01,23153,A,N,A,B,F,A,H,-,A,A,0,Y,,,,Y,Y,A,,2,0,0,0,1,0,0,0,0,- ,- ,,,LOS ANGELES,LONG BEACH,-118.15242,33.782600090000003
7150630,2015,2/2/16,1942,12/11/15,1745,40606,0231,5,5,7,1942,0,0,0,B,0,2A75,BEVERLY BL,OCCIDENTAL BL,0,,Y,A,-,N,,,,,,,,,,N,2,0,1,2,A,-,10,21950,A,N,G,B,D,B,H,-,C,D,0,Y,,,,Y,,-,,1,0,0,0,1,0,0,0,0,- ,- ,,,LOS ANGELES,LOS ANGELES,-118.2801501,34.07094008
7154397,2015,1/11/16,1942,12/16/15,1115,38357,0238,3,5,7,1942,0,0,0,B,0,4TL45,EDGEWARE RD,TEMPLE ST,18,N,N,A,-,N,,,,,,,,,,N,2,0,1,2,A,-,10,21950,A,N,G,B,B,A,H,-,A,D,0,Y,,,,Y,,A,01,1,0,0,0,1,0,0,0,0,- ,- ,,,LOS ANGELES,LOS ANGELES,-118.25461,34.066721000000001
7157229,2015,1/29/16,1942,11/21/15,0011,37575,2079,6,5,7,1942,0,0,0,,0,20T59,PICO BL,WESTMORELAND AV,121,W,N,A,-,N,,,,,,,,,,N,2,0,1,2,A,-,11,21954,A,F,G,B,E,A,H,-,C,D,0,Y,,,,Y,,N,60,1,0,0,0,1,0,0,0,0,- ,- ,,,LOS ANGELES,LOS ANGELES,-118.2895686,34.047274219999998
7157241,2015,1/29/16,1942,11/21/15,0010,37575,2079,6,5,7,1942,0,0,0,,0,20T59,PICO BL,WESTMORELAND AV,134,W,N,A,-,N,,,,,,,,,,N,2,0,1,2,A,-,11,21954,A,F,G,B,D,A,H,-,C,D,0,Y,,,,Y,,N,60,1,0,0,0,1,0,0,0,0,- ,- ,,,LOS ANGELES,LOS ANGELES,-118.2896114,34.047273599999997
7157648,2015,1/25/16,1942,12/26/15,1910,40383,1003,6,5,7,1942,0,0,0,J,0,10T37,RESEDA BL,LANARK ST,245,S,N,A,-,N,,,,,,,,,,N,2,0,1,2,A,-,11,21955,,N,G,B,D,A,H,-,C,D,0,Y,,,,Y,,N,60,1,0,0,0,1,0,0,0,0,- ,- ,,,LOS ANGELES,LOS ANGELES,-118.53607,34.216788039999997
7158063,2015,1/25/16,1942,12/21/15,1850,42042,2019,1,5,7,1942,0,0,0,,0,20A14,3RD ST,VERMONT AV,115,W,N,A,-,N,,,,,,,,,,Y,2,0,2,2,A,-,11,21954,A,N,G,B,D,A,H,-,C,A,0,Y,,Y,,Y,,N,60,1,0,1,0,1,0,0,0,1,- ,- ,,,LOS ANGELES,LOS ANGELES,-118.292029,34.069049999999997
7158067,2015,1/25/16,1942,12/22/15,1100,25481,2088,2,5,7,1942,0,0,0,,0,14MQ75,VENICE BL,VERMONT AV,0,,Y,C,-,N,,,,,,,,,,N,2,0,1,2,A,-,11,21950,B,N,G,B,B,B,H,-,A,A,0,Y,,,,Y,,N,60,1,0,0,0,1,0,0,0,0,- ,- ,,,LOS ANGELES,LOS ANGELES,-118.2916001,34.044260029999997
7158460,2016,1/27/16,1942,1/8/16,2235,39578,1792,5,5,7,1942,0,0,0,Q,0,17A95,TAMPA AV,PARTHENA AVE,0,,Y,A,-,N,,,,,,,,,,N,2,0,1,2,A,-,10,21950,A,F,G,B,B,A,H,-,C,A,0,Y,,,,Y,,-,99,1,0,0,0,1,0,0,0,0,- ,- ,,,LOS ANGELES,LOS ANGELES,-118.5535501,34.22823004
7160823,2016,1/21/16,1942,1/9/16,0615,41054,0743,6,5,7,1942,0,0,0,G,0,7TL23,OLYMPIC BL,GENESEE AV,0,,Y,A,-,N,,,,,,,,,,Y,2,0,1,2,A,-,12,21453,A,N,G,B,B,A,H,-,C,A,0,Y,,,,Y,,A,01,1,0,0,0,1,0,0,0,0,- ,- ,,,LOS ANGELES,LOS ANGELES,-118.36087,34.057700060000002
7165138,2016,1/28/16,1942,1/3/16,1735,34426,0235,7,5,7,1942,0,0,0,B,0,2TL28,BEVERLY BL,ROSEMONT AV,0,,Y,A,-,N,,,,,,,,,,N,2,0,1,2,A,-,10,21950,A,N,G,B,B,A,H,-,C,A,0,Y,,,,Y,,A,01,1,0,0,0,1,0,0,0,0,- ,- ,,,LOS ANGELES,LOS ANGELES,-118.2728301,34.067740000000001
7165988,2015,1/26/16,1942,12/27/15,1625,38013,1424,7,5,7,1942,0,0,0,N,0,8TL28,ROSE AV,CENTINELLA AV,7,W,N,A,-,N,,,,,,,,,,N,2,0,1,2,A,-,10,21950,A,F,G,B,B,A,H,-,A,A,0,Y,,,,Y,,-,99,1,0,0,0,1,0,0,0,0,- ,- ,,,LOS ANGELES,LOS ANGELES,-118.44204,34.014780510000001
7166804,2016,2/29/16,1942,1/5/16,2000,34088,1409,2,5,7,1942,0,0,0,N,0,GTL7,CAMFIELD AV,VENICE BL,0,,Y,B,-,N,,,,,,,,,,N,2,0,1,2,A,-,11,21950,B,N,G,B,B,A,H,-,C,A,0,Y,,,,Y,,A,01,1,0,0,0,1,0,0,0,0,- ,- ,,,LOS ANGELES,LOS ANGELES,-118.3941001,34.026030009999999
7167529,2016,2/4/16,1942,1/20/16,1850,40869,1822,3,5,7,1942,0,0,0,R,0,3T57,BROADWAY,95TH ST,71,N,N,A,-,N,,,,,,,,,,N,2,0,1,2,A,-,11,21954,A,F,G,B,D,A,H,-,C,D,0,Y,,,,Y,Y,N,60,1,0,0,0,1,0,0,0,0,- ,- ,,,LOS ANGELES,LOS ANGELES,-118.278401,33.950277999999997
7167559,2015,2/4/16,1942,11/28/15,1130,36320,1538,6,5,7,1942,0,0,0,O,0,15A1,HATTERAS ST,TUJUNGA AV,40,E,N,A,-,N,,,,,,,,,,N,2,0,1,2,A,-,11,21954,A,N,G,B,D,A,H,-,A,D,0,Y,,,,Y,Y,N,60,1,0,0,0,1,0,0,0,0,- ,- ,,,LOS ANGELES,LOS ANGELES,-118.378908,34.175780000000003
7167845,2015,1/26/16,1942,12/8/15,1800,40975,1861,2,5,7,1942,0,0,0,R,0,,VERMONT AV,117TH ST,600,S,N,A,-,N,,,,,,,,,,N,2,0,1,2,A,-,11,21954,A,F,G,B,D,A,H,-,A,D,0,Y,,,,Y,,-,99,1,0,0,0,1,0,0,0,0,- ,- ,,,LOS ANGELES,LOS ANGELES,-118.291565,33.925683999999997
7168045,2016,6/17/16,1942,1/6/16,0540,37540,1346,3,5,7,1942,0,0,0,M,0,4T4,42ND ST,ASCOT AV,0,,Y,B,-,N,,,,,,,,,,N,1,1,0,2,A,-,10,21950,A,F,G,B,B,B,H,-,C,D,0,Y,,,,Y,,-,99,0,0,0,1,0,0,0,0,0,- ,- ,,,LOS ANGELES,LOS ANGELES,-118.24965,34.007210000000001
7171952,2015,2/2/16,1942,12/4/15,1730,39217,1551,5,5,7,1942,0,0,0,O,0,21TL62,RIVERSIDE DR,RHODES AV,0,,Y,A,-,N,,,,,,,,,,Y,2,0,1,2,A,-,10,21950,A,N,G,B,B,A,H,-,C,A,0,Y,,,,Y,,A,01,1,0,0,0,1,0,0,0,0,- ,- ,,,LOS ANGELES,LOS ANGELES,-118.4031401,34.157620020000003
7173965,2015,2/4/16,1942,12/29/15,1240,40690,0805,2,5,7,1942,0,0,0,H,0,8T28,LINDA FLORA DR,ROSCOMARE RD,4250,W,N,A,-,N,,,,,,,,,,N,2,0,1,2,A,-,03,22350,A,F,G,B,E,A,H,-,A,D,0,Y,,,,Y,,-,99,1,0,0,0,1,0,0,0,0,- ,- ,,,LOS ANGELES,LOS ANGELES,-118.4659544,34.104489749999999
7173993,2015,10/23/17,1941,12/29/15,2136,6039,,2,5,7,1941,0,0,0,,0,,MAGNOLIA AV,ESTHER ST,116,S,N,A,-,N,,,,,,,,,,N,1,1,0,2,A,-,11,21954,A,N,G,B,D,A,H,-,C,D,0,Y,,,,Y,,N,,0,0,0,1,0,0,0,0,0,- ,- ,,,LOS ANGELES,LONG BEACH,-118.198099,33.788551900000002
7175302,2015,2/3/16,1942,12/2/15,1340,37377,1757,3,5,7,1942,0,0,0,Q,0,17A67,BALBOA BL,DEVONSHIRE ST,360,S,N,A,-,N,,,,,,,,,,N,2,0,1,2,A,-,11,21954,A,N,G,B,D,A,H,-,A,D,0,Y,,,,Y,,N,60,1,0,0,0,1,0,0,0,0,- ,- ,,,LOS ANGELES,LOS ANGELES,-118.50234,34.256552560000003
7176646,2016,2/4/16,1942,1/16/16,2130,32774,1964,6,5,7,1942,0,0,0,,0,10T37,VAN NUYS BL,NORDHOFF ST,403,N,N,A,-,N,,,,,,,,,,N,2,0,1,2,A,-,11,21954,A,N,G,B,D,A,H,-,C,D,0,Y,,,,Y,,N,60,1,0,0,0,1,0,0,0,0,- ,- ,,,LOS ANGELES,LOS ANGELES,-118.45025,34.236515400000002
7178528,2016,2/16/16,1942,1/26/16,1830,40897,1313,2,5,7,1942,0,0,0,M,0,13X94,WALL ST,21ST ST,9,S,N,A,-,N,,,,,,,,,,N,2,0,1,2,A,-,11,21954,A,N,G,B,D,A,H,-,C,D,0,Y,,,,Y,,N,60,1,0,0,0,1,0,0,0,0,- ,- ,,,LOS ANGELES,LOS ANGELES,-118.2616227,34.027197690000001
7178547,2016,2/16/16,1942,1/23/16,1220,32996,0233,6,5,7,1942,0,0,0,B,0,1TL13,RAMPART BL,2ND ST,8,S,N,A,-,N,,,,,,,,,,N,2,0,1,2,A,-,06,21951,,N,G,B,B,A,H,-,A,A,0,Y,,,,Y,,A,01,1,0,0,0,1,0,0,0,0,- ,- ,,,LOS ANGELES,LOS ANGELES,-118.2774922,34.068450560000002
7179884,2016,2/16/16,1942,1/29/16,2005,39651,1445,5,5,7,1942,0,0,0,N,0,14T47,VENICE BL,CENTINELLA AV,78,W,N,A,-,N,,,,,,,,,,N,2,0,1,2,A,-,11,21956,A,N,G,B,D,A,H,-,A,D,0,Y,,,,Y,,N,60,1,0,0,0,1,0,0,0,0,- ,- ,,,LOS ANGELES,LOS ANGELES,-118.4338209,34.003640730000001
7183846,2016,2/18/16,1942,2/1/16,1755,39624,1402,1,5,7,1942,0,0,0,N,0,8T35,NATIONAL BL,FEDERAL AV,0,,Y,A,-,N,,,,,,,,,,N,2,0,1,2,A,-,03,22350,,N,G,B,B,A,H,-,C,D,0,Y,,,,Y,,-,99,1,0,0,0,1,0,0,0,0,- ,- ,,,LOS ANGELES,LOS ANGELES,-118.4366101,34.023680089999999
7184315,2016,2/19/16,1942,1/31/16,1015,41396,1613,7,5,7,1942,0,0,0,P,0,21T67,VAN NUYS BL,BORDEN AV,15,W,N,C,-,N,,,,,,,,,,N,2,0,1,2,A,-,11,21456,B,N,A,B,B,B,H,-,A,A,0,Y,,,,Y,,N,60,1,0,0,0,1,0,0,0,0,- ,- ,,,LOS ANGELES,LOS ANGELES,-118.4084569,34.276052569999997
7184539,2016,2/19/16,1942,2/2/16,1840,42191,1549,2,5,7,1942,0,0,0,O,0,19X8,BURBANK BL,FULCHER AV,5,E,N,A,-,N,,,,,,,,,,N,2,0,1,2,A,-,10,21950,A,N,G,B,B,A,H,-,C,A,0,Y,,,,Y,,A,01,1,0,0,0,1,0,0,0,0,- ,- ,,,LOS ANGELES,LOS ANGELES,-118.3730335,34.172150000000002
7186213,2016,3/10/16,1942,1/19/16,1748,42005,849,2,5,7,1942,0,0,0,,0,8A59,SHENANDOAH ST,OLYMPIC,250,N,N,B,C,N,,,,,,,,,,N,2,0,1,2,A,-,03,22350,,N,G,B,D,B,H,-,C,D,0,Y,,,,Y,,A,01,1,0,0,0,1,0,0,0,0,- ,- ,,,LOS ANGELES,LOS ANGELES,-118.3814125,34.060045539999997
7187188,2016,2/17/16,1942,1/4/16,1730,39847,1615,1,5,7,1942,0,0,0,P,0,16X72,FOOTHILL BL,PIERCE ST,0,,Y,A,-,N,,,,,,,,,,N,2,0,1,2,A,-,10,21950,A,N,A,B,B,A,H,-,B,D,0,Y,,,,Y,,-,,1,0,0,0,1,0,0,0,0,- ,- ,,,LOS ANGELES,LOS ANGELES,-118.3986701,34.277850090000001
7188445,2016,3/16/17,1942,2/10/16,1800,39308,0906,3,5,7,1942,0,0,0,I,0,9X84,HAZELTINE AV,VALERIO ST,146,N,N,A,-,N,,,,,,,,,,N,1,1,0,2,A,-,11,21954,A,F,G,B,D,A,H,-,A,D,0,Y,,,,Y,,N,60,0,0,0,1,0,0,0,0,0,- ,- ,,,LOS ANGELES,LOS ANGELES,-118.4399856,34.205220449999999
7189017,2016,2/24/16,1942,1/29/16,1605,32758,0558,5,5,7,1942,0,0,0,E,0,5A12,SEPULVEDA ST,MESA AV,171,W,N,A,-,N,,,,,,,,,,N,2,0,1,2,A,-,11,21954,A,F,G,B,D,A,H,-,A,A,0,Y,,,,Y,,N,60,1,0,0,0,1,0,0,0,0,- ,- ,,,LOS ANGELES,LOS ANGELES,-118.2862905,33.745119270000004
7190001,2016,9/27/18,1942,1/11/16,1735,41072,1849,1,5,7,1942,0,0,0,R,0,18T23,115TH ST,GRAPE ST,300,E,N,A,-,N,,,,,,,,,,Y,1,1,0,2,A,-,11,21954,A,N,G,B,D,A,H,-,C,D,0,Y,,,,Y,Y,N,60,0,0,0,1,0,0,0,0,0,- ,- ,,,LOS ANGELES,LOS ANGELES,-118.235365,33.930477349999997
7190002,2016,2/17/16,1942,1/19/16,1840,30083,0412,2,5,7,1942,0,0,0,D,0,11T21,AVE 26,ARTESIAN ST,8,E,N,B,-,N,,,,,,,,,,N,1,1,0,2,A,-,11,21954,A,F,G,B,D,A,H,-,C,D,0,Y,,,,Y,,N,60,0,0,0,1,0,0,0,0,0,- ,- ,,,LOS ANGELES,LOS ANGELES,-118.2191538,34.080542690000001
7190034,2016,2/23/16,1942,2/4/16,1850,41376,2021,4,5,7,1942,0,0,0,,0,20T58,WILSHIRE BL,CRENSHAW BL,0,,Y,A,-,N,,,,,,,,,,N,1,1,0,2,A,-,11,21954,A,N,G,B,D,A,H,-,A,A,0,Y,,,,Y,,N,60,0,0,0,1,0,0,0,0,0,- ,- ,,,LOS ANGELES,LOS ANGELES,-118.3191601,34.061730099999998
7190111,2016,4/23/16,1942,3/22/16,0728,32774,1656,2,5,7,1942,0,0,0,P,0,21TL65,APPERSON ST,NEWHOME AV,0,,Y,A,-,N,,,,,,,,,,Y,1,1,0,2,A,-,11,21954,A,N,G,B,D,A,H,-,A,D,0,Y,,,,Y,,N,60,0,0,0,1,0,0,0,0,0,- ,- ,,,LOS ANGELES,LOS ANGELES,-118.32138,34.256110110000002
7190128,2016,4/23/16,1942,3/3/16,0631,36399,1255,4,5,7,1942,0,0,0,L,0,3T5,NORMANDIE AV,76TH ST,25,S,N,A,-,N,,,,,,,,,,N,1,1,0,2,A,-,17,21663,,F,G,B,F,A,H,-,A,D,0,Y,,,,Y,,-,99,0,0,0,1,0,0,0,0,0,- ,- ,,,LOS ANGELES,LOS ANGELES,-118.30031,33.970911430000001
7190148,2016,5/2/16,1942,4/11/16,2020,41397,2102,1,5,7,1942,0,0,0,,0,21T65,ROSCOE BL,JASON AV,0,,Y,A,-,N,,,,,,,,,,Y,1,2,0,3,A,-,10,21950,A,N,G,B,B,A,H,-,C,A,0,Y,,,,Y,,A,07,0,0,0,2,0,0,0,0,0,- ,- ,,,LOS ANGELES,LOS ANGELES,-118.6354801,34.219220110000002
7190178,2016,9/27/18,1942,4/5/16,1055,32973,0499,2,5,7,1942,0,0,0,D,0,11T32,OLYMPIC BL,PRADO ST,0,,Y,A,-,N,,,,,,,,,,N,1,1,0,2,A,-,10,21950,A,N,G,B,B,A,H,-,A,A,0,Y,,,,Y,Y,A,07,0,0,0,1,0,0,0,0,0,- ,- ,,,LOS ANGELES,LOS ANGELES,-118.19427,34.01885
7190226,2016,7/7/16,1942,5/14/16,1800,40415,1841,6,5,7,1942,0,0,0,R,0,18T23,VERMONT AV,111TH ST,72,N,N,A,-,N,,,,,,,,,,N,1,1,0,2,A,-,11,21954,A,N,G,B,D,A,H,-,B,A,0,Y,,,,Y,,N,60,0,0,0,1,0,0,0,0,0,- ,- ,,,LOS ANGELES,LOS ANGELES,-118.291605,33.93477