CASE_ID,ACCIDENT_YEAR,PROC_DATE,JURIS,COLLISION_DATE,COLLISION_TIME,OFFICER_ID,REPORTING_DISTRICT,DAY_OF_WEEK,CHP_SHIFT,POPULATION,CNTY_CITY_LOC,SPECIAL_COND,BEAT_TYPE,CHP_BEAT_TYPE,CITY_DIVISION_LAPD,CHP_BEAT_CLASS,BEAT_NUMBER,PRIMARY_RD,SECONDARY_RD,DISTANCE,DIRECTION,INTERSECTION,WEATHER_1,WEATHER_2,STATE_HWY_IND,CALTRANS_COUNTY,CALTRANS_DISTRICT,STATE_ROUTE,ROUTE_SUFFIX,POSTMILE_PREFIX,POSTMILE,LOCATION_TYPE,RAMP_INTERSECTION,SIDE_OF_HWY,TOW_AWAY,COLLISION_SEVERITY,NUMBER_KILLED,NUMBER_INJURED,PARTY_COUNT,PRIMARY_COLL_FACTOR,PCF_CODE_OF_VIOL,PCF_VIOL_CATEGORY,PCF_VIOLATION,PCF_VIOL_SUBSECTION,HIT_AND_RUN,TYPE_OF_COLLISION,MVIW,PED_ACTION,ROAD_SURFACE,ROAD_COND_1,ROAD_COND_2,LIGHTING,CONTROL_DEVICE,CHP_ROAD_TYPE,PEDESTRIAN_ACCIDENT,BICYCLE_ACCIDENT,MOTORCYCLE_ACCIDENT,TRUCK_ACCIDENT,NOT_PRIVATE_PROPERTY,ALCOHOL_INVOLVED,STWD_VEHTYPE_AT_FAULT,CHP_VEHTYPE_AT_FAULT,COUNT_SEVERE_INJ,COUNT_VISIBLE_INJ,COUNT_COMPLAINT_PAIN,COUNT_PED_KILLED,COUNT_PED_INJURED,COUNT_BICYCLIST_KILLED,COUNT_BICYCLIST_INJURED,COUNT_MC_KILLED,COUNT_MC_INJURED,PRIMARY_RAMP,SECONDARY_RAMP,LATITUDE,LONGITUDE,COUNTY,CITY,POINT_X,POINT_Y
8648255,2018,5/26/20,1942,8/21/18,1845,37560,0583,2,5,7,1942,0,0,0,E,0,25T24,S WESTERN AV,25TH ST,508,S,N,A,-,N,,,,,,,,,,Y,1,1,3,3,A,-,03,22350,,N,E,I,F,A,H,-,A,D,0,Y,,,,Y,Y,A,01,0,1,2,0,2,0,0,0,0,- ,- ,,,LOS ANGELES,LOS ANGELES,-118.3141327,33.722049713134766
8648260,2018,5/22/20,1942,9/29/18,0620,40404,0566,6,5,7,1942,0,0,0,E,0,5A59,W 9TH ST,PACIFIC AV,68,W,N,B,-,N,,,,,,,,,,N,1,1,0,2,A,-,11,21954,A,N,G,B,D,A,H,-,C,D,0,Y,,,,Y,,N,60,0,0,0,1,0,0,0,0,0,- ,- ,,,LOS ANGELES,LOS ANGELES,-118.2881546,33.736038208007812
8648286,2018,10/25/18,1942,10/1/18,1925,40576,2162,1,5,7,1942,0,0,0,,0,21A73,FALLBROOK AV,CALIFA ST,72,N,N,A,-,N,,,,,,,,,,Y,1,1,1,3,A,-,11,21954,A,N,G,B,D,A,H,-,D,D,0,Y,,,,Y,,N,60,0,0,1,1,0,0,0,0,0,- ,- ,,,LOS ANGELES,LOS ANGELES,-118.6233368,34.177566528320312
8648290,2018,5/26/20,1942,10/8/18,0240,42309,1993,1,5,7,1942,0,0,0,,0,19A93,BURNET AV,BURTON ST,28,N,N,B,-,N,,,,,,,,,,Y,1,1,0,2,A,-,11,21954,A,N,A,B,D,A,H,-,D,A,0,Y,,,,Y,Y,N,60,0,0,0,1,0,0,0,0,0,- ,- ,,,LOS ANGELES,LOS ANGELES,-118.4638519,34.220554351806641
8648292,2018,10/25/18,1942,10/24/18,0550,37505,,3,5,7,1942,0,0,0,,0,,54 AV,YORK BL,11,S,N,A,-,N,,,,,,,,,,Y,1,1,0,2,A,-,11,21950,B,F,D,B,E,A,H,-,C,A,0,Y,,,,Y,,-,- ,0,0,0,1,0,0,0,0,0,- ,- ,,,LOS ANGELES,LOS ANGELES,-118.199197,34.119959999999999
8648293,2017,4/10/19,1942,12/9/17,0140,41271,0291,6,5,7,1942,0,0,0,B,0,2A92,S HOOVER ST,W VENICE BL,13,N,N,A,-,N,,,,,,,,,,N,1,1,0,2,A,-,10,21950,A,F,A,B,B,A,H,-,C,A,0,Y,,,,Y,Y,-,- ,0,0,0,1,0,0,0,0,0,- ,- ,,,LOS ANGELES,LOS ANGELES,-118.28415,34.043835649999998
8648306,2018,5/21/20,1942,9/26/18,2140,39062,1372,3,5,7,1942,0,0,0,M,0,13A85,E 52ND ST,AVALON BL,0,,Y,A,-,N,,,,,,,,,,Y,1,1,0,2,A,-,11,21954,A,N,G,B,E,A,H,-,C,A,0,Y,,,,Y,,N,60,0,0,0,1,0,0,0,0,0,- ,- ,,,LOS ANGELES,LOS ANGELES,-118.2652283,33.995738983154297
8648308,2018,5/26/20,1942,10/15/18,2015,39299,0393,1,5,7,1942,0,0,0,C,0,3A73,CRENSHAW BL,STOCKER ST,140,S,N,A,-,N,,,,,,,,,,N,1,1,0,2,A,-,11,21955,,N,G,B,D,A,H,-,C,A,0,Y,,,,Y,Y,N,60,0,0,0,1,0,0,0,0,0,- ,- ,,,LOS ANGELES,LOS ANGELES,-118.335083,34.008045196533203
8648368,2018,5/26/20,1942,11/8/18,2125,40388,1757,4,5,7,1942,0,0,0,Q,0,17A49,DEVONSHIRE ST,BALBOA BL,86,E,N,A,-,N,,,,,,,,,,N,1,1,0,2,A,-,11,21956,A,F,G,B,D,A,H,-,C,A,0,Y,,,,Y,Y,N,60,0,0,0,1,0,0,0,0,0,- ,- ,,,LOS ANGELES,LOS ANGELES,-118.5020447,34.257541656494141
8648376,2018,11/30/18,1942,10/15/18,2250,41129,0563,1,5,7,1942,0,0,0,E,0,5A85,GAFFEY ST,14TH ST,5,,N,A,-,N,,,,,,,,,,N,1,1,1,2,A,-,11,21950,B,N,G,B,C,-,H,-,C,A,0,Y,,Y,,Y,Y,N,60,0,0,1,1,0,0,0,0,1,- ,- ,,,LOS ANGELES,LOS ANGELES,-118.2923737,33.731540679931641
8648392,2018,12/5/18,1942,10/26/18,1858,41072,0301,5,5,7,1942,0,0,0,C,0,25T21,ADAMS BL,BURNSIDE AV,23,W,N,A,-,N,,,,,,,,,,N,2,0,1,2,A,-,11,21954,A,N,G,-,D,A,H,-,C,A,0,Y,,,,Y,,N,60,1,0,0,0,1,0,0,0,0,- ,- ,,,LOS ANGELES,LOS ANGELES,-118.3605728,34.032478332519531
8648406,2018,5/21/20,1942,11/10/18,0105,39022,2019,6,5,7,1942,0,0,0,,0,20A39,N VIRGIL AV,1ST ST,120,S,N,A,-,N,,,,,,,,,,N,1,1,0,2,A,-,11,21956,A,F,G,B,E,A,H,-,C,D,0,Y,,,,Y,,N,60,0,0,0,1,0,0,0,0,0,- ,- ,,,LOS ANGELES,LOS ANGELES,-118.2867813,34.073471069335938
8648436,2018,5/21/20,1942,11/7/18,2150,42069,1219,3,5,7,1942,0,0,0,L,0,12A15,FIGUEROA ST,57TH ST,0,,Y,A,-,N,,,,,,,,,,N,1,1,0,2,A,-,10,21950,A,F,G,B,B,A,H,-,C,A,0,Y,,,,Y,,-,99,0,0,0,1,0,0,0,0,0,- ,- ,,,LOS ANGELES,LOS ANGELES,-118.2826767,33.990550994873047
8648492,2018,5/22/20,1942,12/20/18,1850,42364,0343,4,5,7,1942,0,0,0,C,0,3A41,S LA BREA AV,RODEO RD,477,S,N,A,-,N,,,,,,,,,,N,1,1,1,3,A,-,11,21955,,N,G,B,D,A,H,-,C,A,0,Y,,,,Y,,N,60,0,0,1,1,1,0,0,0,0,- ,- ,,,LOS ANGELES,LOS ANGELES,-118.3555984,34.020221710205078
8648510,2018,5/26/20,1942,12/15/18,2215,42451,0819,6,5,7,1942,0,0,0,H,0,8A29,SUNSET BL,MAPLETON DR,276,E,N,A,-,N,,,,,,,,,,N,1,1,0,2,A,-,11,21954,A,F,G,B,D,A,H,-,C,D,0,Y,,,,Y,Y,N,60,0,0,0,1,0,0,0,0,0,- ,- ,,,LOS ANGELES,LOS ANGELES,-118.4318619,34.082309722900391
8648562,2018,5/22/20,1942,12/11/18,2310,35393,0528,2,5,7,1942,0,0,0,E,0,5A17,ALAMEDA ST,M ST,66,N,N,A,-,N,,,,,,,,,,N,1,1,0,2,A,-,11,21954,A,N,G,B,D,A,G,-,C,D,0,Y,,,,Y,Y,N,60,0,0,0,1,0,0,0,0,0,- ,- ,,,LOS ANGELES,LOS ANGELES,-118.2414398,33.789760589599609
8648593,2018,2/14/19,1942,11/10/18,1800,39177,1251,6,5,7,1942,0,0,0,L,0,25TL22,CRENSHAW BL,W 78TH ST,0,,Y,A,-,N,,,,,,,,,,Y,1,1,0,2,A,-,10,21950,A,N,G,B,B,A,H,-,C,D,0,Y,,,,Y,,A,01,0,0,0,1,0,0,0,0,0,- ,- ,,,LOS ANGELES,LOS ANGELES,-118.33086,33.969070000000002
8648602,2019,5/25/21,1942,1/15/19,2205,38688,0822,2,5,7,1942,0,0,0,H,0,,RT 1,TEMESCAL CANYON RD,2124,S,N,C,-,Y,LA,7,1,-,-,37.7,H,-,N,Y,1,1,0,2,A,-,11,21954,A,N,G,B,E,B,D,-,C,D,0,Y,,,,Y,Y,N,60,0,0,0,1,0,0,0,0,0,- ,- ,,,LOS ANGELES,LOS ANGELES,-118.5294952,34.032863616943359
8648618,2019,5/25/21,1942,1/16/19,1717,41973,0316,3,5,7,1942,0,0,0,C,0,25T22,HOBART BL,ADAMS BL,160,N,N,B,-,N,,,,,,,,,,N,1,1,0,2,A,-,11,21956,A,F,-,B,D,B,H,-,C,D,0,Y,,,,Y,Y,N,60,0,0,0,1,0,0,0,0,0,- ,- ,,,LOS ANGELES,LOS ANGELES,-118.3078384,34.033130645751953
8648620,2019,5/25/21,1942,1/19/19,0010,42282,1269,6,5,7,1942,0,0,0,L,0,12A69,S CENTRAL AV,82ND ST,12,S,N,A,-,N,,,,,,,,,,Y,1,1,1,3,A,-,01,23152,A,N,G,B,B,A,H,-,C,A,0,Y,,,,Y,Y,A,01,0,1,0,1,0,0,0,0,0,- ,- ,,,LOS ANGELES,LOS ANGELES,-118.2564316,33.964656829833984
8648625,2019,5/25/21,1942,1/6/19,1800,42011,1259,7,5,7,1942,0,0,0,L,0,12A69,AVALON BL,75TH ST,0,,Y,A,-,N,,,,,,,,,,Y,1,1,0,2,A,-,10,21950,A,N,G,B,B,A,H,-,C,A,0,Y,,,,Y,Y,D,22,0,0,0,1,0,0,0,0,0,- ,- ,,,LOS ANGELES,LOS ANGELES,-118.2651672,33.972179412841797
8648650,2019,5/25/21,1942,2/4/19,2210,35393,0312,1,5,7,1942,0,0,0,C,0,3A1,W JEFFERSON BL,COCHRAN AV,18,W,N,C,-,N,,,,,,,,,,Y,1,1,1,2,A,-,03,22350,,N,E,I,F,B,H,-,C,A,0,Y,,,,Y,Y,A,01,0,1,0,0,1,0,0,0,0,- ,- ,,,LOS ANGELES,LOS ANGELES,-118.3611984,34.025543212890625
8648669,2019,3/1/19,1942,1/23/19,2002,40730,0246,3,5,7,1942,0,0,0,B,0,1A47,W 6TH ST,GRAND VIEW ST,19,E,N,A,-,N,,,,,,,,,,N,1,1,0,2,A,-,10,21950,A,N,G,B,B,A,H,-,C,A,0,Y,,,,Y,,A,01,0,0,0,1,0,0,0,0,0,- ,- ,,,LOS ANGELES,LOS ANGELES,-118.2769241,34.060455322265625
8648684,2019,3/5/19,1942,1/16/19,0615,38050,1143,3,5,7,1942,0,0,0,K,0,11A71,HYPERION AV,DE LONGPRE AV,44,S,N,B,-,N,,,,,,,,,,N,1,1,0,2,A,-,05,21650,,F,G,B,F,B,H,-,C,D,0,Y,,,,Y,,-,99,0,0,0,1,0,0,0,0,0,- ,- ,,,LOS ANGELES,LOS ANGELES,-118.2757721,34.097019195556641
8648686,2019,3/5/19,1942,2/7/19,0805,38729,1143,4,5,7,1942,0,0,0,K,0,11A71,LYRIC AV,SAINT GEORGE ST,0,,Y,A,-,N,,,,,,,,,,Y,1,1,0,2,A,-,10,21950,A,N,G,B,B,A,H,-,A,D,0,Y,,,,Y,,A,01,0,0,0,1,0,0,0,0,0,- ,- ,,,LOS ANGELES,LOS ANGELES,-118.2775803,34.106731414794922
8648715,2019,5/25/21,1942,2/20/19,0325,39022,2036,3,5,7,1942,0,0,0,,0,20A45,WILSHIRE BL,BERENDO ST,95,W,N,A,-,N,,,,,,,,,,Y,1,1,0,2,C,-,18,,,N,H,G,E,A,H,-,C,D,0,Y,,,,Y,Y,-,- ,0,0,0,1,0,0,0,0,0,- ,- ,,,LOS ANGELES,LOS ANGELES,-118.2944412,34.061771392822266
8649549,2018,8/27/18,1942,7/3/18,2230,32372,0941,2,5,7,1942,0,0,0,I,0,9A41,SEPULVEDA BL,HATTERAS AV,8,N,N,A,-,N,,,,,,,,,,N,2,0,1,2,A,-,12,21453,A,N,G,B,B,A,H,-,C,A,0,Y,,,,Y,,A,01,1,0,0,0,1,0,0,0,0,- ,- ,,,LOS ANGELES,LOS ANGELES,-118.4661636,34.175750732421875
8652903,2018,7/12/18,1942,6/8/18,1635,43016,449,5,5,7,1942,0,0,0,,0,4A56,EVERGREEN AV,WABASH AV,0,,Y,A,-,N,,,,,,,,,,N,2,0,2,3,A,-,10,21950,A,N,G,B,B,A,H,-,A,A,0,Y,,,,Y,,D,22,1,0,1,0,2,0,0,0,0,- ,- ,,,LOS ANGELES,LOS ANGELES,-118.1970215,34.050060272216797
8654272,2018,8/30/18,1942,6/14/18,2105,33251,2105,4,5,7,1942,0,0,0,,0,21X98,TOPANGA CANYON BL,SCHOENBORN ST,0,,Y,A,-,N,,,,,,,,,,N,2,0,1,2,A,-,10,21950,A,N,A,B,B,A,H,-,C,A,0,Y,,,,Y,,-,,1,0,0,0,1,0,0,0,0,- ,- ,,,LOS ANGELES,LOS ANGELES,-118.6060028,34.220920562744141
8654617,2018,7/16/18,1942,3/24/18,0150,40921,1204,6,5,7,1942,0,0,0,L,0,12X52,VERNON AV,NORMANDIE AV,30,E,N,A,-,N,,,,,,,,,,N,2,0,1,2,A,-,11,21954,A,F,G,B,E,A,H,-,C,A,0,Y,,,,Y,,N,60,1,0,0,0,1,0,0,0,0,- ,- ,,,LOS ANGELES,LOS ANGELES,-118.3000946,34.003700256347656
8656412,2018,7/23/18,1942,6/30/18,0430,36120,269,6,5,7,1942,0,0,0,,0,2A45,8TH ST,GARLAND AV,6,E,N,A,-,N,,,,,,,,,,N,2,0,1,2,A,-,11,21456,B,N,G,B,B,A,H,-,C,A,0,Y,,,,Y,Y,N,60,1,0,0,0,1,0,0,0,0,- ,- ,,,LOS ANGELES,LOS ANGELES,-118.2676773,34.049640655517578
8657192,2018,5/2/19,1942,7/9/18,2100,31476,1353,1,5,7,1942,0,0,0,M,0,13A43,AVALON BL,43RD ST,0,,Y,A,-,N,,,,,,,,,,N,1,1,0,2,A,-,10,21950,A,N,-,B,D,-,H,-,A,D,0,Y,,,,Y,,A,08,0,0,0,1,0,0,0,0,0,- ,- ,,,LOS ANGELES,LOS ANGELES,-118.2652664,34.005680084228516
8657681,2018,10/4/18,1942,7/26/18,2220,40388,1088,4,5,7,1942,0,0,0,J,0,10A99,VENTURA BL,HAYVENHURST AV,23,E,N,A,-,N,,,,,,,,,,N,2,0,1,2,A,-,11,21955,,F,G,B,D,A,H,-,C,A,0,Y,,,,Y,Y,N,60,1,0,0,0,1,0,0,0,0,- ,- ,,,LOS ANGELES,LOS ANGELES,-118.4922485,34.157539367675781
8658589,2018,7/11/18,1942,6/18/18,0135,41832,1209,1,5,7,1942,0,0,0,L,0,12A93,FIGUEROA ST,48TH ST,50,N,N,A,-,N,,,,,,,,,,N,2,0,1,2,A,-,11,21955,,N,G,B,D,A,H,-,C,D,0,Y,,,,Y,,A,01,1,0,0,0,1,0,0,0,0,- ,- ,,,LOS ANGELES,LOS ANGELES,-118.2827225,33.999786376953125
8659137,2018,7/20/18,1942,7/4/18,2100,42338,1239,3,5,7,1942,0,0,0,L,0,12A49,BONSALLO AV,59TH ST,224,N,N,A,-,N,,,,,,,,,,N,2,0,1,2,A,-,11,21954,A,N,G,B,E,A,H,-,C,D,0,Y,,,,Y,,N,60,1,0,0,0,1,0,0,0,0,- ,- ,,,LOS ANGELES,LOS ANGELES,-118.2859573,33.988132476806641
8659280,2018,7/23/18,1941,7/1/18,1837,10948,,7,5,7,1941,0,0,0,,0,,4TH ST,ROYCROFT AV,0,,Y,A,-,N,,,,,,,,,,N,2,0,1,2,A,-,11,21954,A,N,G,B,D,A,H,-,A,D,0,Y,,,,Y,,N,,1,0,0,0,1,0,0,0,0,- ,- ,,,LOS ANGELES,LONG BEACH,-118.1383286,33.771709442138672
8659572,2018,7/23/18,1942,6/18/18,1930,42519,0331,1,5,7,1942,0,0,0,C,0,3A31,LONGWOOD,ADAMS,150,S,N,A,-,N,,,,,,,,,,N,2,0,1,2,A,-,03,22350,,N,G,B,E,A,H,-,A,D,0,Y,,,,Y,,A,01,1,0,0,0,1,0,0,0,0,- ,- ,,,LOS ANGELES,LOS ANGELES,-118.3498993,34.032150268554688
8659576,2018,7/23/18,1942,6/18/18,1720,41579,0361,1,5,7,1942,0,0,0,C,0,3A1,LA BREA,RODEO RD,0,,Y,A,-,N,,,,,,,,,,N,2,0,1,2,A,-,11,21955,,F,G,B,D,A,H,-,A,A,0,Y,,,,Y,,-,99,1,0,0,0,1,0,0,0,0,- ,- ,,,LOS ANGELES,LOS ANGELES,-118.3556137,34.021530151367188
8659994,2018,7/17/18,1942,6/12/18,2300,40325,0236,2,5,7,1942,0,0,0,B,0,2A56,3RD ST,WESTLAKE AV,0,,Y,A,-,N,,,,,,,,,,N,2,0,1,2,A,-,11,21950,B,N,G,B,D,A,H,-,C,A,0,Y,,,,Y,,A,08,1,0,0,0,1,0,0,0,0,- ,- ,,,LOS ANGELES,LOS ANGELES,-118.2714615,34.062450408935547
8661681,2018,7/25/18,1942,6/18/18,2100,41470,1142,1,5,7,1942,0,0,0,K,0,11A1,HILLHURST AV,AVOCADO ST,60,N,N,A,-,N,,,,,,,,,,Y,2,0,2,2,A,-,10,21954,,N,G,B,D,A,H,-,C,D,0,Y,,,,Y,,N,60,1,0,1,0,1,0,0,0,0,- ,- ,,,LOS ANGELES,LOS ANGELES,-118.2874222,34.110885620117188
8661753,2018,7/23/18,1942,7/2/18,2055,36504,1488,1,5,7,1942,0,0,0,N,0,14A67,BELLANCA AV,CENTURY BL,60,N,N,B,-,N,,,,,,,,,,N,2,0,1,2,A,-,11,21954,A,N,G,B,D,A,H,-,C,A,0,Y,,,,Y,,N,60,1,0,0,0,1,0,0,0,0,- ,- ,,,LOS ANGELES,LOS ANGELES,-118.3799591,33.945743560791016
8662361,2018,7/25/18,1942,6/30/18,0135,42925,1844,6,5,7,1942,0,0,0,R,0,18A3,AVALON BL,111TH PL,0,,Y,A,-,N,,,,,,,,,,N,2,0,1,3,A,-,03,22350,,F,G,B,B,A,H,-,C,A,0,Y,,,,Y,,-,99,1,0,0,0,1,0,0,0,0,- ,- ,,,LOS ANGELES,LOS ANGELES,-118.2651901,33.933921813964844
8662643,2018,8/6/18,1942,2/11/18,0130,42758,0645,7,5,7,1942,0,0,0,F,0,6A79,HOLLYWOOD BL,SYCAMORE AV,0,,Y,A,-,N,,,,,,,,,,N,2,0,1,3,C,-,18,,,F,B,E,E,A,H,-,C,A,0,Y,,,,Y,,-,- ,1,0,0,0,1,0,0,0,0,- ,- ,,,LOS ANGELES,LOS ANGELES,-118.3433914,34.101528167724609
8666388,2018,7/30/18,1942,7/7/18,0158,43051,1621,6,5,7,1942,0,0,0,P,0,16A81,LAUREL CANYON BL,PAXTON ST,0,,Y,A,-,N,,,,,,,,,,N,2,0,1,2,A,-,11,21456,C,N,G,B,B,A,H,-,C,A,0,Y,,,,Y,Y,N,60,1,0,0,0,1,0,0,0,0,- ,- ,,,LOS ANGELES,LOS ANGELES,-118.4384537,34.264739990234375
8669278,2018,8/15/18,1942,7/13/18,2035,39217,2148,5,5,7,1942,0,0,0,,0,21A29,SHERMAN WAY,OSO AV,0,,Y,A,-,N,,,,,,,,,,Y,2,0,1,2,A,-,10,21950,A,N,G,B,B,A,H,-,C,A,0,Y,,,,Y,,A,01,1,0,0,0,1,0,0,0,0,- ,- ,,,LOS ANGELES,LOS ANGELES,-118.5753479,34.201019287109375
8669714,2018,8/3/18,1942,6/1/18,0130,43209,1831,5,5,7,1942,0,0,0,R,0,18A3,FIGUEROA ST,127TH ST,180,N,N,A,-,N,,,,,,,,,,N,2,0,1,2,A,-,11,21956,A,F,G,B,-,A,H,-,C,D,0,Y,,,,Y,,N,60,1,0,0,0,1,0,0,0,0,- ,- ,,,LOS ANGELES,LOS ANGELES,-118.2829285,33.91809082
8671291,2018,9/11/18,1942,7/6/18,2300,41856,1401,5,5,7,1942,0,0,0,N,0,14A25,GATEWAY BL,BARRINGTON AV,0,,Y,A,-,N,,,,,,,,,,Y,2,0,1,2,A,-,10,21950,A,N,G,B,B,A,H,-,C,A,0,Y,,,,Y,,A,01,1,0,0,0,1,0,0,0,0,- ,- ,,,LOS ANGELES,LOS ANGELES,-118.4433136,34.028560638427734
8671358,2018,9/11/18,1942,7/6/18,0748,32921,0834,5,5,7,1942,0,0,0,H,0,8A29,SANTA MONICA BL,OVERLAND AV,0,,Y,A,-,N,,,,,,,,,,N,2,0,1,2,A,-,10,21950,A,N,G,B,B,A,H,-,A,D,0,Y,,,,Y,,A,07,1,0,0,0,1,0,0,0,0,- ,- ,,,LOS ANGELES,LOS ANGELES,-118.4329376,34.051559448242188
8671749,2018,9/12/18,1942,6/28/18,0920,39835,0745,4,5,7,1942,0,0,0,G,0,7A33,9TH ST,LA BREA AV,12,W,N,B,-,N,,,,,,,,,,N,2,0,1,2,A,-,10,21950,A,N,G,B,B,A,H,-,A,A,0,Y,,,,Y,,A,01,1,0,0,0,1,0,0,0,0,- ,- ,,,LOS ANGELES,LOS ANGELES,-118.3453827,34.058872222900391
8672735,2018,8/8/18,1942,6/2/18,2100,36698,0423,6,5,7,1942,0,0,0,D,0,4A15,MARENGO ST,N MISSION RD,0,,Y,A,-,N,,,,,,,,,,N,2,0,1,2,A,-,11,21456,B,F,G,B,B,A,H,-,C,A,0,Y,,,,Y,Y,N,60,1,0,0,0,1,0,0,0,0,- ,- ,,,LOS ANGELES,LOS ANGELES,-118.2144165,34.060619354248047
8672755,2018,8/8/18,1942,6/13/18,1855,38301,0181,3,5,7,1942,0,0,0,A,0,1FB94,12TH ST,LA LIVE WY,50,W,N,A,-,N,,,,,,,,,,N,2,0,1,2,A,-,11,21954,A,N,G,B,D,A,H,-,A,D,0,Y,,,,Y,,N,60,1,0,0,0,1,0,0,0,0,- ,- ,,,LOS ANGELES,LOS ANGELES,-118.271019,34.043922424316406
8675304,2018,10/4/18,1942,8/9/18,1630,30983,1638,4,5,7,1942,0,0,0,P,0,16A59,SUMMITROSE ST,FERNGLEN AV,100,W,N,A,-,N,,,,,,,,,,N,2,0,1,2,A,-,03,22350,,F,G,-,E,A,H,-,A,D,0,Y,,,,Y,,-,99,1,0,0,0,1,0,0,0,0,- ,- ,,,LOS ANGELES,LOS ANGELES,-118.294693,34.259571075439453
8678179,2018,10/4/18,1941,7/31/18,0025,6325,,2,5,7,1941,0,0,0,,0,,BELLFLOWER BL,DEL AMO BL,98,S,N,A,-,N,,,,,,,,,,,2,0,1,2,A,-,11,21954,A,N,G,B,D,A,H,-,C,A,0,Y,,,,Y,,N,,1,0,0,0,1,0,0,0,0,- ,- ,,,LOS ANGELES,LONG BEACH,-118.1250916,33.846851348876953
8679289,2017,10/26/18,1942,10/12/17,2350,42319,0395,4,5,7,1942,0,0,0,C,0,0392,VERNON AV,GRAMERCY PL,0,,Y,A,-,N,,,,,,,,,,Y,2,0,1,2,A,-,11,21453,D,F,A,B,B,A,H,-,C,A,0,Y,,,,Y,,N,60,1,0,0,0,1,0,0,0,0,- ,- ,,,LOS ANGELES,LOS ANGELES,-118.3138401,34.003710050000002
8681645,2018,10/8/18,1942,8/12/18,2200,34599,2115,7,5,7,1942,0,0,0,,0,21A5,OWENSMOUTH AV,ROSCOE BL,235,S,N,A,-,N,,,,,,,,,,N,2,0,1,2,A,-,11,21954,A,F,G,B,D,A,H,-,C,D,0,Y,,,,Y,,N,60,1,0,0,0,1,0,0,0,0,- ,- ,,,LOS ANGELES,LOS ANGELES,-118.6016388,34.219085693359375
8682094,2018,9/19/18,1942,8/3/18,0030,43125,0162,5,5,7,1942,0,0,0,A,0,13A41,7TH ST,FLOWER,0,,Y,A,-,N,,,,,,,,,,N,2,0,1,2,D,-,00,,,F,H,B,B,A,H,-,C,-,0,Y,,,,Y,,-,- ,1,0,0,0,1,0,0,0,0,- ,- ,,,LOS ANGELES,LOS ANGELES,-118.4690399,33.999549865722656
8686764,2018,3/14/19,1942,7/15/18,1155,42293,1829,7,5,7,1942,0,0,0,R,0,18A26,E 103RD ST,GORMAN AV,110,E,N,A,-,N,,,,,,,,,,Y,1,1,1,2,A,-,03,22350,,N,A,B,F,A,H,-,A,D,0,Y,,,,Y,,A,01,0,1,0,1,0,0,0,0,0,- ,- ,,,LOS ANGELES,LOS ANGELES,-118.2303314,33.943103790283203
8688403,2018,9/17/18,1941,8/19/18,0024,10914,,7,5,7,1941,0,0,0,,0,,DEL AMO,OREGON AV,569,W,N,A,-,N,,,,,,,,,,N,2,0,2,2,C,-,18,,,N,A,B,D,A,H,-,D,D,0,Y,,,,Y,,-,- ,1,0,1,0,1,0,0,0,0,- ,- ,,,LOS ANGELES,LONG BEACH,-118.2021179,33.846691131591797
8688410,2018,9/11/18,1942,8/8/18,2120,42273,0765,3,5,7,1942,0,0,0,G,0,7A47,W PICO BL,ORANGE DR,16,E,N,A,-,N,,,,,,,,,,N,2,0,1,2,A,-,11,21954,A,N,G,B,D,A,H,-,C,D,0,Y,,,,Y,,N,60,1,0,0,0,1,0,0,0,0,- ,- ,,,LOS ANGELES,LOS ANGELES,-118.3469696,34.047817230224609
8690630,2018,9/18/18,1942,7/10/18,2130,42282,1204,2,5,7,1942,0,0,0,L,0,12A3,S NORMANDIE AV,47TH ST,94,S,N,A,-,N,,,,,,,,,,N,2,0,1,2,A,-,11,21954,A,N,G,B,D,A,H,-,C,D,0,Y,,,,Y,,N,60,1,0,0,0,1,0,0,0,0,- ,- ,,,LOS ANGELES,LOS ANGELES,-118.3001938,34.000762939453125
8691441,2018,9/13/18,1942,7/31/18,2030,39060,1321,2,5,7,1942,0,0,0,M,0,13A13,SOUTH FIGUEROA ST,23RD ST,45,S,N,B,-,N,,,,,,,,,,N,2,0,1,2,A,-,11,21956,A,N,G,B,D,A,H,-,C,A,0,Y,,,,Y,,N,60,1,0,0,0,1,0,0,0,0,- ,- ,,,LOS ANGELES,LOS ANGELES,-118.2744064,34.030719757080078
8691448,2018,9/26/18,1942,8/4/18,0120,42976,1172,6,5,7,1942,0,0,0,K,0,1X23,SUNSET BL,SILVER LAKE,210,W,N,A,-,N,,,,,,,,,,N,2,0,1,2,A,-,11,21956,A,N,G,B,D,A,H,-,C,D,0,Y,,,,Y,,N,60,1,0,0,0,1,0,0,0,0,- ,- ,,,LOS ANGELES,LOS ANGELES,-118.2737579,34.083366394042969
8692162,2018,10/1/18,1942,8/17/18,1800,37540,0422,5,5,7,1942,0,0,0,D,0,4A15,MANITOU AV,SICHEL ST,48,E,N,A,-,N,,,,,,,,,,N,2,0,1,2,A,-,09,21804,A,N,G,B,F,A,H,-,A,D,0,Y,,,,Y,,A,07,1,0,0,0,1,0,0,0,0,- ,- ,,,LOS ANGELES,LOS ANGELES,-118.2128601,34.071891784667969