CASE_ID,ACCIDENT_YEAR,PROC_DATE,JURIS,COLLISION_DATE,COLLISION_TIME,OFFICER_ID,REPORTING_DISTRICT,DAY_OF_WEEK,CHP_SHIFT,POPULATION,CNTY_CITY_LOC,SPECIAL_COND,BEAT_TYPE,CHP_BEAT_TYPE,CITY_DIVISION_LAPD,CHP_BEAT_CLASS,BEAT_NUMBER,PRIMARY_RD,SECONDARY_RD,DISTANCE,DIRECTION,INTERSECTION,WEATHER_1,WEATHER_2,STATE_HWY_IND,CALTRANS_COUNTY,CALTRANS_DISTRICT,STATE_ROUTE,ROUTE_SUFFIX,POSTMILE_PREFIX,POSTMILE,LOCATION_TYPE,RAMP_INTERSECTION,SIDE_OF_HWY,TOW_AWAY,COLLISION_SEVERITY,NUMBER_KILLED,NUMBER_INJURED,PARTY_COUNT,PRIMARY_COLL_FACTOR,PCF_CODE_OF_VIOL,PCF_VIOL_CATEGORY,PCF_VIOLATION,PCF_VIOL_SUBSECTION,HIT_AND_RUN,TYPE_OF_COLLISION,MVIW,PED_ACTION,ROAD_SURFACE,ROAD_COND_1,ROAD_COND_2,LIGHTING,CONTROL_DEVICE,CHP_ROAD_TYPE,PEDESTRIAN_ACCIDENT,BICYCLE_ACCIDENT,MOTORCYCLE_ACCIDENT,TRUCK_ACCIDENT,NOT_PRIVATE_PROPERTY,ALCOHOL_INVOLVED,STWD_VEHTYPE_AT_FAULT,CHP_VEHTYPE_AT_FAULT,COUNT_SEVERE_INJ,COUNT_VISIBLE_INJ,COUNT_COMPLAINT_PAIN,COUNT_PED_KILLED,COUNT_PED_INJURED,COUNT_BICYCLIST_KILLED,COUNT_BICYCLIST_INJURED,COUNT_MC_KILLED,COUNT_MC_INJURED,PRIMARY_RAMP,SECONDARY_RAMP,LATITUDE,LONGITUDE,COUNTY,CITY,POINT_X,POINT_Y
8910823,2020,6/11/22,1942,2/6/20,2010,36733,1601,4,5,7,1942,0,0,0,P,0,16A11,GLENOAKS BL,DESMOND ST,9,S,N,A,-,N,,,,,,,,,,Y,1,1,0,2,A,-,01,23152,A,F,G,A,B,A,H,-,C,D,0,Y,,,,Y,Y,A,07,0,0,0,1,0,0,0,0,0,- ,- ,,,LOS ANGELES,LOS ANGELES,-118.4203339,34.28186035
8910824,2020,6/11/22,1942,2/29/20,2000,35471,1651,6,5,7,1942,0,0,0,P,0,16A23,BRANFORD ST,HADDON AV,44,E,N,A,-,N,,,,,,,,,,N,1,1,0,2,A,-,11,21956,A,N,G,B,D,A,H,-,C,D,0,Y,,,,Y,,N,60,0,0,0,1,0,0,0,0,0,- ,- ,,,LOS ANGELES,LOS ANGELES,-118.4098206,34.243389129638672
8910893,2020,6/11/22,1942,2/1/20,2355,42876,1135,6,5,7,1942,0,0,0,K,0,11A89,EAGLE ROCK BL,VERDUGO RD,258,E,N,A,-,N,,,,,,,,,,Y,1,1,0,2,A,-,11,21954,A,N,G,B,D,A,H,-,C,A,0,Y,,,,Y,Y,N,60,0,0,0,1,0,0,0,0,0,- ,- ,,,LOS ANGELES,LOS ANGELES,-118.2379227,34.104660034179688
8910933,2020,6/11/22,1942,2/6/20,0100,39062,1331,4,5,7,1942,0,0,0,M,0,13A41,S HILL ST,W ADAMS BL,87,S,N,A,-,N,,,,,,,,,,Y,1,1,1,2,A,-,11,21954,A,N,G,B,D,A,H,-,C,D,0,Y,,,,Y,Y,N,60,0,1,0,1,0,0,0,0,0,- ,- ,,,LOS ANGELES,LOS ANGELES,-118.2709808,34.025611877441406
8910965,2019,4/16/20,1942,2/28/19,2230,41125,0811,4,5,7,1942,0,0,0,H,0,8A23,VANOWEN ST,SEPULVEDA BL,47,E,N,A,-,N,,,,,,,,,,Y,1,1,0,4,A,-,03,22350,,N,G,B,F,A,H,-,A,A,0,Y,,,,Y,,A,01,0,0,0,1,0,0,0,0,0,- ,- ,,,LOS ANGELES,LOS ANGELES,-118.4660263,34.193920135498047
8911033,2020,5/8/20,1942,3/6/20,0515,33599,0311,5,5,7,1942,0,0,0,C,0,3A1,W JEFFERSON BL,S LA CIENEGA BL,0,,Y,B,-,N,,,,,,,,,,Y,1,1,1,2,A,-,11,21954,A,N,G,B,D,A,H,-,B,A,0,Y,,,,Y,,N,60,0,1,0,1,0,0,0,0,0,- ,- ,,,LOS ANGELES,LOS ANGELES,-118.3720779,34.026531219482422
8911036,2020,5/8/20,1942,1/12/20,1100,41054,1544,7,5,7,1942,0,0,0,O,0,15A43,RIVERSIDE DR,WHITSETT AV,23,E,N,A,-,N,,,,,,,,,,Y,1,1,0,2,A,-,11,21950,B,N,G,B,B,A,H,-,A,A,0,Y,,,,Y,,N,60,0,0,0,1,0,0,0,0,0,- ,- ,,,LOS ANGELES,LOS ANGELES,-118.4051819,34.157611846923828
8911154,2020,6/11/22,1942,4/22/20,2000,41844,0333,3,5,7,1942,0,0,0,C,0,3A31,CRENSHAW BL,W 28TH ST,189,N,N,A,-,N,,,,,,,,,,Y,1,2,1,4,A,-,01,23152,A,N,C,B,E,A,H,-,C,A,0,Y,,,,Y,Y,A,07,0,0,1,2,0,0,0,0,0,- ,- ,,,LOS ANGELES,LOS ANGELES,-118.3351212,34.031646728515625
8911156,2020,6/11/22,1942,4/26/20,2220,35936,1837,7,5,7,1942,0,0,0,R,0,18A35,IMPERIAL HWY,COMPTON AV,11,E,N,A,-,N,,,,,,,,,,N,1,1,0,2,A,-,11,21456,B,N,G,B,B,A,H,-,C,A,0,Y,,,,Y,,N,60,0,0,0,1,0,0,0,0,0,- ,- ,,,LOS ANGELES,LOS ANGELES,-118.2462463,33.929489135742188
8911158,2020,6/9/20,1942,5/4/20,1130,37611,0139,1,5,7,1942,0,0,0,A,0,1A29,S SANTA FE AV,E 3RD ST,730,S,N,A,-,N,,,,,,,,,,Y,1,1,0,8,A,-,03,22350,,N,G,B,E,A,H,-,A,D,0,Y,,,,Y,,A,01,0,0,0,1,0,0,0,0,0,- ,- ,,,LOS ANGELES,LOS ANGELES,-118.2325897,34.043987274169922
8911165,2020,6/11/22,1942,5/7/20,0155,31713,1309,4,5,7,1942,0,0,0,M,0,13A9,EAST 7TH ST,LAWRENCE ST,80,W,N,A,-,N,,,,,,,,,,N,1,1,0,2,A,-,11,21954,A,F,G,B,E,A,H,-,C,D,0,Y,,,,Y,,N,60,0,0,0,1,0,0,0,0,0,- ,- ,,,LOS ANGELES,LOS ANGELES,-118.236496,34.034858703613281
8911168,2020,6/11/22,1942,5/9/20,2120,40325,0245,6,5,7,1942,0,0,0,B,0,2A45,WILSHIRE BL,ALVARADO ST,387,W,N,A,-,N,,,,,,,,,,N,1,1,0,2,A,-,11,21954,A,N,G,B,D,A,H,-,C,A,0,Y,,,,Y,Y,N,60,0,0,0,1,0,0,0,0,0,- ,- ,,,LOS ANGELES,LOS ANGELES,-118.276741,34.05871582
8911225,2020,6/28/22,1942,5/1/20,0250,43133,1219,5,5,7,1942,0,0,0,L,0,12A15,S FLOWER ST,W 52ND PL,50,N,N,A,-,N,,,,,,,,,,Y,1,1,2,3,A,-,01,23152,A,N,G,B,F,A,H,-,D,D,0,Y,,,,Y,Y,A,01,1,0,1,1,1,0,0,0,0,- ,- ,,,LOS ANGELES,LOS ANGELES,-118.2809448,33.995136260986328
8911228,2020,6/18/22,1942,5/7/20,2120,41579,0395,4,5,7,1942,0,0,0,C,0,25T52,W VERNON AV,CIMARRON ST,152,E,N,A,-,N,,,,,,,,,,Y,1,1,0,2,A,-,11,21956,A,N,G,B,D,A,H,-,C,D,0,Y,,,,Y,Y,A,01,0,0,0,1,0,0,0,0,0,- ,- ,,,LOS ANGELES,LOS ANGELES,-118.3155289,34.003711700439453
8911399,2020,3/19/21,1942,7/3/20,2030,38857,1524,5,5,7,1942,0,0,0,O,0,1533,VICTORY BL,SAINT CLAIR AV,45,W,N,A,-,Y,LA,7,170,-,-,17.191,R,4,N,N,1,1,0,2,A,-,11,21954,A,F,G,B,D,A,H,-,C,A,0,Y,,,,Y,,N,60,0,0,0,1,0,0,0,0,0,- ,- ,,,LOS ANGELES,LOS ANGELES,-118.4009323,34.185882568359375
8911400,2020,8/12/20,1942,7/8/20,2055,41396,0946,3,5,7,1942,0,0,0,I,0,9A37,OXNARD ST,CNTALOUPE AV,50,W,N,A,-,N,,,,,,,,,,N,1,1,0,2,A,-,11,21955,,F,G,B,D,A,H,-,C,D,0,Y,,,,Y,,N,60,0,0,0,1,0,0,0,0,0,- ,- ,,,LOS ANGELES,LOS ANGELES,-118.4346924,34.179401397705078
8911482,2020,6/11/22,1942,5/26/20,1220,42249,1215,2,5,7,1942,0,0,0,L,0,12A3,54TH ST,NORMANDIE AV,5,E,N,A,-,N,,,,,,,,,,N,1,1,0,2,A,-,11,21954,A,N,G,B,B,A,H,-,A,B,0,Y,,,,Y,,N,60,0,0,0,1,0,0,0,0,0,- ,- ,,,LOS ANGELES,LOS ANGELES,-118.3001938,33.993228912353516
8911561,2020,6/18/22,1942,8/1/20,0030,41072,1806,6,5,7,1942,0,0,0,R,0,18A3,S CENTRAL AV,E 89TH ST,80,S,N,A,-,N,,,,,,,,,,Y,1,1,1,2,A,-,01,23152,A,N,G,B,D,A,H,-,C,A,0,Y,,,,Y,Y,A,01,0,0,1,1,0,0,0,0,0,- ,- ,,,LOS ANGELES,LOS ANGELES,-118.2564316,33.955379486083984
8911566,2020,7/5/22,1942,9/1/20,2050,40876,1508,2,5,7,1942,0,0,0,O,0,15A3,VINELAND AV,COHASSET ST,257,S,N,A,-,N,,,,,,,,,,Y,1,1,0,2,A,-,11,21954,A,N,G,B,D,A,H,-,C,D,0,Y,,,,Y,,N,60,0,0,0,1,0,0,0,0,0,- ,- ,,,LOS ANGELES,LOS ANGELES,-118.3703232,34.205913543701172
8911646,2020,10/7/20,1942,9/13/20,2230,38590,0265,7,5,7,1942,0,0,0,B,0,2A75,S ALVARADO ST,W 8TH ST,250,S,N,B,-,N,,,,,,,,,,N,1,1,0,2,A,-,11,21955,,N,G,B,D,A,H,-,C,D,0,Y,,,,Y,,N,60,0,0,0,1,0,0,0,0,0,- ,- ,,,LOS ANGELES,LOS ANGELES,-118.2782211,34.054279327392578
8911674,2019,6/2/21,1942,5/30/19,1942,,,4,5,7,1942,0,0,0,,0,,ARCADIA ST,NORTH MAIN ST,9,W,N,A,-,N,,,,,,,,,,Y,1,1,1,2,A,-,12,21453,A,N,G,B,B,A,H,-,C,A,0,Y,,Y,,Y,Y,C,02,1,0,0,1,0,0,0,0,1,- ,- ,34.055881500244141,-118.240181,LOS ANGELES,LOS ANGELES,-118.2400742,34.055824279785156
8911727,2020,6/11/22,1941,9/26/20,1907,11126,,6,5,7,1941,0,0,0,,0,,SOUTH ST,CERRITOS AV,7,E,N,A,-,N,,,,,,,,,,Y,1,1,0,3,A,-,11,21954,A,N,A,B,D,A,H,-,C,A,0,Y,,,,Y,,N,,0,0,0,1,0,0,0,0,0,- ,- ,,,LOS ANGELES,LONG BEACH,-118.1782303,33.860111236572266
8911747,2020,6/11/22,1942,10/11/20,1945,40388,1522,7,5,7,1942,0,0,0,O,0,15A21,COLDWATER CANYON AV,HAMLIN ST,238,S,N,A,-,N,,,,,,,,,,Y,1,1,1,3,A,-,08,22102,,N,G,B,D,A,H,-,C,A,0,Y,Y,,,Y,Y,L,04,1,0,0,0,1,1,0,0,0,- ,- ,,,LOS ANGELES,LOS ANGELES,-118.4138031,34.187797546386719
8911763,2020,11/13/20,1942,1/6/20,0400,37768,1844,1,5,7,1942,0,0,0,R,0,18A34,S CENTRAL AV,E 112TH ST,0,,Y,A,-,N,,,,,,,,,,Y,1,1,0,2,A,-,11,21955,,N,G,B,E,A,H,-,E,D,0,Y,,,,Y,,N,60,0,0,0,1,0,0,0,0,0,- ,- ,,,LOS ANGELES,LOS ANGELES,-118.2542419,33.933120727539062
8911788,2020,7/5/22,1942,10/26/20,0155,33504,1991,1,5,7,1942,0,0,0,,0,19A93,N SEPULVEDA BL,LANARK ST,404,S,N,A,-,N,,,,,,,,,,Y,1,1,0,3,A,-,01,23152,A,N,G,B,E,A,H,-,C,D,0,Y,,,,Y,Y,A,01,0,0,0,1,0,0,0,0,0,- ,- ,,,LOS ANGELES,LOS ANGELES,-118.4662018,34.216960906982422
8911815,2020,7/5/22,1942,10/8/20,0430,43902,1844,4,5,7,1942,0,0,0,R,0,18A34,AVALON BL,E 108TH ST,166,N,N,A,-,N,,,,,,,,,,N,1,1,0,2,A,-,11,21954,A,F,G,B,D,A,H,-,C,A,0,Y,,,,Y,,N,60,0,0,0,1,0,0,0,0,0,- ,- ,,,LOS ANGELES,LOS ANGELES,-118.2651978,33.938735961914062
8911816,2020,6/11/22,1942,10/9/20,2240,41747,0355,5,5,7,1942,0,0,0,C,0,3A55,S WESTERN AV,W 36TH ST,31,S,N,A,-,N,,,,,,,,,,N,1,1,0,2,A,-,11,21954,A,N,G,B,D,A,H,-,C,A,0,Y,,,,Y,,N,60,0,0,0,1,0,0,0,0,0,- ,- ,,,LOS ANGELES,LOS ANGELES,-118.3088989,34.022724151611328
8911817,2020,11/19/20,1942,10/15/20,0849,26540,0248,4,5,7,1942,0,0,0,B,0,2A69,W 3RD ST,S UNION AV,0,,Y,A,-,N,,,,,,,,,,N,1,1,0,2,A,-,10,21950,A,N,D,B,B,A,H,-,A,A,0,Y,,,,Y,,D,22,0,0,0,1,0,0,0,0,0,- ,- ,,,LOS ANGELES,LOS ANGELES,-118.2679596,34.060901641845703
8911831,2020,6/22/21,1942,10/22/20,1845,31713,0438,4,5,7,1942,0,0,0,D,0,4A9,BULLARD AV,ALHAMBRA AV,8,N,N,A,-,N,,,,,,,,,,N,1,1,0,2,A,-,11,21956,A,F,G,B,E,A,H,-,C,D,0,Y,,,,Y,,-,,0,0,0,1,0,0,0,0,0,- ,- ,,,LOS ANGELES,LOS ANGELES,-118.1670761,34.077957153320312
8911850,2020,6/18/22,1942,9/17/20,2210,41911,1824,4,5,7,1942,0,0,0,R,0,18A34,E CENTURY BL,CLOVIS AV,35,E,N,A,-,N,,,,,,,,,,Y,1,1,2,2,A,-,11,21956,A,N,G,B,E,A,D,-,C,A,0,Y,,,,Y,Y,N,60,0,1,1,1,0,0,0,0,0,- ,- ,,,LOS ANGELES,LOS ANGELES,-118.2564163,33.945659637451172
8911894,2020,12/16/20,1941,10/30/20,1941,6308,,5,5,7,1941,0,0,0,,0,,CHERRY AV,7TH ST,0,,Y,B,-,N,,,,,,,,,,Y,1,1,0,3,A,-,12,21453,A,N,D,B,F,A,H,-,A,A,0,Y,,,,Y,,A,,0,0,0,1,0,0,0,0,0,- ,- ,,,LOS ANGELES,LONG BEACH,-118.1676712,33.775348663330078
8911904,2020,6/18/22,1942,11/22/20,1940,41911,1259,7,5,7,1942,0,0,0,L,0,12A69,S CENTRAL AV,E 78TH ST,20,N,N,A,-,N,,,,,,,,,,N,1,1,0,2,C,-,18,,,F,G,B,B,A,H,-,C,A,0,Y,,,,Y,Y,-,- ,0,0,0,1,0,0,0,0,0,- ,- ,,,LOS ANGELES,LOS ANGELES,-118.256424,33.968524932861328
8911985,2020,6/11/22,1942,11/15/20,0655,40008,0153,7,5,7,1942,0,0,0,A,0,1A85,7TH ST,BROADWAY,7,E,N,A,-,N,,,,,,,,,,N,1,1,0,2,A,-,12,21453,A,F,G,B,B,A,H,-,A,D,0,Y,,,,Y,,-,,0,0,0,1,0,0,0,0,0,- ,- ,,,LOS ANGELES,LOS ANGELES,-118.4655228,33.99609375
8911991,2020,6/11/22,1942,12/5/20,0300,38357,0156,6,5,7,1942,0,0,0,A,0,1A35,5TH ST,SAN JULIAN ST,77,E,N,A,-,N,,,,,,,,,,Y,1,1,1,3,A,-,08,22107,,N,B,E,E,A,H,-,C,D,0,Y,,,,Y,,A,01,0,0,1,0,1,0,0,0,0,- ,- ,,,LOS ANGELES,LOS ANGELES,-118.2447281,34.044517517089844
8912297,2019,8/21/19,1942,7/18/19,2336,42029,1015,4,5,7,1942,0,0,0,J,0,10A3,LINDLEY AV,VALERIO ST,0,,N,A,-,N,,,,,,,,,,N,2,0,1,2,A,-,11,21956,A,N,G,B,E,A,H,-,C,A,0,Y,,,,Y,,N,60,1,0,0,0,1,0,0,0,0,- ,- ,,,LOS ANGELES,LOS ANGELES,-118.5273132,34.204761505126953
8915066,2019,8/16/19,1942,7/13/19,2115,38688,0642,6,5,7,1942,0,0,0,F,0,7TL23,HOLLYWOOD BL,OGDEN DR,16,E,N,A,-,N,,,,,,,,,,N,2,0,1,2,A,-,11,21954,A,N,G,B,D,A,H,-,C,D,0,Y,,,,Y,,N,60,1,0,0,0,1,0,0,0,0,- ,- ,,,LOS ANGELES,LOS ANGELES,-118.3593369,34.101699829101562
8915809,2019,8/14/19,1942,4/2/19,2220,43297,1343,2,5,7,1942,0,0,0,M,0,13A41,MARTIN LUTHER KING BL,WADSWORTH,195,W,N,A,-,N,,,,,,,,,,N,2,0,1,2,A,-,11,21954,A,N,G,B,E,A,H,-,C,D,0,Y,,,,Y,,N,60,1,0,0,0,1,0,0,0,0,- ,- ,,,LOS ANGELES,LOS ANGELES,-118.2595825,34.010971069335938
8917535,2019,8/16/19,1942,6/11/19,0030,42668,0378,2,5,7,1942,0,0,0,C,0,3A74,VERMONT AV,MARTIN LUTHER KING BL,60,N,N,A,-,N,,,,,,,,,,N,2,0,1,2,A,-,11,21954,A,N,G,B,D,A,H,-,C,D,0,Y,,,,Y,,N,60,1,0,0,0,1,0,0,0,0,- ,- ,,,LOS ANGELES,LOS ANGELES,-118.2915344,34.011035919189453
8917714,2019,8/20/19,1942,6/4/19,1800,43036,13X31,2,5,7,1942,0,0,0,M,0,1324,E 25TH ST,HOOPER AV,0,,Y,A,-,N,,,,,,,,,,N,2,0,1,2,A,-,11,21954,A,N,G,B,D,A,H,-,A,D,0,Y,,,,Y,,N,60,1,0,0,0,1,0,0,0,0,- ,- ,,,LOS ANGELES,LOS ANGELES,-118.2494583,34.017398834228516
8918269,2019,8/22/19,1942,6/6/19,2200,39876,1109,4,5,7,1942,0,0,0,K,0,11A17,COLORADO BL,TOWNSEND AV,0,,Y,B,-,N,,,,,,,,,,Y,2,0,1,2,A,-,10,21950,A,N,G,B,B,A,H,-,C,A,0,Y,,,,Y,Y,A,01,1,0,0,0,1,0,0,0,0,- ,- ,,,LOS ANGELES,LOS ANGELES,-118.2014999,34.139480590820312
8918685,2019,8/21/19,1942,7/27/19,0755,38025,1824,6,5,7,1942,0,0,0,R,0,25T27,103RD ST,CENTRAL AV,10,S,N,A,-,N,,,,,,,,,,N,2,0,1,2,A,-,10,21950,A,F,G,B,B,A,H,-,A,A,0,Y,,,,Y,,-,99,1,0,0,0,1,0,0,0,0,- ,- ,,,LOS ANGELES,LOS ANGELES,-118.2541122,33.943271636962891
8919431,2019,8/21/19,1942,7/15/19,0547,43895,0251,1,5,7,1942,0,0,0,B,0,2A39,W 6TH ST,RAMPART BL,0,,Y,A,-,N,,,,,,,,,,N,2,0,1,2,A,-,10,21950,A,N,A,B,B,A,H,-,A,A,0,Y,,,,Y,,A,01,1,0,0,0,1,0,0,0,0,- ,- ,,,LOS ANGELES,LOS ANGELES,-118.2813492,34.062419891357422
8919489,2019,8/23/19,1942,8/4/19,2130,41933,0337,7,5,7,1942,0,0,0,C,0,25T23,WESTERN AV,30TH ST,92,N,N,A,-,N,,,,,,,,,,N,2,0,1,2,A,-,11,21954,A,N,G,B,D,A,H,-,C,D,0,Y,,,,Y,Y,N,60,1,0,0,0,1,0,0,0,0,- ,- ,,,LOS ANGELES,LOS ANGELES,-118.3089294,34.027633666992188
8921535,2019,8/30/19,1942,8/12/19,2200,42640,2076,1,5,7,1942,0,0,0,,0,20A97,S VERMONT AV,VENICE BL,9,S,N,A,-,N,,,,,,,,,,N,2,0,1,2,A,-,11,21954,A,N,G,B,E,A,H,-,C,A,0,Y,,,,Y,,A,01,1,0,0,0,1,0,0,0,0,- ,- ,,,LOS ANGELES,LOS ANGELES,-118.2916031,34.044235229492188
8921551,2019,8/30/19,1942,8/17/19,2350,42664,0724,6,5,7,1942,0,0,0,G,0,7A33,BEVERLY BL,SPAULDING AV,82,W,N,A,-,N,,,,,,,,,,Y,2,0,2,3,A,-,01,23152,A,F,G,B,E,A,H,-,C,D,0,Y,,,,Y,Y,A,07,1,1,0,0,1,0,0,0,0,- ,- ,,,LOS ANGELES,LOS ANGELES,-118.3576431,34.076141357421875
8921632,2019,9/3/19,1942,7/23/19,1720,42270,1395,2,5,7,1942,0,0,0,M,0,13X94,FLORENCE,AVALON,80,E,N,A,-,N,,,,,,,,,,N,2,0,1,2,A,-,10,21950,A,F,G,B,D,A,H,-,A,A,0,Y,,,,Y,,-,99,1,0,0,0,1,0,0,0,0,- ,- ,,,LOS ANGELES,LOS ANGELES,-118.2649155,33.974708557128906
8921884,2019,10/4/19,1942,7/28/19,1245,42993,LO,7,5,7,1942,0,0,0,,0,3A98,LA CIENEGA BL,OBAMA BL,0,,Y,A,-,N,,,,,,,,,,N,2,0,1,2,A,-,11,21956,A,N,G,B,B,A,H,-,A,A,0,Y,,,,Y,,N,60,1,0,0,0,1,0,0,0,0,- ,- ,,,LOS ANGELES,LOS ANGELES,-118.37236,34.021700000000003
8922070,2019,8/29/19,1942,7/17/19,2100,43911,1213,3,5,7,1942,0,0,0,L,0,12A3,WESTERN,58TH ST,0,,Y,A,-,N,,,,,,,,,,N,2,0,2,3,A,-,10,21950,C,N,G,B,B,A,H,-,C,D,0,Y,,,,Y,,D,22,1,0,1,0,2,0,0,0,0,- ,- ,,,LOS ANGELES,LOS ANGELES,-118.3089523,33.989719390869141
8922158,2019,8/30/19,1942,8/9/19,0505,40440,1256,5,5,7,1942,0,0,0,L,0,12A57,EAST FLORENCE AV,S GRAND AV,0,,Y,A,-,N,,,,,,,,,,N,2,0,1,2,A,-,11,21456,B,N,G,B,B,A,H,-,B,A,0,Y,,,,Y,,N,60,1,0,0,0,1,0,0,0,0,- ,- ,,,LOS ANGELES,LOS ANGELES,-118.2802963,33.974658966064453
8922998,2019,9/6/19,1941,8/9/19,0028,10744,,5,5,7,1941,0,0,0,,0,,NEW YORK ST,ATLANTIC AV,117,E,N,A,-,N,,,,,,,,,,N,2,0,1,2,A,-,11,21954,A,N,G,B,E,A,H,-,C,D,0,Y,,,,Y,,N,,1,0,0,0,1,0,0,0,0,- ,- ,,,LOS ANGELES,LONG BEACH,-118.1846542,33.784858703613281
8923131,2019,9/13/19,1942,8/7/19,0950,39938,0185,3,5,7,1942,0,0,0,A,0,1A61,W 11TH ST,S HILL ST,0,,Y,A,-,N,,,,,,,,,,N,2,0,1,2,A,-,10,21950,A,N,G,B,B,A,H,-,A,A,0,Y,,,Y,Y,,F,26,1,0,0,0,1,0,0,0,0,- ,- ,,,LOS ANGELES,LOS ANGELES,-118.259819,34.04016113
8923268,2019,9/3/19,1942,8/6/19,0035,31713,1162,2,5,7,1942,0,0,0,K,0,11A51,MYRA AV,GATEWAY AV,150,N,N,A,-,N,,,,,,,,,,N,2,0,1,2,A,-,11,21954,A,F,G,B,E,A,H,-,C,-,0,Y,,,,Y,,N,60,1,0,0,0,1,0,0,0,0,- ,- ,,,LOS ANGELES,LOS ANGELES,-118.2820892,34.093399047851562
8925565,2019,10/29/19,1942,8/9/19,1220,38050,0176,5,5,7,1942,0,0,0,A,0,13A9,E 8TH ST,S SAN PEDRO ST,40,,N,A,-,N,,,,,,,,,,N,1,1,0,2,A,-,05,21651,A,N,G,B,E,A,H,-,A,D,0,Y,,,,Y,,A,08,0,0,0,1,0,0,0,0,0,- ,- ,,,LOS ANGELES,LOS ANGELES,-118.2490921,34.038478851318359
8926393,2019,9/11/19,1942,7/10/19,1032,38357,0111,3,5,7,1942,0,0,0,A,0,,N HILL ST,BAMBOO LN,26,S,N,A,-,N,,,,,,,,,,Y,2,0,4,4,A,-,08,22107,,N,C,C,F,A,H,-,A,A,0,Y,,,Y,Y,,I,09,1,0,3,0,1,0,0,0,0,- ,- ,,,LOS ANGELES,LOS ANGELES,-118.2378159,34.06622314453125
8926993,2019,8/28/19,1942,7/10/19,1235,35291,0154,3,5,7,1942,0,0,0,A,0,1A35,EAST 6TH ST,S MAIN ST,0,,Y,A,-,N,,,,,,,,,,N,2,0,1,2,A,-,11,21954,A,F,G,B,E,A,H,-,A,D,0,Y,,,,Y,,N,60,1,0,0,0,1,0,0,0,0,- ,- ,,,LOS ANGELES,LOS ANGELES,-118.2499237,34.045249938964844
8927028,2019,8/29/19,1942,8/12/19,2137,42537,1944,1,5,7,1942,0,0,0,,0,19A93,LAUREL CANYON BL,CHATSWORTH DR,0,,Y,A,-,N,,,,,,,,,,Y,2,0,2,2,A,-,08,22107,,N,G,B,B,A,H,-,C,A,0,Y,,,,Y,,A,01,1,1,0,0,1,0,0,0,0,- ,- ,,,LOS ANGELES,LOS ANGELES,-118.448349,34.274021148681641
8929200,2019,9/10/19,1942,6/17/19,2145,27133,,1,5,7,1942,0,0,0,,0,11A51,W SUNSET BL,VERMONT AV,0,,-,A,-,N,,,,,,,,,,N,2,0,1,2,A,-,10,21950,A,N,A,B,B,A,H,-,C,A,0,Y,,,,Y,,-,99,1,0,0,0,1,0,0,0,0,- ,- ,,,LOS ANGELES,LOS ANGELES,-118.2917709,34.098148345947266
8930090,2019,9/25/19,1941,8/18/19,1450,11137,,7,5,7,1941,0,0,0,,0,,EAST 7TH ST,GAVIOTA AV,55,E,N,A,-,N,,,,,,,,,,N,2,0,1,2,-,-,- ,,,F,A,G,F,A,H,-,A,D,0,Y,Y,,,Y,,-,- ,1,0,0,0,1,0,0,0,0,- ,- ,,,LOS ANGELES,LONG BEACH,-118.1707687,33.775348663330078
8930300,2019,9/12/19,1942,8/15/19,1150,37080,1974,4,5,7,1942,0,0,0,,0,19A85,VAN NUYS BL,NORDHOFF ST,398,S,N,A,-,N,,,,,,,,,,Y,2,0,1,2,A,-,11,21956,A,N,G,B,E,A,H,-,A,D,0,Y,,,Y,Y,,N,60,1,0,0,0,1,0,0,0,0,- ,- ,,,LOS ANGELES,LOS ANGELES,-118.4502487,34.234317779541016
8930368,2019,9/9/19,1942,8/17/19,2310,25907,1037,6,5,7,1942,0,0,0,J,0,10A17,BALBOA BL,VICTORY BL,1303,S,N,A,-,N,,,,,,,,,,N,2,0,1,2,A,-,11,21954,A,N,G,B,D,A,H,-,D,A,0,Y,,,,Y,Y,N,60,1,0,0,0,1,0,0,0,0,- ,- ,,,LOS ANGELES,LOS ANGELES,-118.5012589,34.183063507080078
8932263,2019,10/7/19,1942,8/16/19,1910,39062,0182,5,5,7,1942,0,0,0,A,0,1A61,W 11TH ST,S FLOWER ST,0,,Y,A,-,N,,,,,,,,,,N,2,0,1,2,A,-,11,21453,D,N,G,B,B,A,H,-,A,A,0,Y,,,,Y,,N,60,1,0,0,0,1,0,0,0,0,- ,- ,,,LOS ANGELES,LOS ANGELES,-118.2641525,34.042980194091797
8932836,2019,9/20/19,1942,8/30/19,2218,33504,1654,5,5,7,1942,0,0,0,P,0,16A23,OSBORNE PL,GLENOAK BL,950,W,N,A,-,N,,,,,,,,,,Y,2,0,1,2,A,-,05,21650,,F,G,B,E,C,H,-,C,D,0,Y,,,,Y,,A,07,1,0,0,0,1,0,0,0,0,- ,- ,,,LOS ANGELES,LOS ANGELES,-118.4012527,34.260108947753906
8933817,2019,9/17/19,1942,8/24/19,2300,42860,1942,6,5,7,1942,0,0,0,,0,7A21,CRENSHAW BL,VENICE BL,0,,Y,A,-,N,,,,,,,,,,N,2,0,1,2,A,-,00,21050,A,N,G,B,B,A,H,-,C,A,0,Y,,,,Y,,D,22,1,0,0,0,1,0,0,0,0,- ,- ,,,LOS ANGELES,LOS ANGELES,-118.3284073,34.044700622558594