CASE_ID,ACCIDENT_YEAR,PROC_DATE,JURIS,COLLISION_DATE,COLLISION_TIME,OFFICER_ID,REPORTING_DISTRICT,DAY_OF_WEEK,CHP_SHIFT,POPULATION,CNTY_CITY_LOC,SPECIAL_COND,BEAT_TYPE,CHP_BEAT_TYPE,CITY_DIVISION_LAPD,CHP_BEAT_CLASS,BEAT_NUMBER,PRIMARY_RD,SECONDARY_RD,DISTANCE,DIRECTION,INTERSECTION,WEATHER_1,WEATHER_2,STATE_HWY_IND,CALTRANS_COUNTY,CALTRANS_DISTRICT,STATE_ROUTE,ROUTE_SUFFIX,POSTMILE_PREFIX,POSTMILE,LOCATION_TYPE,RAMP_INTERSECTION,SIDE_OF_HWY,TOW_AWAY,COLLISION_SEVERITY,NUMBER_KILLED,NUMBER_INJURED,PARTY_COUNT,PRIMARY_COLL_FACTOR,PCF_CODE_OF_VIOL,PCF_VIOL_CATEGORY,PCF_VIOLATION,PCF_VIOL_SUBSECTION,HIT_AND_RUN,TYPE_OF_COLLISION,MVIW,PED_ACTION,ROAD_SURFACE,ROAD_COND_1,ROAD_COND_2,LIGHTING,CONTROL_DEVICE,CHP_ROAD_TYPE,PEDESTRIAN_ACCIDENT,BICYCLE_ACCIDENT,MOTORCYCLE_ACCIDENT,TRUCK_ACCIDENT,NOT_PRIVATE_PROPERTY,ALCOHOL_INVOLVED,STWD_VEHTYPE_AT_FAULT,CHP_VEHTYPE_AT_FAULT,COUNT_SEVERE_INJ,COUNT_VISIBLE_INJ,COUNT_COMPLAINT_PAIN,COUNT_PED_KILLED,COUNT_PED_INJURED,COUNT_BICYCLIST_KILLED,COUNT_BICYCLIST_INJURED,COUNT_MC_KILLED,COUNT_MC_INJURED,PRIMARY_RAMP,SECONDARY_RAMP,LATITUDE,LONGITUDE,COUNTY,CITY,POINT_X,POINT_Y
6320134,2013,5/31/14,1942,12/23/13,0830,32996,1123,1,5,7,1942,0,0,0,K,0,11TL21,GLENDALE BL,GLENHURST ST,690,S,N,A,-,N,,,,,,,,,,Y,2,0,3,5,A,-,07,21658,A,N,B,C,E,A,H,-,A,A,0,Y,,,,Y,,A,01,1,0,2,0,1,0,0,0,0,- ,- ,,,LOS ANGELES,LOS ANGELES,-118.264617,34.114817700000003
6336696,2014,1/21/15,1942,1/5/14,1930,38354,1983,7,5,7,1942,0,0,0,,0,16T23,SEPULVEDA BL,CHASE ST,369,S,N,A,-,N,,,,,,,,,,N,2,0,1,2,A,-,11,21955,,N,G,B,D,A,H,-,C,D,0,Y,,,,Y,Y,N,60,1,0,0,0,1,0,0,0,0,- ,- ,,,LOS ANGELES,LOS ANGELES,-118.4677203,34.223607899999998
6341163,2013,4/1/14,9565,3/16/13,2140,19031,,6,2,7,1942,0,3,5,,2,002,IMPERIAL HWY,WESTERN AV,0,,Y,A,-,N,,,,,,,,,,N,2,0,1,2,A,-,10,21950,A,F,G,B,B,A,H,-,C,A,0,Y,,,,Y,,-,99,1,0,0,0,1,0,0,0,0,- ,- ,33.931010000000001,-118.30911,LOS ANGELES,LOS ANGELES,-118.3090323,33.931044900000003
6347987,2014,6/24/14,1942,1/11/14,0745,40008,1385,6,5,7,1942,0,0,0,M,0,13TL55,E GAGE AV,STANFORD AV,147,E,N,A,-,N,,,,,,,,,,N,2,0,1,2,A,-,11,21956,A,N,D,B,E,A,H,-,A,D,0,Y,,,,Y,,N,60,1,0,0,0,1,0,0,0,0,- ,- ,,,LOS ANGELES,LOS ANGELES,-118.2625061,33.982003120000002
6368626,2013,5/2/14,1942,11/11/13,2105,39876,0238,1,5,7,1942,0,0,0,B,0,11T21,TEMPLE ST,PATTON ST,18,W,N,A,-,N,,,,,,,,,,N,2,0,1,2,A,-,10,21950,A,F,D,B,B,A,H,-,C,A,0,Y,,,,Y,,-,99,1,0,0,0,1,0,0,0,0,- ,- ,,,LOS ANGELES,LOS ANGELES,-118.25783,34.0675259
6388115,2014,6/13/14,1942,2/9/14,1300,38850,1599,7,5,7,1942,0,0,0,O,0,16T626,CAHUENGA BL WEST,IONE DR,110,S,N,A,-,N,,,,,,,,,,Y,2,0,2,5,A,-,01,23152,A,F,C,E,E,A,H,-,A,D,0,Y,,,,Y,Y,A,01,2,0,0,0,1,0,0,0,0,- ,- ,,,LOS ANGELES,LOS ANGELES,-118.3517081,34.131440089999998
6390129,2014,2/3/16,1942,2/20/14,0830,30452,1689,4,5,7,1942,0,0,0,P,0,9TL53,PENROSE ST,SAN FERNANDO RD,309,E,N,A,-,Y,LA,7,5,-,-,34.316,R,1,S,N,2,0,1,2,C,-,18,,,N,G,B,B,A,H,-,A,A,0,Y,,,Y,Y,Y,-,- ,1,0,0,0,1,0,0,0,0,- ,- ,,,LOS ANGELES,LOS ANGELES,-118.3761752,34.226258919999999
6398587,2014,6/11/14,1942,1/18/14,1850,40460,1415,6,5,7,1942,0,0,0,N,0,14T47,LINCOLN BL,ROSE AV,16,S,N,A,-,N,,,,,,,,,,N,2,0,1,2,A,-,10,21950,A,F,G,B,B,A,H,-,C,A,0,Y,,,,Y,,-,99,1,0,0,0,1,0,0,0,0,- ,- ,,,LOS ANGELES,LOS ANGELES,-118.4678044,34.001328010000002
6399683,2014,11/2/15,1942,2/2/14,2040,39349,0111,7,5,7,1942,0,0,0,A,0,13TL53,N LOS ANGELES ST,ARCADIA ST,210,N,N,C,-,Y,LA,7,101,-,-,0.91,R,4,N,N,2,0,1,2,A,-,11,21955,,F,G,B,D,B,H,-,C,A,0,Y,,,,Y,,N,60,1,0,0,0,1,0,0,0,0,- ,- ,,,LOS ANGELES,LOS ANGELES,-118.2399503,34.055512589999999
6406705,2013,4/16/14,9565,9/23/13,1625,20110,,1,2,7,1942,0,3,5,,2,002,117TH ST,BERENDO AV,0,,Y,A,-,N,,,,,,,,,,N,2,0,1,2,A,-,11,21954,A,N,G,B,E,A,H,-,A,A,0,Y,,,,Y,,N,60,1,0,0,0,1,0,0,0,0,- ,- ,33.927729999999997,-118.29439,LOS ANGELES,LOS ANGELES,-118.2945223,33.927754899999996
6434317,2014,7/9/14,1942,3/24/14,1330,39028,1241,1,5,7,1942,0,0,0,L,0,12T41,10TH AV,63RD ST,110,S,N,A,-,N,,,,,,,,,,N,2,0,1,2,A,-,11,21954,A,N,G,B,D,A,H,-,A,A,0,Y,,,,Y,,N,60,1,0,0,0,1,0,0,0,0,- ,- ,,,LOS ANGELES,LOS ANGELES,-118.327928,33.982643000000003
6442884,2014,7/2/14,1942,3/22/14,1950,39299,0851,6,5,7,1942,0,0,0,H,0,6T7,CENTINELA AV,IDAHO AV,13,N,N,A,-,N,,,,,,,,,,N,2,0,2,3,A,-,10,21950,A,F,G,B,B,A,H,-,C,A,0,Y,,,,Y,,-,99,1,1,0,0,2,0,0,0,0,- ,- ,,,LOS ANGELES,LOS ANGELES,-118.4646694,34.035995900000003
6442931,2014,7/2/14,1942,3/18/14,0050,40164,2071,2,5,7,1942,0,0,0,,0,20T59,WESTERN AV,PICO BL,13,S,N,A,-,N,,,,,,,,,,N,2,0,1,2,A,-,12,21453,A,N,G,B,B,A,H,-,C,A,0,Y,,,,Y,Y,A,01,1,0,0,0,1,0,0,0,0,- ,- ,,,LOS ANGELES,LOS ANGELES,-118.30904,34.047164350000003
6488153,2014,2/5/16,9575,4/5/14,2230,20634,,6,3,7,1942,0,1,1,,2,052,RT 5,LANKERSHIM BL,400,N,N,A,-,Y,LA,7,5,-,-,35.07,H,-,S,N,2,0,1,2,A,-,11,21954,A,N,G,B,D,A,H,-,C,D,1,Y,,,,Y,,N,60,1,0,0,0,1,0,0,0,0,- ,- ,34.228000000000002,-118.39161,LOS ANGELES,LOS ANGELES,-118.3891242,34.226936639999998
6495396,2014,7/30/14,1942,5/24/14,2030,38765,2115,6,5,7,1942,0,0,0,,0,19T75W,OWENSMOUTH AV,LANARK ST,45,S,N,A,-,N,,,,,,,,,,N,2,0,1,2,A,-,11,21950,B,N,G,B,D,A,H,-,C,D,0,Y,,,,Y,Y,N,60,1,0,0,0,1,0,0,0,0,- ,- ,,,LOS ANGELES,LOS ANGELES,-118.60164,34.217476550000001
6503633,2014,7/25/14,1941,5/29/14,1808,10559,,4,5,7,1941,0,0,0,,0,,SAINT LOUIS AV,EAST 11TH ST,0,,Y,A,-,N,,,,,,,,,,N,2,0,1,2,A,-,11,21956,A,N,G,B,D,A,H,-,A,D,0,Y,,,,Y,,N,,1,0,0,0,1,0,0,0,0,- ,- ,,,LOS ANGELES,LONG BEACH,-118.1666,33.78078009
6523505,2014,8/8/14,1942,6/7/14,1330,39745,423,6,5,7,1942,0,0,0,,0,2T15W2,NORTH MAIN ST,HANCOCK ST,18,S,N,A,-,N,,,,,,,,,,Y,2,0,1,3,A,-,09,21802,A,N,D,C,F,A,H,-,A,A,0,Y,,,,Y,,A,01,1,0,0,0,1,0,0,0,0,- ,- ,,,LOS ANGELES,LOS ANGELES,-118.20895,34.066049999999997
6524079,2014,6/20/14,1942,2/6/14,1120,38202,2029,4,5,7,1942,0,0,0,,0,20T58,COMMONWEALTH AV,5TH ST,120,S,N,B,-,N,,,,,,,,,,N,2,0,1,2,A,-,11,21954,A,N,G,B,D,A,H,-,A,D,0,Y,,,,Y,,N,60,1,0,0,0,1,0,0,0,0,- ,- ,,,LOS ANGELES,LOS ANGELES,-118.2856855,34.064850919999998
6524964,2014,8/5/14,1942,5/31/14,0030,38049,1043,6,5,7,1942,0,0,0,J,0,10L99,LINDLEY AV,VICTORY BL,349,S,N,A,-,N,,,,,,,,,,Y,2,0,1,2,A,-,03,22350,,F,G,B,E,A,H,-,C,D,0,Y,,,,Y,,A,01,1,0,0,0,1,0,0,0,0,- ,- ,,,LOS ANGELES,LOS ANGELES,-118.52729,34.185652679999997
6525035,2014,8/5/14,1942,5/29/14,2055,38995,1793,4,5,7,1942,0,0,0,Q,0,10T35,VANALDEN AV,PARTHENIA ST,0,,Y,A,-,N,,,,,,,,,,N,2,0,1,2,A,-,- ,,,F,G,B,B,A,H,-,C,A,0,Y,,,,Y,Y,-,99,1,0,0,0,1,0,0,0,0,- ,- ,,,LOS ANGELES,LOS ANGELES,-118.5492101,34.228250029999998
6570987,2014,8/29/14,1942,7/17/14,1915,39028,1211,4,5,7,1942,0,0,0,L,0,18T39,CRENSHAW BL,54TH ST,385,S,N,A,-,N,,,,,,,,,,N,2,0,1,2,A,-,10,21950,A,N,G,B,C,A,H,-,A,A,0,Y,,,,Y,,A,01,1,0,0,0,1,0,0,0,0,- ,- ,,,LOS ANGELES,LOS ANGELES,-118.331012,33.992052000000001
6606003,2014,12/28/15,1942,7/19/14,0330,36553,0822,6,5,7,1942,0,0,0,H,0,14T47,PACIFIC COAST HWY,SUNSET BL,1795,S,N,A,-,N,,,,,,,,,,Y,1,1,0,2,A,-,11,21954,A,N,G,B,D,A,H,-,C,D,0,Y,,,,Y,Y,N,60,0,0,0,1,0,0,0,0,0,- ,- ,,,LOS ANGELES,LOS ANGELES,-118.55563,34.038490000000003
6606358,2014,12/29/15,9575,3/8/14,0423,20291,,6,3,7,1942,0,1,1,,2,052,RT 5,TUXFORD ST,600,N,N,A,-,Y,LA,7,5,-,-,34.8,H,-,N,N,1,1,0,2,A,-,11,21954,A,N,G,B,E,A,D,-,D,D,1,Y,,,Y,Y,,N,60,0,0,0,1,0,0,0,0,0,- ,- ,34.226570000000002,-118.38401,LOS ANGELES,LOS ANGELES,-118.3845076,34.226591480000003
6606378,2015,3/30/17,1942,12/29/15,0905,37952,0275,2,5,7,1942,0,0,0,B,0,13TL22,ALVARADO ST,OLYMPIC BL,24,N,N,A,-,N,,,,,,,,,,N,1,1,0,2,A,-,10,21950,A,N,G,B,B,A,H,-,A,A,0,Y,,,,Y,,A,08,0,0,0,1,0,0,0,0,0,- ,- ,,,LOS ANGELES,LOS ANGELES,-118.2797931,34.051798210000001
6612426,2014,9/16/14,1942,8/23/14,0225,25495,0646,6,5,7,1942,0,0,0,F,0,7T23,HOLLYWOOD BL,CHEROKEE AV,85,W,N,A,-,N,,,,,,,,,,N,2,0,1,2,A,-,11,21954,A,N,G,B,C,A,H,-,C,A,0,Y,,,,Y,Y,N,60,1,0,0,0,1,0,0,0,0,- ,- ,,,LOS ANGELES,LOS ANGELES,-118.3353001,34.10156404
6617335,2014,1/7/16,1942,6/2/14,2120,38603,1747,1,5,7,1942,0,0,0,Q,0,15T45,CHATSWORTH ST,PETIT AV,13,E,N,A,-,N,,,,,,,,,,Y,1,1,0,2,A,-,11,21456,B,N,G,B,B,A,H,-,C,A,0,Y,,,,Y,Y,N,60,0,0,0,1,0,0,0,0,0,- ,- ,,,LOS ANGELES,LOS ANGELES,-118.4978771,34.264739380000002
6657861,2014,11/6/14,1941,10/7/14,2052,5668,,2,5,7,1941,0,0,0,,0,,BROADWAY ST,CERRITOS AV,0,,Y,A,-,N,,,,,,,,,,N,2,0,1,2,A,-,11,21954,A,N,G,B,D,A,H,-,D,D,0,Y,,,,Y,Y,N,,1,0,0,0,1,0,0,0,0,- ,- ,,,LOS ANGELES,LONG BEACH,-118.17863,33.768700019999997
6676204,2014,11/18/14,1942,9/19/14,1955,35471,2125,5,5,7,1942,0,0,0,,0,19TL75,OWENSMOUTH AV,ELKWOOD ST,0,,Y,A,-,N,,,,,,,,,,N,2,0,1,2,D,-,00,,,F,G,B,B,A,H,-,C,A,0,Y,,,,Y,Y,-,- ,1,0,0,0,1,0,0,0,0,- ,- ,,,LOS ANGELES,LOS ANGELES,-118.6016301,34.212860040000002
6677803,2014,11/13/14,1942,9/26/14,0605,37080,1998,5,5,7,1942,0,0,0,,0,21TL63,VAN NUYS BL,LANARK ST,192,N,N,A,-,N,,,,,,,,,,,2,0,1,2,A,-,11,21954,A,N,G,B,-,A,H,-,B,D,0,Y,,,,Y,,N,60,1,0,0,0,1,0,0,0,0,- ,- ,,,LOS ANGELES,LOS ANGELES,-118.4487615,34.218486630000001
6678226,2017,4/5/19,1942,12/2/17,0925,42029,1641,6,5,7,1942,0,0,0,P,0,16A23,VAN NUYS BL,REMICK AV,63,E,N,A,-,N,,,,,,,,,,Y,1,1,6,3,A,-,09,21804,A,N,D,C,F,A,H,-,A,D,0,Y,,,,Y,,A,01,0,1,5,1,0,0,0,0,0,- ,- ,,,LOS ANGELES,LOS ANGELES,-118.4336509,34.257711380000003
6678340,2017,1/24/18,1942,10/25/17,1000,39058,1412,3,5,7,1942,0,0,0,N,0,14TL49,PACIFIC AV,SUNSET AV,7,N,N,A,-,N,,,,,,,,,,Y,1,1,0,2,A,-,10,21950,A,N,G,B,B,A,H,-,A,A,0,Y,,,,Y,,A,01,0,0,0,1,0,0,0,0,0,- ,- ,,,LOS ANGELES,LOS ANGELES,-118.4772325,33.993946119999997
6698332,2014,12/8/14,1942,10/31/14,1640,32565,2071,5,5,7,1942,0,0,0,,0,20TL56,PICO BL,SAINT ANDREWS PL,37,E,N,B,-,N,,,,,,,,,,N,2,0,1,2,A,-,11,21955,,N,G,B,D,A,H,-,A,A,0,Y,,,,Y,,N,60,1,0,0,0,1,0,0,0,0,- ,- ,,,LOS ANGELES,LOS ANGELES,-118.3114781,34.047199999999997
6700830,2014,12/2/14,1942,10/18/14,2230,36065,1283,6,5,7,1942,0,0,0,L,0,5A25,WESTERN AV,92ND ST,6,N,N,A,-,N,,,,,,,,,,N,2,0,2,3,A,-,03,22350,,F,G,B,B,A,H,-,C,A,0,Y,,,,Y,Y,-,99,1,1,0,0,2,0,0,0,0,- ,- ,,,LOS ANGELES,LOS ANGELES,-118.30901,33.952717999999997
6704478,2014,5/15/15,1942,10/6/14,0045,40696,1861,1,5,7,1942,0,0,0,R,0,18T23,IMPERIAL HWY,MENLO AV,90,E,N,A,-,N,,,,,,,,,,N,1,1,0,2,A,-,11,21953,,F,G,B,D,A,H,-,C,D,0,Y,,,,Y,,N,60,0,0,0,1,0,0,0,0,0,- ,- ,,,LOS ANGELES,LOS ANGELES,-118.2889739,33.930982020000002
6711324,2014,1/15/15,1942,11/1/14,0025,34871,1219,6,5,7,1942,0,0,0,L,0,12A51,56TH ST,FIGUEROA,0,,Y,C,-,N,,,,,,,,,,N,2,0,1,2,A,-,10,21950,A,N,A,B,B,B,H,-,C,D,0,Y,,,,Y,,D,22,1,0,0,0,1,0,0,0,0,- ,- ,,,LOS ANGELES,LOS ANGELES,-118.2826801,33.991460080000003
6711477,2014,1/12/15,1942,11/19/14,1555,37611,1117,3,5,7,1942,0,0,0,K,0,13T22,YOSEMITE DR,MAYWOOD AV,213,W,N,A,-,N,,,,,,,,,,N,2,0,1,2,A,-,11,21954,A,N,G,B,D,A,H,-,A,D,0,Y,,,,Y,,N,60,1,0,0,0,1,0,0,0,0,- ,- ,,,LOS ANGELES,LOS ANGELES,-118.2116858,34.13443642
6718451,2014,12/30/15,1942,10/1/14,1420,31814,1863,3,5,7,1942,0,0,0,R,0,3T57,AVALON BL,IMPERIAL HWY,44,N,N,A,-,N,,,,,,,,,,N,1,1,0,2,A,-,11,21956,,N,G,B,D,A,H,-,A,A,0,Y,,,Y,Y,Y,N,60,0,0,0,1,0,0,0,0,0,- ,- ,,,LOS ANGELES,LOS ANGELES,-118.2651824,33.931160650000002
6718452,2014,1/13/16,1942,10/8/14,2105,40700,1803,3,5,7,1942,0,0,0,R,0,12T73,MANCHESTER AV,WALL ST,139,E,N,A,-,N,,,,,,,,,,N,1,1,0,2,A,-,11,21954,A,N,G,B,D,A,H,-,C,A,0,Y,,,,Y,Y,N,60,0,0,0,1,0,0,0,0,0,- ,- ,,,LOS ANGELES,LOS ANGELES,-118.2712325,33.960101049999999
6718525,2015,5/9/17,1942,5/13/15,2125,41198,0939,3,5,7,1942,0,0,0,I,0,9T53,VICTORY BL,COLDWATER CANYON AV,142,W,N,A,-,N,,,,,,,,,,Y,1,1,0,2,A,-,11,21954,A,N,G,B,D,A,H,-,C,A,0,Y,,,,Y,,N,60,0,0,0,1,0,0,0,0,0,- ,- ,,,LOS ANGELES,LOS ANGELES,-118.4142787,34.186680000000003
6718633,2017,2/20/18,1942,12/30/17,1840,36336,1713,6,5,7,1942,0,0,0,Q,0,17A35,RESEDA BL,ASUNCION ST,38,N,N,A,-,N,,,,,,,,,,N,1,1,0,2,A,-,11,21954,A,N,G,B,D,A,H,-,C,D,0,Y,,,,Y,,N,60,0,0,0,1,0,0,0,0,0,- ,- ,,,LOS ANGELES,LOS ANGELES,-118.5355537,34.27827688
6718634,2017,4/8/19,1942,12/31/17,1835,40972,1039,7,5,7,1942,0,0,0,J,0,10A39,VANOWEN ST,GLORIA AV,39,E,N,A,-,N,,,,,,,,,,Y,1,1,0,2,A,-,11,21954,A,N,G,B,D,A,A,-,C,A,0,Y,,,,Y,Y,N,60,0,0,0,1,0,0,0,0,0,- ,- ,,,LOS ANGELES,LOS ANGELES,-118.4791713,34.193910000000002
6726362,2014,1/5/15,1942,10/3/14,0920,38991,1441,5,5,7,1942,0,0,0,N,0,14A45,WASHINGTON BL,MILDRED AV,0,,Y,A,-,N,,,,,,,,,,N,2,0,1,2,A,-,12,21453,A,N,G,B,B,A,H,-,A,A,0,Y,,,,Y,,N,60,1,0,0,0,1,0,0,0,0,- ,- ,,,LOS ANGELES,LOS ANGELES,-118.4552001,33.98634002
6757830,2014,1/27/15,9580,11/18/14,0445,20451,,2,3,7,1942,0,1,1,,2,405,RT 405,VENTURA BL,520,N,N,A,-,Y,,,405,,,,,,,Y,2,0,1,3,A,-,03,22350,,N,G,B,E,A,H,-,C,D,0,Y,,,,Y,,D,22,1,0,0,0,1,0,0,0,0,- ,- ,34.156199999999998,-118.46875,LOS ANGELES,LOS ANGELES,-118.4688129,34.156177329999998
6758680,2014,2/4/15,1942,12/7/14,1700,38272,2062,7,5,7,1942,0,0,0,,0,20A76,11TH ST,MANHATTAN PL,30,E,N,A,-,N,,,,,,,,,,N,2,0,1,4,A,-,08,22107,,F,G,C,E,A,H,-,A,D,0,Y,,,,Y,,-,99,1,0,0,0,1,0,0,0,0,- ,- ,,,LOS ANGELES,LOS ANGELES,-118.3100212,34.050819070000003
6778760,2014,2/10/15,1942,12/28/14,1725,35936,1249,7,5,7,1942,0,0,0,L,0,12T41,FLORENCE AV,ESTRELLA AV,10,W,N,A,-,N,,,,,,,,,,Y,2,0,1,2,A,-,11,21953,,N,G,B,D,A,H,-,C,D,0,Y,,,,Y,,N,60,1,0,0,0,1,0,0,0,0,- ,- ,,,LOS ANGELES,LOS ANGELES,-118.2849229,33.97466
6780419,2014,2/18/16,1942,12/27/14,0005,40870,1515,6,5,7,1942,0,0,0,O,0,15A67,VOSE ST,LAUREL CANYON BL,400,E,N,A,-,N,,,,,,,,,,N,2,0,1,2,C,-,18,,,F,G,B,E,A,H,-,C,D,0,Y,,,,Y,,-,- ,1,0,0,0,1,0,0,0,0,- ,- ,,,LOS ANGELES,LOS ANGELES,-118.3951796,34.198433049999998
6782768,2015,2/20/15,1942,1/3/15,1745,38581,1269,6,5,7,1942,0,0,0,L,0,12X56,AVALON BL,84TH ST,0,,Y,A,-,N,,,,,,,,,,N,2,0,1,2,A,-,10,21950,A,N,G,B,B,A,H,-,C,A,0,Y,,,,Y,,A,01,1,0,0,0,1,0,0,0,0,- ,- ,,,LOS ANGELES,LOS ANGELES,-118.2651401,33.962850070000002
6792657,2014,2/24/15,1942,12/21/14,1900,41249,1794,7,5,7,1942,0,0,0,Q,0,17A67,WILBUR AV,CHASE ST,500,S,N,A,-,N,,,,,,,,,,N,2,0,1,2,D,-,00,,,F,G,B,E,A,H,-,C,D,0,Y,,,,Y,,-,- ,1,0,0,0,1,0,0,0,0,- ,- ,,,LOS ANGELES,LOS ANGELES,-118.5448125,34.223228429999999
6831373,2015,3/25/15,1942,2/9/15,1520,40398,1689,1,5,7,1942,0,0,0,P,0,19TL76,SUNLAND BL,ROSCOE BL,0,,Y,A,-,N,,,,,,,,,,N,2,0,1,2,A,-,10,21950,A,N,G,-,B,A,H,-,A,A,0,Y,,,Y,Y,,F,27,1,0,0,0,1,0,0,0,0,- ,- ,,,LOS ANGELES,LOS ANGELES,-118.36711,34.221440110000003
6842210,2015,3/25/15,1942,3/9/15,2030,38669,1954,1,5,7,1942,0,0,0,,0,2030,SEPULVEDA BL,MAYALL ST,0,,Y,A,-,N,,,,,,,,,,N,2,0,1,2,A,-,10,21950,A,N,A,B,D,A,H,-,C,D,0,Y,,,,Y,,-,,1,0,0,0,1,0,0,0,0,- ,- ,,,LOS ANGELES,LOS ANGELES,-118.46749,34.253600110000001
6843052,2015,3/30/15,1942,1/29/15,1745,36847,0312,4,5,7,1942,0,0,0,C,0,3A63,REDONDO BL,WESTHAVEN AV,50,N,N,A,-,N,,,,,,,,,,N,2,0,1,2,A,-,11,21955,,N,G,B,D,A,H,-,C,D,0,Y,,,,Y,,N,60,1,0,0,0,1,0,0,0,0,- ,- ,,,LOS ANGELES,LOS ANGELES,-118.357248,34.030210109999999
6843660,2015,3/18/15,1941,2/25/15,0801,5569,,3,5,7,1941,0,0,0,,0,,ARTESIA BL,ATLANTIC AV,74,E,N,A,-,N,,,,,,,,,,N,2,0,1,2,A,-,11,21954,A,N,A,B,D,A,H,-,A,A,0,Y,,,,Y,,N,,1,0,0,0,1,0,0,0,0,- ,- ,,,LOS ANGELES,LONG BEACH,-118.1859393,33.874350640000003
6849037,2015,3/23/15,1942,3/7/15,1340,38765,0984,6,5,7,1942,0,0,0,I,0,9TL54,VAN NUYS BL,DICKENS ST,0,,Y,A,-,N,,,,,,,,,,N,2,0,1,2,A,-,10,21950,A,N,G,B,B,A,H,-,A,A,0,Y,,,,Y,,A,01,1,0,0,0,1,0,0,0,0,- ,- ,,,LOS ANGELES,LOS ANGELES,-118.4489,34.149960069999999
6854507,2015,7/10/15,1941,2/13/15,2146,6281,,5,5,7,1941,0,0,0,,0,,SANTA FE AV,N LINCOLN ST,16368,S,N,A,-,N,,,,,,,,,,N,1,1,0,2,A,-,10,21950,A,F,G,B,B,A,H,-,C,D,0,Y,,,,Y,Y,A,,0,0,0,1,0,0,0,0,0,- ,- ,,,LOS ANGELES,LONG BEACH,-118.21555,33.780659999999997
6860011,2015,4/20/15,1942,3/23/15,0800,27259,0558,1,5,7,1942,0,0,0,E,0,5TL21,PACIFIC AV,OFARRELL ST,0,,Y,A,-,N,,,,,,,,,,Y,2,0,1,4,A,-,01,23152,A,F,-,-,-,A,H,-,A,-,0,Y,,,,Y,,A,01,1,0,0,0,1,0,0,0,0,- ,- ,,,LOS ANGELES,LOS ANGELES,-118.28788,33.746040090000001
6861352,2015,4/8/15,1941,3/17/15,1941,5870,546,2,5,7,1941,0,0,0,,0,012,REDONDO AV,10TH ST,0,,Y,A,-,N,,,,,,,,,,Y,2,0,1,2,A,-,10,21950,A,N,G,B,B,A,H,-,C,A,0,Y,,,,Y,Y,D,22,1,0,0,0,1,0,0,0,0,- ,- ,,,LOS ANGELES,LONG BEACH,-118.1524301,33.778950039999998
6870435,2015,4/14/15,1942,3/16/15,0755,36754,0319,1,5,7,1942,0,0,0,C,0,3TL5,ADAMS BL,FIGUEROA BL,0,,Y,A,-,N,,,,,,,,,,N,2,0,1,2,A,-,10,21950,A,F,G,B,B,A,H,-,A,A,0,Y,,,,Y,,-,99,1,0,0,0,1,0,0,0,0,- ,- ,,,LOS ANGELES,LOS ANGELES,-118.27602,34.028160079999999
6881539,2015,4/28/15,1942,3/29/15,2240,40452,0738,7,5,7,1942,0,0,0,G,0,20T59,WILSHIRE BL,JUNE ST,0,,Y,A,-,N,,,,,,,,,,N,2,0,1,2,A,-,11,21954,A,F,G,B,D,A,H,-,C,A,0,Y,,,,Y,,N,60,1,0,0,0,1,0,0,0,0,- ,- ,,,LOS ANGELES,LOS ANGELES,-118.3346601,34.062050020000001
6887776,2015,4/28/15,1942,4/10/15,1845,41056,1863,5,5,7,1942,0,0,0,R,0,18T23,AVALON BL,116TH ST,15,N,N,A,-,N,,,,,,,,,,Y,2,0,6,3,A,-,03,22350,,N,A,B,F,A,H,-,C,A,0,Y,,,,Y,,A,07,1,5,0,0,2,0,0,0,0,- ,- ,,,LOS ANGELES,LOS ANGELES,-118.2651996,33.929221140000003
6890222,2015,5/13/15,1942,3/27/15,0735,40266,1133,5,5,7,1942,0,0,0,K,0,11A51,FLETCHER,LARGA,0,,Y,A,-,N,,,,,,,,,,N,2,0,1,2,A,-,10,21950,A,N,G,B,B,A,H,-,A,A,0,Y,,,,Y,,-,,1,0,0,0,1,0,0,0,0,- ,- ,,,LOS ANGELES,LOS ANGELES,-118.2513201,34.110370119999999
6904936,2015,4/25/17,1942,3/16/15,0140,35936,1248,1,5,7,1942,0,0,0,L,0,12T41,FLORENCE AV,HOOVER ST,44,W,N,A,-,N,,,,,,,,,,N,1,1,0,2,A,-,11,21954,A,N,G,B,D,A,H,-,C,D,0,Y,,,,Y,Y,N,60,0,0,0,1,0,0,0,0,0,- ,- ,,,LOS ANGELES,LOS ANGELES,-118.2872548,33.974640000000001
6930765,2015,7/7/15,1942,5/14/15,2015,40460,0668,4,5,7,1942,0,0,0,F,0,14T47,SUNSET BL,WESTERN AV,23,E,N,B,C,N,,,,,,,,,,Y,2,0,2,3,A,-,11,21456,B,N,G,B,B,B,H,-,C,A,0,Y,,,,Y,,N,60,1,1,0,0,1,0,0,0,0,- ,- ,,,LOS ANGELES,LOS ANGELES,-118.3091442,34.098100000000002