CASE_ID,ACCIDENT_YEAR,PROC_DATE,JURIS,COLLISION_DATE,COLLISION_TIME,OFFICER_ID,REPORTING_DISTRICT,DAY_OF_WEEK,CHP_SHIFT,POPULATION,CNTY_CITY_LOC,SPECIAL_COND,BEAT_TYPE,CHP_BEAT_TYPE,CITY_DIVISION_LAPD,CHP_BEAT_CLASS,BEAT_NUMBER,PRIMARY_RD,SECONDARY_RD,DISTANCE,DIRECTION,INTERSECTION,WEATHER_1,WEATHER_2,STATE_HWY_IND,CALTRANS_COUNTY,CALTRANS_DISTRICT,STATE_ROUTE,ROUTE_SUFFIX,POSTMILE_PREFIX,POSTMILE,LOCATION_TYPE,RAMP_INTERSECTION,SIDE_OF_HWY,TOW_AWAY,COLLISION_SEVERITY,NUMBER_KILLED,NUMBER_INJURED,PARTY_COUNT,PRIMARY_COLL_FACTOR,PCF_CODE_OF_VIOL,PCF_VIOL_CATEGORY,PCF_VIOLATION,PCF_VIOL_SUBSECTION,HIT_AND_RUN,TYPE_OF_COLLISION,MVIW,PED_ACTION,ROAD_SURFACE,ROAD_COND_1,ROAD_COND_2,LIGHTING,CONTROL_DEVICE,CHP_ROAD_TYPE,PEDESTRIAN_ACCIDENT,BICYCLE_ACCIDENT,MOTORCYCLE_ACCIDENT,TRUCK_ACCIDENT,NOT_PRIVATE_PROPERTY,ALCOHOL_INVOLVED,STWD_VEHTYPE_AT_FAULT,CHP_VEHTYPE_AT_FAULT,COUNT_SEVERE_INJ,COUNT_VISIBLE_INJ,COUNT_COMPLAINT_PAIN,COUNT_PED_KILLED,COUNT_PED_INJURED,COUNT_BICYCLIST_KILLED,COUNT_BICYCLIST_INJURED,COUNT_MC_KILLED,COUNT_MC_INJURED,PRIMARY_RAMP,SECONDARY_RAMP,LATITUDE,LONGITUDE,COUNTY,CITY,POINT_X,POINT_Y
9421880,2021,5/2/22,109,9/1/21,1720,9942,1,3,5,7,109,0,0,0,,0,07X,ADELINE ST,W GRAND ST,100,N,N,A,-,N,,,,,,,,,,N,2,0,1,2,A,-,11,21954,A,F,G,B,D,A,H,-,A,D,0,Y,,,,Y,,N,60,1,0,0,0,1,0,0,0,0,- ,- ,,,ALAMEDA,OAKLAND,-122.2838669,37.81577301
9425736,2021,4/15/22,109,9/12/21,58,9626,2,7,5,7,109,0,0,0,,0,28X,MACARTHUR BL,55TH AV,50,W,N,A,-,N,,,,,,,,,,N,2,0,1,2,A,-,3,22350,,N,G,B,D,A,H,-,C,A,0,Y,,,,Y,,A,1,1,0,0,0,1,0,0,0,0,- ,- ,,,ALAMEDA,OAKLAND,-122.1880035,37.77795792
9432387,2021,7/26/22,109,7/25/21,148,9879,2,7,5,7,109,0,0,0,,0,30X,INTERNATIONAL BL,72ND AV,35,E,N,A,-,N,,,,,,,,,,N,2,0,1,2,A,-,11,21954,A,N,G,B,D,A,H,-,C,D,0,Y,,,,Y,,N,60,1,0,0,0,1,0,0,0,0,- ,- ,,,ALAMEDA,OAKLAND,-122.1880951,37.7596817
9444773,2021,5/24/22,109,11/21/21,1752,9930,1,7,5,7,109,0,0,0,,0,06X,40TH ST,MARTIN LUTHER KING WY,0,,Y,A,-,N,,,,,,,,,,N,2,0,1,2,D,-,0,,,F,G,B,E,A,H,-,C,A,0,Y,,,,Y,,-,- ,1,0,0,0,1,0,0,0,0,- ,- ,,,ALAMEDA,OAKLAND,-122.2684326,37.82977295
9452043,2021,6/1/22,109,9/26/21,238,9874,2,7,5,7,109,0,0,0,,0,32X,INTERNATIONAL BL,102ND AV,30,W,N,-,-,N,,,,,,,,,,N,2,0,1,2,A,-,3,22350,,F,G,B,E,A,H,-,C,A,0,Y,,,,Y,Y,-,99,1,0,0,0,1,0,0,0,0,- ,- ,,,ALAMEDA,OAKLAND,-122.1684341,37.74159241
9464218,2021,3/29/23,109,10/1/21,1956,8259,2,5,5,7,109,0,0,0,,0,34X,BANCROFT AV,85TH AV,0,,Y,A,-,N,,,,,,,,,,Y,1,1,1,4,A,-,3,22350,,N,G,B,E,A,H,-,C,D,0,Y,,,,Y,,A,1,0,1,0,1,0,0,0,0,0,- ,- ,,,ALAMEDA,OAKLAND,-122.1688309,37.75762939
9504023,2021,6/20/23,103,7/26/21,2156,104,3901,1,5,6,103,0,0,0,,0,8,RT 13,NEWBURY ST,0,,Y,A,-,Y,ALA,4,13,-,-,12.11,H,-,S,Y,1,1,3,4,A,-,10,21950,A,N,G,B,D,A,H,-,C,D,0,Y,,,,Y,,A,7,1,2,0,1,2,0,0,0,0,- ,- ,37.85544968,-122.266861,ALAMEDA,BERKELEY,-122.2672424,37.85520554
9520320,2021,1/31/23,109,4/25/21,1140,8658,1,7,5,7,109,0,0,0,,0,03X,JACKSON ST,10TH ST,10,N,N,C,-,N,,,,,,,,,,N,1,1,0,2,A,-,11,21453,D,N,G,B,B,B,H,-,A,A,0,Y,,,,Y,,N,60,0,0,0,1,0,0,0,0,0,- ,- ,,,ALAMEDA,OAKLAND,-122.2669373,37.79924393
9520392,2021,2/13/23,109,5/9/21,1714,8483,1,7,5,7,109,0,0,0,,0,16Y,PARK BL,GREENWOOD AV,120,N,N,A,-,N,,,,,,,,,,Y,1,1,1,4,-,-,- ,,,F,G,B,F,A,H,-,A,D,0,Y,,,,Y,Y,A,1,0,0,1,1,0,0,0,0,0,- ,- ,,,ALAMEDA,OAKLAND,-122.2281418,37.80475235
9520394,2021,2/13/23,109,12/4/21,146,8483,2,6,5,7,109,0,0,0,,0,04X,BROADWAY,19TH ST,130,N,N,-,-,N,,,,,,,,,,N,1,1,0,2,A,-,11,21954,A,F,G,B,E,A,H,-,A,D,0,Y,,,,Y,,N,60,0,0,0,1,0,0,0,0,0,- ,- ,,,ALAMEDA,OAKLAND,-122.2688293,37.80809784
9520481,2021,5/12/23,109,6/28/21,2216,8658,2,1,5,7,109,0,0,0,,0,30Y,BANCROFT AV,CHURCH ST,9,E,N,A,-,N,,,,,,,,,,N,1,1,0,2,A,-,10,21950,A,F,G,B,B,A,H,-,C,A,0,Y,,,,Y,,A,1,0,0,0,1,0,0,0,0,0,- ,- ,,,ALAMEDA,OAKLAND,-122.1795425,37.76800919
5639562,2012,4/3/14,109,1/9/12,2317,8289,2,1,5,7,109,0,0,0,,0,30X,73RD AV,BANCROFT AV,0,,Y,A,-,N,,,,,,,,,,N,1,1,0,2,D,-,0,,,F,G,B,B,A,H,-,C,A,0,Y,,,,Y,,-,- ,0,0,0,1,0,0,0,0,0,- ,- ,,,ALAMEDA,OAKLAND,-122.1772131,37.76583496
5684547,2012,9/12/13,109,5/30/12,751,7766,,3,5,7,109,0,0,0,,0,31X,98TH AV,EDES AV,150,S,N,A,-,N,,,,,,,,,,N,2,0,1,2,A,-,11,21950,B,N,G,B,D,A,H,-,A,D,0,Y,,,,Y,,N,60,1,0,0,0,1,0,0,0,0,- ,- ,,,ALAMEDA,OAKLAND,-122.1835339,37.73604742
5774698,2012,10/11/13,109,6/16/12,2205,9037,2,6,5,7,109,0,0,0,,0,27X,BANCROFT AV,50TH AV,0,,Y,A,-,N,,,,,,,,,,N,2,0,1,2,A,-,10,21950,A,F,G,B,B,A,H,-,C,D,0,Y,,,,Y,,A,1,1,0,0,0,1,0,0,0,0,- ,- ,,,ALAMEDA,OAKLAND,-122.2070731,37.77178489
5795838,2012,11/16/13,109,8/15/12,2305,7644,1,3,5,7,109,0,0,0,,0,5,MANDELA PKWY,16TH ST,130,N,N,A,-,N,,,,,,,,,,Y,2,0,1,4,A,-,3,22350,,N,G,B,E,D,H,-,C,D,0,Y,,,,Y,,A,1,1,0,0,0,1,0,0,0,0,- ,- ,,,ALAMEDA,OAKLAND,-122.2910784,37.81265987
5841849,2012,12/4/13,109,9/9/12,150,9009,1,7,5,7,109,0,0,0,,0,08X,BROADWAY,24TH ST,50,N,N,A,-,N,,,,,,,,,,N,2,0,1,2,A,-,11,21954,A,N,G,B,D,A,H,-,C,D,0,Y,,,,Y,Y,N,60,1,0,0,0,1,0,0,0,0,- ,- ,,,ALAMEDA,OAKLAND,-122.2655563,37.81351802
5910669,2012,7/18/13,109,9/25/12,1140,8483T,,2,5,7,109,0,0,0,,0,04X,LAKESIDE DR,JACKSON ST,0,,Y,A,-,N,,,,,,,,,,N,1,1,0,2,A,-,10,21950,A,N,G,B,B,A,H,-,A,A,0,Y,,,,Y,,D,22,0,0,0,1,0,0,0,0,0,- ,- ,,,ALAMEDA,OAKLAND,-122.2627631,37.80603487
6010341,2013,2/7/14,109,3/2/13,1721,9066,2,6,5,7,109,0,0,0,,0,35X,MACARTHUR BL,94TH AV,25,E,N,B,-,N,,,,,,,,,,N,2,0,1,2,D,-,0,,,N,G,B,B,A,H,-,B,D,0,Y,,,,Y,,-,- ,1,0,0,0,1,0,0,0,0,- ,- ,,,ALAMEDA,OAKLAND,-122.1603494,37.7528589
6039473,2013,2/8/14,103,3/27/13,1528,57,21,3,5,6,103,0,0,0,,0,17,8TH ST,CAMELIA ST,200,N,N,A,-,N,,,,,,,,,,N,2,0,1,2,A,-,11,21955,,N,G,B,D,A,H,-,A,D,0,Y,,,,Y,,N,60,1,0,0,0,1,0,0,0,0,- ,- ,,,ALAMEDA,BERKELEY,-122.2988727,37.8785677
6216510,2013,4/3/14,103,8/1/13,1734,109,31,4,5,6,103,0,0,0,,0,16,ADDISON ST,8TH ST,0,,Y,A,-,N,,,,,,,,,,N,2,0,1,2,A,-,10,21950,A,N,A,B,B,A,H,-,A,A,0,Y,,,,Y,,A,1,1,0,0,0,1,0,0,0,0,- ,- ,,,ALAMEDA,BERKELEY,-122.2951731,37.8671449
6251974,2013,4/14/14,103,9/4/13,2151,69,33,3,5,6,103,0,0,0,,0,13,RT 13,MABEL ST,308,E,N,A,-,Y,ALA,4,13,-,-,12.96,H,-,N,N,2,0,1,3,A,-,0,23104,A,N,H,B,F,A,H,-,C,D,0,Y,,,,Y,,A,1,1,0,0,0,1,0,0,0,0,- ,- ,,,ALAMEDA,BERKELEY,-122.2827945,37.852921
6260340,2013,4/29/14,9370,10/4/13,625,20459,,5,1,7,109,0,1,1,,2,53,RT 580,ARDLEY AV,332,E,N,A,-,Y,ALA,4,580,-,R,41.87,H,-,E,N,2,0,1,2,A,-,11,21956,,N,G,B,D,A,H,-,C,D,1,Y,,,,Y,,N,60,1,0,0,0,1,0,0,0,0,- ,- ,37.79965,-122.22308,ALAMEDA,OAKLAND,-122.2228584,37.7995261
6269894,2013,4/29/14,9335,11/3/13,1010,19521,,7,1,7,109,0,1,1,,1,82,RT 80,SFOBB METERING LIGHTS,2890,W,N,A,-,Y,SOL,4,80,-,-,1.37,H,-,W,N,2,0,1,3,A,-,11,21954,A,N,G,B,E,A,H,-,A,D,4,Y,,,,Y,,N,60,1,0,0,0,1,0,0,0,0,- ,- ,37.82242,-122.32617,ALAMEDA,OAKLAND,-122.3297578,37.8213666
6394921,2013,5/29/14,109,12/10/13,1326,8005,2,2,5,7,109,0,0,0,,0,32X,INTERNATIONAL BL,103RD AV,24,E,N,A,-,N,,,,,,,,,,N,2,0,1,2,A,-,11,21954,A,F,G,B,E,A,H,-,A,D,0,Y,,,,Y,,N,60,1,0,0,0,1,0,0,0,0,- ,- ,,,ALAMEDA,OAKLAND,-122.167963,37.7408173
6460614,2014,6/24/14,109,1/26/14,335,9090,2,7,5,7,109,0,0,0,,0,23X,INTERNATIONAL BL,34TH AV,20,E,N,A,-,N,,,,,,,,,,N,2,0,1,2,D,-,0,,,F,G,B,D,A,H,-,C,D,0,Y,,,,Y,,-,- ,1,0,0,0,1,0,0,0,0,- ,- ,,,ALAMEDA,OAKLAND,-122.223773,37.77662888
6606233,2014,10/6/14,9370,7/1/14,417,19160,,2,3,7,109,0,1,1,,2,176,RT 880,98TH AV,15,N,N,A,-,Y,ALA,4,880,-,-,24.74,H,-,N,N,1,1,0,2,A,-,11,21954,A,N,G,B,E,A,H,-,D,D,1,Y,,,Y,Y,,N,60,0,0,0,1,0,0,0,0,0,- ,- ,37.732,-122.18855,ALAMEDA,OAKLAND,-122.1885134,37.73178796
6619558,2013,9/16/14,109,10/24/13,2334,9110,1,4,5,7,109,0,0,0,,0,07X,WEST ST,ISABELLA ST,0,,Y,A,-,N,,,,,,,,,,N,2,0,1,2,A,-,10,21950,A,M,G,B,B,A,H,-,C,A,0,Y,,,,Y,,A,1,1,0,0,0,1,0,0,0,0,- ,- ,,,ALAMEDA,OAKLAND,-122.2749931,37.8148549
6718268,2014,3/27/15,9370,11/9/14,1720,19815,,7,2,7,109,0,1,1,,2,52,RT 580,DAVENPORT AV,185,E,N,A,-,Y,ALA,4,580,-,R,39.33,H,-,W,Y,1,1,1,3,A,-,8,22107,,N,C,C,E,A,H,-,B,D,1,Y,,,,Y,,A,1,0,1,0,1,0,0,0,0,0,- ,- ,37.7841,-122.18016,ALAMEDA,OAKLAND,-122.1799334,37.78405996
6734349,2014,12/17/14,109,11/20/14,1139,8270,1,4,5,7,109,0,0,0,,0,19X,E 10TH ST,5TH AV,25,E,N,C,-,N,,,,,,,,,,Y,2,0,2,3,A,-,3,22350,,N,D,C,F,B,H,-,A,A,0,Y,,,,Y,,-,- ,1,1,0,0,1,0,0,0,0,- ,- ,,,ALAMEDA,OAKLAND,-122.2566313,37.79365956
6734760,2014,12/12/14,103,10/14/14,1641,149,29,2,5,6,103,0,0,0,,0,10,ADELINE ST,FAIRVIEW ST,0,,Y,A,-,N,,,,,,,,,,N,2,0,1,2,A,-,10,21950,A,N,G,B,B,A,H,-,A,D,0,Y,,,,Y,,A,1,1,0,0,0,1,0,0,0,0,- ,- ,,,ALAMEDA,BERKELEY,-122.2707799,37.85067989
6772329,2014,1/27/15,109,11/4/14,2139,9197,1,2,5,7,109,0,0,0,,0,06X,MARTIN LUTHER KING JR WY,24TH ST,0,,Y,A,-,N,,,,,,,,,,N,2,0,1,2,D,-,0,,,F,G,B,E,A,H,-,C,D,0,Y,,,,Y,,-,- ,1,0,0,0,1,0,0,0,0,- ,- ,,,ALAMEDA,OAKLAND,-122.27232,37.81424992
6793983,2014,2/11/15,109,12/11/14,630,9391,1,4,5,7,109,0,0,0,,0,10X,SAN PABLO AV,55TH ST,10,N,N,C,-,N,,,,,,,,,,N,2,0,1,2,A,-,10,21950,A,N,G,B,B,B,F,-,A,D,0,Y,,,,Y,,A,7,1,0,0,0,1,0,0,0,0,- ,- ,,,ALAMEDA,OAKLAND,-122.2823587,37.8385666
6798686,2014,2/2/15,109,9/11/14,1548,9301,2,4,5,7,109,0,0,0,,0,35Y,MOUNTAIN BL,GOLF LINKS RD,290,W,N,A,-,N,,,,,,,,,,N,2,0,1,2,A,-,11,21954,A,N,G,B,D,A,H,-,A,D,0,Y,,,,Y,,N,60,1,0,0,0,1,0,0,0,0,- ,- ,,,ALAMEDA,OAKLAND,-122.15015,37.75339
7041144,2015,9/1/15,109,3/29/15,2023,9372,2,7,5,7,109,0,0,0,,0,27X,INTERNATIONAL BL,64TH AV,0,,Y,A,-,N,,,,,,,,,,N,2,0,1,2,A,-,10,21950,A,N,G,B,B,A,H,-,A,D,0,Y,,,,Y,,A,1,1,0,0,0,1,0,0,0,0,- ,- ,,,ALAMEDA,OAKLAND,-122.1957599,37.76332995
7069241,2015,9/29/15,109,1/3/15,1819,8259,5,6,5,7,109,0,0,0,,0,30X,81ST AV,HOLLY ST,11,N,N,A,-,N,,,,,,,,,,Y,2,0,1,2,A,-,1,23152,A,N,G,B,B,A,H,-,C,A,0,Y,,,,Y,Y,A,7,1,0,0,0,1,0,0,0,0,- ,- ,,,ALAMEDA,OAKLAND,-122.1779475,37.75740576
7199235,2015,3/9/16,109,11/10/15,1937,9490,1,2,5,7,109,0,0,0,,0,07X,SAN PABLO AV,23RD ST,0,,Y,A,-,N,,,,,,,,,,N,2,0,1,2,A,-,11,21954,A,N,G,B,D,A,H,-,C,D,0,Y,,,,Y,Y,N,60,1,0,0,0,1,0,0,0,0,- ,- ,,,ALAMEDA,OAKLAND,-122.2743899,37.8138099
7199798,2015,8/23/16,109,7/20/15,2154,8610,1,1,5,7,109,0,0,0,,0,08X,TELEGRAPH AV,37TH ST,19,S,N,A,-,N,,,,,,,,,,Y,1,1,1,2,A,-,8,22107,,F,E,I,F,A,H,-,C,A,0,Y,,,,Y,,A,1,0,0,1,0,1,0,0,0,0,- ,- ,,,ALAMEDA,OAKLAND,-122.2654933,37.82527888
8083629,2016,7/19/16,109,3/5/16,2234,9387,2,6,5,7,109,0,0,0,,0,28X,FLEMING AV,COURTLAND AV,4,E,N,C,-,N,,,,,,,,,,N,2,0,1,2,A,-,10,21950,A,N,G,B,B,B,H,-,C,D,0,Y,,,,Y,,A,1,1,0,0,0,1,0,0,0,0,- ,- ,,,ALAMEDA,OAKLAND,-122.2005109,37.78262175
8536214,2017,1/16/18,109,10/27/17,856,9463,1,5,5,7,109,0,0,0,,0,18X,14TH AV,24TH ST,12,W,N,A,-,N,,,,,,,,,,N,2,0,1,2,A,-,10,21950,A,N,G,B,B,A,H,-,A,A,0,Y,,,,Y,,A,1,1,0,0,0,1,0,0,0,0,- ,- ,,,ALAMEDA,OAKLAND,-122.2367876,37.79537606
8551850,2017,6/15/18,103,12/18/17,2332,146,,1,5,6,103,0,0,0,,0,11,SAN PABLO,HASKELL ST,0,,Y,A,-,Y,ALA,4,123,-,-,1.82,H,-,N,N,2,0,1,2,A,-,10,21950,A,F,G,B,B,A,H,-,C,D,0,Y,,,,Y,Y,D,22,1,0,0,0,1,0,0,0,0,- ,- ,37.85051,-122.28625,ALAMEDA,BERKELEY,-122.2861959,37.85070523
8572000,2017,3/14/18,109,11/4/17,1200,9688,1,6,5,7,109,0,0,0,,0,10X,55TH ST,SAN PABLO BL,0,,Y,A,-,N,,,,,,,,,,N,2,0,1,2,A,-,10,21950,A,N,G,B,B,A,H,-,A,A,0,Y,,,,Y,,A,1,1,0,0,0,1,0,0,0,0,- ,- ,,,ALAMEDA,OAKLAND,-122.2823499,37.83853999
8576989,2017,3/19/18,109,10/27/17,829,9479,1,5,5,7,109,0,0,0,,0,08X,23RD ST,MARTIN LUTHER KING JR WY,100,E,N,A,-,N,,,,,,,,,,N,2,0,1,2,A,-,11,21954,A,N,G,B,E,A,H,-,A,A,0,Y,,,,Y,,N,60,1,0,0,0,1,0,0,0,0,- ,- ,,,ALAMEDA,OAKLAND,-122.27233,37.81323
8581744,2018,4/4/18,109,2/5/18,1534,9444,1,1,5,7,109,0,0,0,,0,05X,21ST ST,MARKET ST,30,W,N,A,-,N,,,,,,,,,,N,2,0,1,2,A,-,11,21955,,N,G,-,D,A,H,-,A,D,0,Y,,,,Y,,N,60,1,0,0,0,1,0,0,0,0,- ,- ,,,ALAMEDA,OAKLAND,-122.2791367,37.81312943
8655212,2018,7/23/18,109,5/16/18,1103,9278,2,3,5,7,109,0,0,0,,0,33X,INTERNATIONAL BL,84TH AV,0,,Y,A,-,N,,,,,,,,,,N,2,0,1,2,A,-,11,21950,B,N,G,B,B,A,D,-,A,D,0,Y,,,,Y,Y,N,60,1,0,0,0,1,0,0,0,0,- ,- ,,,ALAMEDA,OAKLAND,-122.1779861,37.75437164
8689817,2018,9/7/18,109,6/28/18,1849,9609,1,4,5,7,109,0,0,0,,0,12Y,CLAREMONT AV,HUDSON ST,0,,Y,A,-,N,,,,,,,,,,N,2,0,1,2,A,-,11,21456,B,N,G,B,B,A,H,-,A,A,0,Y,,,,Y,,N,60,1,0,0,0,1,0,0,0,0,- ,- ,,,ALAMEDA,OAKLAND,-122.2576218,37.84291077
8705137,2018,10/3/18,103,6/18/18,2144,9,28,1,5,6,103,0,0,0,,0,6,DURANT,DANA,0,,Y,B,-,N,,,,,,,,,,Y,2,0,1,2,A,-,1,23153,A,N,A,B,B,A,H,-,C,A,0,Y,,,,Y,Y,A,1,1,0,0,0,1,0,0,0,0,- ,- ,,,ALAMEDA,BERKELEY,-122.261261,37.86753845
8715544,2018,11/28/18,109,8/18/18,150,9591,2,6,5,7,109,0,0,0,,0,27X,FOOTHILL BL,FAIRFAX,0,,-,A,-,N,,,,,,,,,,N,2,0,1,2,D,-,0,,,F,G,B,B,A,H,-,C,D,0,Y,,,,Y,,-,- ,1,0,0,0,1,0,0,0,0,- ,- ,,,ALAMEDA,OAKLAND,-122.2007599,37.77264023
8736266,2018,11/28/18,109,7/29/18,128,9591,2,7,5,7,109,0,0,0,,0,26X,75TH AV,HAMILTON AV,80,N,N,A,-,N,,,,,,,,,,N,2,0,1,3,A,-,8,22107,,F,G,B,D,A,H,-,C,D,0,Y,,,,Y,,A,7,1,0,0,0,1,0,0,0,0,- ,- ,,,ALAMEDA,OAKLAND,-122.1895065,37.75596619
8775730,2018,1/14/19,103,11/10/18,2014,26,,6,5,6,103,0,0,0,,0,10,RUSSELL,ADELINE,0,,Y,A,-,N,,,,,,,,,,N,2,0,1,2,A,-,10,21950,A,N,G,B,B,A,H,-,C,A,0,Y,,,,Y,,-,,1,0,0,0,1,0,0,0,0,- ,- ,37.85599899,-122.2679977,ALAMEDA,BERKELEY,-122.2686386,37.85646057
8816672,2019,3/12/19,109,1/26/19,2137,9601,2,6,5,7,109,0,0,0,,0,33,INTERNATIONAL BL,94TH AV,0,,Y,A,-,N,,,,,,,,,,N,2,0,1,2,D,-,0,,,F,G,B,D,A,H,-,C,A,0,Y,,,,Y,,-,- ,1,0,0,0,1,0,0,0,0,- ,- ,,,ALAMEDA,OAKLAND,-122.1726379,37.74715042
8835254,2019,4/9/19,103,2/5/19,1811,159,,2,5,6,103,0,0,0,,0,5,MARTIN LUTHER KING JR,PARKER,0,,Y,A,-,N,,,,,,,,,,N,2,0,1,2,A,-,10,21950,A,N,G,B,B,A,H,-,D,D,0,Y,,,,Y,,A,1,1,0,0,0,1,0,0,0,0,- ,- ,37.8615303,-122.2718964,ALAMEDA,BERKELEY,-122.2719193,37.86154938
8911506,2020,6/11/22,109,1/17/20,1523,8610,2,5,5,7,109,0,0,0,,0,32X,98TH AVE,CHERRY ST,0,,Y,A,-,N,,,,,,,,,,N,1,1,0,2,A,-,6,21951,,N,G,B,B,A,H,-,A,A,0,Y,,,,Y,,A,1,0,0,0,1,0,0,0,0,0,- ,- ,,,ALAMEDA,OAKLAND,-122.1661377,37.74642181
9013571,2019,1/10/20,109,10/10/19,2121,8444,1,4,5,7,109,0,0,0,,0,02X,14TH ST,MAGNOLIA ST,0,,Y,A,-,N,,,,,,,,,,N,2,0,1,2,A,-,10,21950,A,F,G,B,B,A,H,-,C,A,0,Y,,,,Y,,A,1,1,0,0,0,1,0,0,0,0,- ,- ,,,ALAMEDA,OAKLAND,-122.2872696,37.80973816
90334946,2016,12/1/16,9370,11/9/16,20,19577,,3,3,7,109,0,1,3,,2,25,SR-24 E/B,CLAREMONT AVENUE,807,W,N,B,-,Y,,,,,,,,,,N,2,0,1,2,A,-,11,21954,A,N,G,B,E,A,H,-,D,D,0,Y,,,,Y,,N,60,1,0,0,0,1,0,0,0,0,- ,- ,37.50309,-122.15327,ALAMEDA,OAKLAND,-122.2608652,37.84133683
90408887,2016,3/9/17,9370,11/27/16,230,20881,,7,3,7,109,0,1,1,,2,178,I-880 S/B,CASTRO ST,406,S,N,C,-,Y,,,880,,,,,,S,Y,1,1,0,3,A,-,3,22350,,N,G,B,E,B,F,-,D,D,0,Y,,,,Y,,A,7,0,0,0,1,0,0,0,0,0,- ,- ,37.80022,-122.27952,ALAMEDA,OAKLAND,-122.2795283,37.80019945
90719954,2018,5/4/18,9370,3/24/18,446,21645,,6,3,7,109,0,1,1,,2,176,I-880 N/B,98TH AVENUE,1531,S,N,B,-,Y,,,880,,,,,,N,Y,1,1,0,2,A,-,11,21954,A,N,G,B,E,A,H,-,C,D,0,Y,,,,Y,Y,N,60,0,0,0,1,0,0,0,0,0,- ,- ,37.72811127,-122.1852798,ALAMEDA,OAKLAND,-122.1852341,37.72815323
90735270,2018,5/28/18,9370,4/12/18,2105,20881,,4,2,7,109,0,1,1,,2,52,I-580 W/B,HIGH ST,392,W,N,A,-,Y,,,580,,,,,,W,N,1,1,0,3,A,-,11,21954,A,N,G,B,E,A,H,-,D,D,0,Y,,,,Y,,N,60,0,0,0,1,0,0,0,0,0,- ,- ,37.78736877,-122.1967468,ALAMEDA,OAKLAND,-122.1967697,37.78733444
91223840,2020,4/10/20,9370,4/7/20,1815,21093,,2,2,7,109,0,1,1,,2,176,I-880 N/B,29TH AVE,750,S,N,B,-,Y,,,880,,,,,,N,Y,2,0,1,2,A,-,11,21954,A,N,G,B,E,A,H,-,A,D,0,Y,,,,Y,,N,60,1,0,0,0,1,0,0,0,0,- ,- ,37.7743187,-122.2309036,ALAMEDA,OAKLAND,-122.2309113,37.77427673
91432631,2021,3/22/21,9370,3/10/21,1237,18499,,3,1,7,109,0,1,1,,2,8,I-80 W/B,I-880 N/B TO I-80 E/B,670,E,N,B,-,Y,,,80,,,,,,W,Y,2,0,2,3,A,-,3,22350,,N,G,B,E,B,H,-,A,D,0,Y,,,,Y,,A,1,1,0,1,0,1,0,0,0,0,- ,- ,37.82569885,-122.3033905,ALAMEDA,OAKLAND,-122.3034134,37.82584
9161631,2020,10/22/20,103,8/21/20,2124,58,32,5,5,6,103,0,0,0,,0,14,10TH,UNIVERSITY AV,0,,Y,A,-,N,,,,,,,,,,N,2,0,1,2,A,-,10,21950,A,F,G,B,B,A,H,-,C,D,0,Y,,,,Y,,A,1,1,0,0,0,1,0,0,0,0,- ,- ,37.86886978,-122.2932968,ALAMEDA,BERKELEY,-122.2933273,37.86893082
91660240,2021,12/23/21,9370,11/20/21,2500,19091,,6,4,7,109,0,1,1,,2,176,I-880 S/B TO HEGENBERGER ROAD,HEGENBERGER ROAD,1026,N,N,A,-,Y,,,880,,,,R,,S,N,1,1,0,2,A,-,11,21954,A,F,G,B,E,A,H,-,C,D,0,Y,,,,Y,,-,99,0,0,0,1,0,0,0,0,0,- ,- ,37.74283981,-122.1987305,ALAMEDA,OAKLAND,-122.1987305,37.74283981
91812669,2021,7/8/22,9370,9/12/21,141,21997,,7,3,6,103,0,1,1,,2,81,I-80 E/B,ASHBY AVENUE OVERCROSSING,3637,E,N,A,-,Y,,,80,,,,,,E,Y,1,2,2,7,C,-,18,,,N,G,B,E,A,H,-,D,D,0,Y,,,,Y,,-,- ,0,1,1,2,1,0,0,0,0,- ,- ,37.85884857,-122.3014908,ALAMEDA,BERKELEY,-122.3014221,37.85886765
9250590,2021,4/28/21,103,3/21/21,2050,88,20,7,5,6,103,0,0,0,,0,14,WEST FRONTAGE,UNIVERSITY AV,528,S,N,A,-,N,,,,,,,,,,Y,2,0,1,2,A,-,1,23153,F,N,G,B,F,A,H,-,D,D,0,Y,,,,Y,Y,A,1,1,0,0,0,1,0,0,0,0,- ,- ,37.86610031,-122.0356903,ALAMEDA,BERKELEY,-122.3044357,37.86525726
9255806,2021,5/10/21,109,2/8/21,1007,9646,1,1,5,7,109,0,0,0,,0,21Y,E 23RD ST,FRUITVALE AV,0,,Y,A,-,N,,,,,,,,,,N,2,0,1,2,A,-,10,21950,A,N,G,B,E,A,H,-,A,A,0,Y,,,,Y,,A,1,1,0,0,0,1,0,0,0,0,- ,- ,,,ALAMEDA,OAKLAND,-122.2220688,37.78542709
9256301,2020,6/23/21,109,8/23/20,12,8483,2,7,5,7,109,0,0,0,,0,31X,105TH AV,PEARMAIN ST,40,S,N,A,-,N,,,,,,,,,,N,1,1,0,2,A,-,3,22350,,F,G,B,E,A,H,-,C,D,0,Y,,,,Y,,A,7,0,0,0,1,0,0,0,0,0,- ,- ,,,ALAMEDA,OAKLAND,-122.1766891,37.73446655
9256304,2020,6/11/22,109,10/21/20,1857,8137,2,3,5,7,109,0,0,0,,0,26X,INTERNATIONAL BL,64TH AV,20,W,N,A,-,N,,,,,,,,,,N,1,1,0,2,A,-,10,21950,A,F,G,B,C,A,H,-,C,A,0,Y,,,,Y,,A,7,0,0,0,1,0,0,0,0,0,- ,- ,,,ALAMEDA,OAKLAND,-122.195816,37.76335907
9338560,2021,2/18/22,109,6/11/21,1945,8914,1,5,5,7,109,0,0,0,,0,10X,SAN PABLO AV,60TH ST,0,,Y,A,-,N,,,,,,,,,,N,2,0,1,2,A,-,10,21950,A,N,G,B,B,A,H,-,A,D,0,Y,,,,Y,,D,22,1,0,0,0,1,0,0,0,0,- ,- ,,,ALAMEDA,OAKLAND,-122.2836761,37.84305573