CASE_ID,ACCIDENT_YEAR,PROC_DATE,JURIS,COLLISION_DATE,COLLISION_TIME,OFFICER_ID,REPORTING_DISTRICT,DAY_OF_WEEK,CHP_SHIFT,POPULATION,CNTY_CITY_LOC,SPECIAL_COND,BEAT_TYPE,CHP_BEAT_TYPE,CITY_DIVISION_LAPD,CHP_BEAT_CLASS,BEAT_NUMBER,PRIMARY_RD,SECONDARY_RD,DISTANCE,DIRECTION,INTERSECTION,WEATHER_1,WEATHER_2,STATE_HWY_IND,CALTRANS_COUNTY,CALTRANS_DISTRICT,STATE_ROUTE,ROUTE_SUFFIX,POSTMILE_PREFIX,POSTMILE,LOCATION_TYPE,RAMP_INTERSECTION,SIDE_OF_HWY,TOW_AWAY,COLLISION_SEVERITY,NUMBER_KILLED,NUMBER_INJURED,PARTY_COUNT,PRIMARY_COLL_FACTOR,PCF_CODE_OF_VIOL,PCF_VIOL_CATEGORY,PCF_VIOLATION,PCF_VIOL_SUBSECTION,HIT_AND_RUN,TYPE_OF_COLLISION,MVIW,PED_ACTION,ROAD_SURFACE,ROAD_COND_1,ROAD_COND_2,LIGHTING,CONTROL_DEVICE,CHP_ROAD_TYPE,PEDESTRIAN_ACCIDENT,BICYCLE_ACCIDENT,MOTORCYCLE_ACCIDENT,TRUCK_ACCIDENT,NOT_PRIVATE_PROPERTY,ALCOHOL_INVOLVED,STWD_VEHTYPE_AT_FAULT,CHP_VEHTYPE_AT_FAULT,COUNT_SEVERE_INJ,COUNT_VISIBLE_INJ,COUNT_COMPLAINT_PAIN,COUNT_PED_KILLED,COUNT_PED_INJURED,COUNT_BICYCLIST_KILLED,COUNT_BICYCLIST_INJURED,COUNT_MC_KILLED,COUNT_MC_INJURED,PRIMARY_RAMP,SECONDARY_RAMP,LATITUDE,LONGITUDE,COUNTY,CITY,POINT_X,POINT_Y
91231250,2020,4/30/20,9335,4/24/20,2220,022348,,5,3,7,3801,0,1,2,,2,015,US-101 S/B FROM SOUTH VAN NESS AVE,SOUTH VAN NESS AVENUE,195,S,N,A,-,Y,,,101,,,,R,,S,N,2,0,1,2,A,-,11,21954,A,F,G,B,D,A,H,-,C,D,0,Y,,,,Y,,N,60,1,0,0,0,1,0,0,0,0,- ,- ,37.768871307373047,-122.4185028,SAN FRANCISCO,SAN FRANCISCO,-122.4185028,37.768871307373047
9159948,2020,11/3/20,3801,9/7/20,1835,104,TRAFF,1,5,7,3801,0,0,0,,0,,ANZA ST,STANYAN ST,3,W,N,A,-,N,,,,,,,,,,N,2,0,1,2,A,-,10,21950,A,N,G,B,B,A,H,-,B,A,0,Y,,,,Y,,A,07,1,0,0,0,1,0,0,0,0,- ,- ,,,SAN FRANCISCO,SAN FRANCISCO,-122.4558563,37.779945373535156
9194262,2020,1/19/21,3801,11/11/20,1512,4175,TRAFF,3,5,7,3801,0,0,0,,0,MISSIO,DIAMOND HEIGHT BL,DUNCAN ST,18,W,N,A,-,N,,,,,,,,,,N,2,0,1,2,A,-,10,21950,A,F,B,B,D,A,H,-,A,D,0,Y,,Y,,Y,,C,02,1,0,0,0,1,0,0,0,0,- ,- ,,,SAN FRANCISCO,SAN FRANCISCO,-122.4434586,37.746524810791016
9215595,2020,2/27/21,3801,12/11/20,0925,2463,SOUTH,5,5,7,3801,0,0,0,,0,3B13A,HOWARD ST,7TH ST,0,,Y,A,-,N,,,,,,,,,,N,2,0,1,2,A,-,11,21453,D,N,D,B,B,A,H,-,A,A,0,Y,,,,Y,,N,60,1,0,0,0,1,0,0,0,0,- ,- ,,,SAN FRANCISCO,SAN FRANCISCO,-122.4094009,37.777980804443359
9223692,2021,3/23/21,3801,1/12/21,1751,209,NORTH,2,5,7,3801,0,0,0,,0,NORTH,LAGUNA ST,GOLDEN GATE AV,7,N,N,A,-,N,,,,,,,,,,N,2,0,1,2,A,-,10,21950,C,N,G,B,B,A,H,-,C,A,0,Y,,,,Y,,E,23,1,0,0,0,1,0,0,0,0,- ,- ,,,SAN FRANCISCO,SAN FRANCISCO,-122.4270248,37.780220031738281
9227525,2021,4/12/21,3801,2/10/21,0710,4035,BAYVI,3,5,7,3801,0,0,0,,0,3C12B,PHELPS ST,LA SALLE AV,25,S,N,A,-,N,,,,,,,,,,N,2,0,1,5,A,-,05,21650,,N,A,E,E,A,H,-,A,D,0,Y,,,,Y,Y,A,01,1,0,0,0,1,0,0,0,0,- ,- ,,,SAN FRANCISCO,SAN FRANCISCO,-122.3924255,37.738536834716797
9228211,2021,3/23/21,3801,2/21/21,1530,4314,RICHM,7,5,7,3801,0,0,0,,0,0G2,CALIFORNIA ST,BRODERICK ST,0,,Y,A,-,N,,,,,,,,,,N,2,0,1,2,A,-,11,21954,A,N,G,B,E,A,H,-,A,A,0,Y,,,,Y,,N,60,1,0,0,0,1,0,0,0,0,- ,- ,,,SAN FRANCISCO,SAN FRANCISCO,-122.4420776,37.787849426269531
9262999,2021,5/21/21,3801,4/12/21,1218,845,TRAFF,1,5,7,3801,0,0,0,,0,4B2D,19TH AV,TARAVAL ST,31,N,N,A,-,Y,SF,4,1,-,-,2.51,H,-,S,N,2,0,1,2,A,-,21,22106,,N,G,B,F,A,H,-,A,D,0,Y,,,,Y,,A,01,1,0,0,0,1,0,0,0,0,- ,- ,,,SAN FRANCISCO,SAN FRANCISCO,-122.4757385,37.743194580078125
9275160,2021,7/8/21,3801,5/8/21,2009,1160,SOUTH,6,5,7,3801,0,0,0,,0,0B4,MARKET ST,SOUTH VAN NESS AV,0,,Y,A,-,N,,,,,,,,,,N,2,0,1,2,-,-,- ,,,N,G,B,B,A,H,-,B,A,0,Y,,,,Y,,-,- ,1,0,0,0,1,0,0,0,0,- ,- ,,,SAN FRANCISCO,SAN FRANCISCO,-122.4192581,37.775169372558594
9308287,2021,8/27/21,3801,7/24/21,1639,4041,TARAV,6,5,7,3801,0,0,0,,0,3I11D,15TH AV,LINCOLN WY,0,,Y,A,-,N,,,,,,,,,,N,2,0,1,2,A,-,11,21950,B,N,G,B,B,A,H,-,A,D,0,Y,,,,Y,,N,60,1,0,0,0,1,0,0,0,0,- ,- ,,,SAN FRANCISCO,SAN FRANCISCO,-122.4729156,37.765636444091797
9343121,2021,10/8/21,3801,8/2/21,2125,2237,SOUTH,1,5,7,3801,0,0,0,,0,003,6TH ST,MISSION ST,0,,Y,A,-,N,,,,,,,,,,N,2,0,1,2,A,-,10,21950,A,F,G,B,B,A,H,-,C,A,0,Y,,,,Y,,A,01,1,0,0,0,1,0,0,0,0,- ,- ,,,SAN FRANCISCO,SAN FRANCISCO,-122.4086914,37.780982971191406
9343338,2021,10/12/21,3801,8/8/21,2335,524,INGLE,7,5,7,3801,0,0,0,,0,3H11E,GENEVA AV,ALEMANY BL,0,,Y,A,-,N,,,,,,,,,,N,2,0,1,2,A,-,00,23109,,F,G,B,C,A,H,-,C,A,0,Y,,,,Y,,A,01,1,0,0,0,1,0,0,0,0,- ,- ,,,SAN FRANCISCO,SAN FRANCISCO,-122.4337463,37.713130950927734
9345611,2021,10/30/21,3801,9/13/21,1634,4041,TARAV,1,5,7,3801,0,0,0,,0,3I11D,14TH AV,TARAVAL ST,0,,Y,A,-,N,,,,,,,,,,N,2,0,2,3,D,-,00,,,N,G,B,B,A,H,-,A,D,0,Y,,,,Y,,-,- ,1,1,0,0,2,0,0,0,0,- ,- ,,,SAN FRANCISCO,SAN FRANCISCO,-122.4702301,37.743289947509766
9366739,2021,12/24/21,3801,11/15/21,1800,469,MISSI,1,5,7,3801,0,0,0,,0,3D16D,SOUTH VAN NESS AV,16TH ST,178,S,N,A,-,N,,,,,,,,,,N,2,0,1,2,A,-,11,21955,,F,G,B,D,A,H,-,C,D,0,Y,,,,Y,,N,60,1,0,0,0,1,0,0,0,0,- ,- ,,,SAN FRANCISCO,SAN FRANCISCO,-122.41745,37.764690399169922
9372351,2021,12/6/21,3801,10/27/21,1900,2107,NORTH,3,5,7,3801,0,0,0,,0,3E12D,FULTON ST,PIECE ST,0,,Y,A,-,N,,,,,,,,,,N,2,0,1,2,A,-,11,21950,B,N,D,B,B,A,H,-,C,A,0,Y,,,,Y,,N,60,1,0,0,0,1,0,0,0,0,- ,- ,,,SAN FRANCISCO,SAN FRANCISCO,-122.434845,37.777294158935547
5484633,2012,6/15/13,3801,1/7/12,2012,000569,,6,5,7,3801,0,0,0,,0,,GEARY ST,KEARNY ST,48,W,N,A,-,N,,,,,,,,,,N,2,0,1,2,A,-,11,21955,,N,G,B,D,A,H,-,C,A,0,Y,,,,Y,,N,60,1,0,0,0,1,0,0,0,0,- ,- ,,,SAN FRANCISCO,SAN FRANCISCO,-122.4036638,37.787931139999998
5542363,2012,5/8/13,3801,3/29/12,0807,001884,MISSI,4,5,7,3801,0,0,0,,0,901,CASTRO ST,MARKET ST,18,S,N,A,-,N,,,,,,,,,,N,1,1,1,2,A,-,12,21453,A,N,G,B,B,A,H,-,A,A,0,Y,Y,,,Y,,L,04,0,1,0,1,0,0,1,0,0,- ,- ,,,SAN FRANCISCO,SAN FRANCISCO,-122.435208,37.762645659999997
5584922,2012,7/12/13,3801,2/27/12,1711,002122,D,1,5,7,3801,0,0,0,,0,4B4D,16TH ST,POTRERO AV,30,W,N,A,-,N,,,,,,,,,,N,2,0,1,2,A,-,11,21955,,N,G,B,D,A,H,-,A,A,0,Y,,,,Y,,N,60,1,0,0,0,1,0,0,0,0,- ,- ,,,SAN FRANCISCO,SAN FRANCISCO,-122.4076768,37.765789140000003
5760362,2012,9/24/13,3801,6/9/12,1256,161,,6,5,7,3801,0,0,0,,0,COG,FULTON ST,4TH AV,0,,Y,A,-,N,,,,,,,,,,N,2,0,1,2,A,-,11,21950,B,N,G,B,B,A,H,-,A,D,0,Y,,,,Y,,N,60,1,0,0,0,1,0,0,0,0,- ,- ,,,SAN FRANCISCO,SAN FRANCISCO,-122.4616632,37.773914830000002
5762327,2012,9/28/13,3801,6/8/12,1852,1917,TARAV,5,5,7,3801,0,0,0,,0,3I16D,9TH AV,JUDAH ST,226,N,N,A,-,N,,,,,,,,,,N,2,0,1,2,A,-,11,21955,,N,G,B,D,A,H,-,A,A,0,Y,,,,Y,,N,60,1,0,0,0,1,0,0,0,0,- ,- ,,,SAN FRANCISCO,SAN FRANCISCO,-122.4662694,37.762784719999999
5780440,2012,10/21/13,3801,7/14/12,1354,138,INGLE,6,5,7,3801,0,0,0,,0,3H13C,SAN JOSE AV,RANDALL ST,2,S,N,A,-,N,,,,,,,,,,N,2,0,1,2,A,-,10,21950,A,N,G,B,B,A,H,-,A,A,0,Y,,,,Y,,A,01,1,0,0,0,1,0,0,0,0,- ,- ,,,SAN FRANCISCO,SAN FRANCISCO,-122.4243446,37.739909560000001
5780467,2012,10/21/13,3801,7/21/12,1404,002179,,6,5,7,3801,0,0,0,,0,3J62,MASONIC AV,OAK ST,0,,Y,A,-,N,,,,,,,,,,Y,2,0,1,2,A,-,11,21453,D,N,G,B,B,A,H,-,A,A,0,Y,,,,Y,,N,60,1,0,0,0,1,0,0,0,0,- ,- ,,,SAN FRANCISCO,SAN FRANCISCO,-122.4457432,37.772104830000004
5780551,2012,10/24/13,3801,7/14/12,1801,2175,D,6,5,7,3801,0,0,0,,0,4B6D,DUBOCE AV,VALENCIA ST,54,E,N,A,-,N,,,,,,,,,,Y,2,0,1,3,A,-,03,22350,,N,B,E,E,A,H,-,A,D,0,Y,,,,Y,,A,01,1,0,0,0,1,0,0,0,0,- ,- ,,,SAN FRANCISCO,SAN FRANCISCO,-122.4222072,37.76988953
5800794,2012,11/8/13,3801,8/15/12,0051,000251,,3,5,7,3801,0,0,0,,0,,MARKET ST,CHURCH ST,287,W,N,A,-,N,,,,,,,,,,Y,2,0,1,2,A,-,11,21955,,F,G,B,D,A,H,-,C,D,0,Y,,,,Y,,N,60,1,0,0,0,1,0,0,0,0,- ,- ,,,SAN FRANCISCO,SAN FRANCISCO,-122.4297171,37.767046749999999
5816613,2013,5/16/13,3801,2/11/13,1428,1154,,1,5,7,3801,0,0,0,,0,3G3C,CALIFORNIA AV,25TH ST,0,,Y,A,-,N,,,,,,,,,,N,2,0,1,2,A,-,10,21950,A,N,G,B,B,A,H,-,A,A,0,Y,,,,Y,,J,48,1,0,0,0,1,0,0,0,0,- ,- ,,,SAN FRANCISCO,SAN FRANCISCO,-122.4850731,37.783904900000003
5910242,2012,5/15/13,3801,3/25/12,2042,2082,NORTH,7,5,7,3801,0,0,0,,0,3E62,LOMBARD ST,VAN NESS AV,191,W,N,A,-,Y,SF,4,101,-,-,6.75,H,-,N,Y,1,1,0,2,A,-,11,21950,B,N,G,B,D,A,H,-,C,A,0,Y,,,,Y,,N,60,0,0,0,1,0,0,0,0,0,- ,- ,,,SAN FRANCISCO,SAN FRANCISCO,-122.4253543,37.801272019999999
5910250,2012,5/9/13,3801,9/21/12,0039,000251,MAIT,5,5,7,3801,0,0,0,,0,4C3,BAYSHORE BL,POTRERO AV,0,,Y,A,-,N,,,,,,,,,,Y,1,1,0,2,A,-,11,21956,,N,G,B,E,A,H,-,D,D,0,Y,,,,Y,Y,N,60,0,0,0,1,0,0,0,0,0,- ,- ,,,SAN FRANCISCO,SAN FRANCISCO,-122.4060732,37.750784879999998
5910264,2012,5/9/13,3801,5/6/12,1720,1881,SOUTH,7,5,7,3801,0,0,0,,0,3B16E,MASONIC AV,EUCLID AV,370,S,N,A,-,N,,,,,,,,,,Y,1,1,0,4,A,-,10,21954,B,N,G,B,D,A,H,-,A,A,0,Y,,,,Y,,A,01,0,0,0,1,0,0,0,0,0,- ,- ,,,SAN FRANCISCO,SAN FRANCISCO,-122.4473828,37.784126710000002
5910266,2012,4/18/14,3801,5/17/12,1255,001324,MISSI,4,5,7,3801,0,0,0,,0,4C4,13TH ST,FOLSOM ST,31,E,N,A,-,N,,,,,,,,,,N,1,1,0,2,A,-,11,21955,,N,G,B,D,A,H,-,A,A,0,Y,,,Y,Y,,N,60,0,0,0,1,0,0,0,0,0,- ,- ,,,SAN FRANCISCO,SAN FRANCISCO,-122.4155561,37.769470249999998
5910450,2013,1/16/15,3801,3/13/13,0636,000251,MAIT,3,5,7,3801,0,0,0,,0,4C3,SAN JOSE AV,LIEBIG ST,0,,Y,A,-,N,,,,,,,,,,N,1,1,0,2,A,-,11,21950,B,N,G,B,B,A,H,-,C,D,0,Y,,,,Y,Y,N,60,0,0,0,1,0,0,0,0,0,- ,- ,,,SAN FRANCISCO,SAN FRANCISCO,-122.4577331,37.7095749
5910454,2013,1/15/15,3801,1/18/13,1744,001766,SOUTH,5,5,7,3801,0,0,0,,0,4K5G,HOWARD ST,7TH ST,6,W,N,A,-,N,,,,,,,,,,Y,1,1,0,3,A,-,10,21950,A,N,G,B,B,A,H,-,C,A,0,Y,,,,Y,Y,A,07,0,0,0,1,0,0,0,0,0,- ,- ,,,SAN FRANCISCO,SAN FRANCISCO,-122.4094476,37.777993100000003
5910457,2013,1/16/15,3801,3/2/13,2317,001324,TARAV,6,5,7,3801,0,0,0,,0,4C4,RT 35,FOREST VIEW DR,5,W,N,B,-,Y,SF,4,35,-,-,1.99,I,5,S,Y,1,1,0,2,A,-,01,23152,A,F,G,B,E,A,H,-,C,D,0,Y,,,,Y,Y,A,01,0,0,0,1,0,0,0,0,0,- ,- ,,,SAN FRANCISCO,SAN FRANCISCO,-122.483892,37.734431000000001
5912029,2013,1/27/14,9335,12/29/13,0233,20435,,7,3,7,3801,0,1,1,,2,080,RT 80,4TH ST,510,W,N,A,-,Y,SF,4,80,-,-,4.914,R,2,W,N,1,1,0,2,A,-,11,21954,A,N,G,B,E,A,H,-,D,D,1,Y,,,,Y,,N,60,0,0,0,1,0,0,0,0,0,FR,- ,37.779400000000003,-122.40049,SAN FRANCISCO,SAN FRANCISCO,-122.4017332,37.778334999999998
5912170,2014,2/14/14,9335,1/3/14,0530,19489,,5,3,7,3801,0,1,1,,2,022,RT 280,ALEMANY BL,19,S,N,A,-,Y,SF,4,280,-,R,0.44,H,-,S,N,1,1,0,2,A,-,11,21954,A,N,G,B,E,A,H,-,D,D,1,Y,,,,Y,,N,60,0,0,0,1,0,0,0,0,0,- ,- ,37.710549999999998,-122.46252,SAN FRANCISCO,SAN FRANCISCO,-122.4618245,37.710559349999997
6039443,2012,12/13/13,3801,10/12/12,0137,1881,SOUTH,5,5,7,3801,0,0,0,,0,3B16E,VAN NESS AV,MARKET ST,18,N,N,C,-,Y,SF,4,101,-,T,4.86,I,5,S,N,2,0,1,2,A,-,11,21453,D,N,G,B,B,B,H,-,C,A,0,Y,,,,Y,Y,N,60,1,0,0,0,1,0,0,0,0,- ,- ,,,SAN FRANCISCO,SAN FRANCISCO,-122.419274,37.775182399999998
6046432,2012,12/26/13,3801,11/8/12,1230,2082,CENTR,4,5,7,3801,0,0,0,,0,3E62,LEAVENWORTH ST,PACIFIC AV,0,S,N,C,-,N,,,,,,,,,,N,2,0,1,2,A,-,10,21950,A,N,G,B,B,B,-,-,A,A,0,Y,,,,Y,,A,01,1,0,0,0,1,0,0,0,0,- ,- ,,,SAN FRANCISCO,SAN FRANCISCO,-122.4166931,37.795704870000002
6046960,2013,1/18/14,3801,1/11/13,1506,00845,SOUTH,5,5,7,3801,0,0,0,,0,4K5A,4TH ST,BRANNAN ST,0,,Y,A,-,N,,,,,,,,,,N,2,0,1,2,A,-,10,21950,A,N,G,B,B,A,H,-,B,A,0,Y,,,,Y,,A,01,1,0,0,0,1,0,0,0,0,- ,- ,,,SAN FRANCISCO,SAN FRANCISCO,-122.3965431,37.778314799999997
6049396,2012,12/19/13,3801,10/2/12,2115,001955,TARAV,2,5,7,3801,0,0,0,,0,3I13D,SUNSET BL,IRVING ST,21,S,N,A,-,Y,,,,,,,,,,N,2,0,1,2,A,-,11,21955,,N,G,B,D,A,H,-,C,D,0,Y,,,,Y,,N,60,1,0,0,0,1,0,0,0,0,- ,- ,,,SAN FRANCISCO,SAN FRANCISCO,-122.4959611,37.76270727
6049404,2012,12/19/13,3801,10/23/12,0905,1446,,2,5,7,3801,0,0,0,,0,COC,BAYSHORE AV,SILVER AV,0,,Y,A,-,N,,,,,,,,,,Y,2,0,1,2,A,-,10,21950,A,N,G,B,B,A,H,-,A,A,0,Y,,,,Y,,A,08,1,0,0,0,1,0,0,0,0,- ,- ,,,SAN FRANCISCO,SAN FRANCISCO,-122.4046731,37.733004829999999
6049481,2012,12/19/13,3801,10/6/12,1115,84,,6,5,7,3801,0,0,0,,0,COG,25TH AV,GEARY BL,0,,Y,A,-,N,,,,,,,,,,N,2,0,1,2,A,-,- ,,,N,G,J,F,A,H,-,A,D,0,Y,Y,,,Y,,L,04,1,0,0,0,1,0,0,0,0,- ,- ,,,SAN FRANCISCO,SAN FRANCISCO,-122.4847832,37.780184920000004
6051995,2013,1/24/14,3801,1/22/13,1500,0176,RICHM,2,5,7,3801,0,0,0,,0,,6TH AV,CLEMENT ST,0,,Y,A,-,N,,,,,,,,,,N,2,0,1,2,A,-,10,21950,A,N,G,B,B,A,H,-,A,A,0,Y,,,,Y,,-,- ,1,0,0,0,1,0,0,0,0,- ,- ,,,SAN FRANCISCO,SAN FRANCISCO,-122.4644631,37.782964900000003
6061810,2013,2/14/14,3801,3/19/13,0735,2207,,2,5,7,3801,0,0,0,,0,4K2C,6TH ST,BRYANT ST,130,N,N,B,-,N,,,,,,,,,,N,2,0,1,2,A,-,11,21955,,N,G,B,D,A,H,-,A,D,0,Y,,,,Y,,N,60,1,0,0,0,1,0,0,0,0,- ,- ,,,SAN FRANCISCO,SAN FRANCISCO,-122.4028661,37.776303599999999
6063629,2013,2/8/14,3801,3/13/13,1021,671,CENTR,3,5,7,3801,0,0,0,,0,4B2F,BAY ST,MASON ST,0,E,N,A,-,N,,,,,,,,,,N,2,0,1,2,A,-,10,21950,A,N,G,B,B,A,H,-,A,A,0,Y,,,,Y,,A,01,1,0,0,0,1,0,0,0,0,- ,- ,,,SAN FRANCISCO,SAN FRANCISCO,-122.4136331,37.805644800000003
6063670,2013,1/25/14,3801,2/1/13,0931,1643,NORTH,5,5,7,3801,0,0,0,,0,3E3A,GEARY ST,LARKIN ST,18,W,N,A,-,N,,,,,,,,,,N,2,0,1,2,A,-,11,21954,A,F,G,B,D,A,H,-,A,A,0,Y,,,,Y,Y,N,60,1,0,0,0,1,0,0,0,0,- ,- ,,,SAN FRANCISCO,SAN FRANCISCO,-122.4182048,37.786117599999997
6076504,2012,2/10/14,3801,4/8/12,2203,001512,TARAV,7,5,7,3801,0,0,0,,0,3I2E,LINCOLN BL,28TH AV,0,,Y,A,-,N,,,,,,,,,,,2,0,1,2,A,-,10,21950,A,F,G,B,D,A,H,-,C,D,0,Y,,,,Y,,A,01,1,0,0,0,1,0,0,0,0,- ,- ,,,SAN FRANCISCO,SAN FRANCISCO,-122.4869431,37.765094900000001
6076566,2012,9/24/13,3801,5/12/12,2318,1515,A,6,5,7,3801,0,0,0,,0,3A66,COLUMBUS AV,GREEN ST,0,,Y,B,-,N,,,,,,,,,,N,2,0,1,2,A,-,11,21954,A,F,G,B,D,A,H,-,C,A,0,Y,,,,Y,,N,60,1,0,0,0,1,0,0,0,0,- ,- ,,,SAN FRANCISCO,SAN FRANCISCO,-122.4090731,37.799534860000001
6076581,2012,9/24/13,3801,5/1/12,1503,1537,,2,5,7,3801,0,0,0,,0,3D16D,POTRERO AV,22ND AV,94,N,N,A,-,N,,,,,,,,,,N,2,0,1,2,A,-,11,21955,,N,G,B,D,A,H,-,A,A,0,Y,,,,Y,,N,60,1,0,0,0,1,0,0,0,0,- ,- ,,,SAN FRANCISCO,SAN FRANCISCO,-122.4067259,37.75704254
6079132,2012,11/8/13,3801,8/12/12,1548,4249,BAYVI,7,5,7,3801,0,0,0,,0,0C2,3RD ST,PALOU AV,12,S,N,A,-,N,,,,,,,,,,N,2,0,1,2,A,-,11,21950,B,N,G,B,B,A,H,-,A,A,0,Y,,,,Y,,N,60,1,0,0,0,1,0,0,0,0,- ,- ,,,SAN FRANCISCO,SAN FRANCISCO,-122.3910737,37.734023049999998
6079146,2012,11/8/13,3801,8/15/12,2356,1515,A,3,5,7,3801,0,0,0,,0,0SF,COLUMBUS AV,KEARNY ST,0,,Y,F,-,N,,,,,,,,,,N,2,0,1,2,D,-,00,,,N,G,B,E,A,H,-,C,A,0,Y,,,,Y,Y,-,- ,1,0,0,0,1,0,0,0,0,- ,- ,,,SAN FRANCISCO,SAN FRANCISCO,-122.4052931,37.796944869999997
6181241,2013,3/27/14,9335,8/20/13,0539,16533,,2,3,7,3801,0,1,1,,2,023,RT 280,ALEMANY BL,70,N,N,A,-,Y,SF,4,280,-,R,3.441,R,2,N,N,2,0,1,2,A,-,11,21954,A,F,G,B,E,A,H,-,C,D,1,Y,,,,Y,,N,60,1,0,0,0,1,0,0,0,0,- ,NF,,,SAN FRANCISCO,SAN FRANCISCO,-122.4248532,37.731375
6292194,2015,4/4/17,3801,1/10/15,1702,845,NORTH,6,5,7,3801,0,0,0,,0,4K4A,MCALLISTER ST,VAN NESS AV,0,,Y,A,-,Y,SF,4,101,-,T,5.198,I,5,N,Y,1,1,2,3,A,-,12,21453,A,N,D,C,B,A,H,-,B,A,0,Y,,Y,,Y,Y,C,02,0,0,2,0,1,0,0,1,0,- ,- ,,,SAN FRANCISCO,SAN FRANCISCO,-122.4201639,37.780100640000001
6292207,2015,6/2/15,3801,3/11/15,1047,251,RICHM,3,5,7,3801,0,0,0,,0,3G61,GEARY BL,26TH AV,0,,Y,A,-,N,,,,,,,,,,N,1,1,0,2,A,-,10,21950,A,N,G,B,B,A,H,-,A,D,0,Y,,,,Y,,D,22,0,0,0,1,0,0,0,0,0,- ,- ,,,SAN FRANCISCO,SAN FRANCISCO,-122.48581,37.780099970000002
6292445,2015,8/3/15,3801,7/1/15,2110,256,SOUTH,3,5,7,3801,0,0,0,,0,4B7H,3RD ST,MARKET ST,21,S,N,A,-,N,,,,,,,,,,Y,1,1,2,3,A,-,01,23152,A,N,G,B,F,A,H,-,C,A,0,Y,,Y,,Y,,C,02,1,1,0,1,1,0,0,0,1,- ,- ,,,SAN FRANCISCO,SAN FRANCISCO,-122.4034465,37.787603310000001
6292449,2015,8/3/15,3801,7/17/15,2125,000395,MISSI,5,5,7,3801,0,0,0,,0,4B7D,SOUTH VAN NESS,16TH ST,124,S,N,A,-,N,,,,,,,,,,N,1,1,0,2,A,-,11,21955,,N,G,B,D,A,H,-,C,D,0,Y,,,,Y,,N,60,0,0,0,1,0,0,0,0,0,- ,- ,,,SAN FRANCISCO,SAN FRANCISCO,-122.4174585,37.764840270000001
6292967,2017,10/25/17,3801,9/15/17,0815,1043,SOUTH,5,5,7,3801,0,0,0,,0,4B1C,BRANNAN ST,DORE ST,0,,Y,A,-,N,,,,,,,,,,Y,1,1,0,2,A,-,11,21950,B,N,G,B,E,A,H,-,A,A,0,Y,,,Y,Y,,N,60,0,0,0,1,0,0,0,0,0,- ,- ,37.769620000000003,-122.40743,SAN FRANCISCO,SAN FRANCISCO,-122.4077399,37.769469919999999
6474255,2013,5/13/14,3801,5/15/13,1950,2343,TARAV,3,5,7,3801,0,0,0,,0,315D,OCEAN AV,DORADO TER,140,E,N,A,-,N,,,,,,,,,,N,2,0,1,2,A,-,11,21955,,N,G,B,D,A,H,-,A,D,0,Y,,,,Y,,N,60,1,0,0,0,1,0,0,0,0,- ,- ,,,SAN FRANCISCO,SAN FRANCISCO,-122.4608173,37.7248801
6521233,2013,7/14/14,3801,7/16/13,0023,2299,CENTR,2,5,7,3801,0,0,0,,0,3A11E,HYDE ST,POST ST,0,,Y,A,-,N,,,,,,,,,,N,2,0,1,2,A,-,- ,,,N,D,B,E,A,H,-,C,A,0,Y,,,,Y,,N,60,1,0,0,0,1,0,0,0,0,- ,- ,,,SAN FRANCISCO,SAN FRANCISCO,-122.4167232,37.787264899999997
6546041,2014,7/21/14,3801,1/16/14,1838,000845,CENTR,4,5,7,3801,0,0,0,,0,4K3F,VALLEJO ST,SANSOME ST,6,E,N,A,-,N,,,,,,,,,,N,2,0,1,2,A,-,10,21950,A,N,G,B,B,A,H,-,C,D,0,Y,,,,Y,,A,07,1,0,0,0,1,0,0,0,0,- ,- ,,,SAN FRANCISCO,SAN FRANCISCO,-122.4023896,37.799363270000001
6546061,2014,7/21/14,3801,1/17/14,1352,2260,NORTH,5,5,7,3801,0,0,0,,0,3E12C,LARKIN ST,JACKSON ST,4,S,N,A,-,N,,,,,,,,,,N,2,0,1,2,A,-,10,21950,A,N,D,B,B,A,H,-,A,A,0,Y,,,,Y,,A,01,1,0,0,0,1,0,0,0,0,- ,- ,,,SAN FRANCISCO,SAN FRANCISCO,-122.4197578,37.794339149999999
6552643,2013,7/14/14,3801,8/14/13,1038,00874,PARK,3,5,7,3801,0,0,0,,0,3F61,JOHN F KENNEDY DR,CONSERVATORY DR,366,E,N,A,-,N,,,,,,,,,,N,2,0,2,2,A,-,02,21211,A,N,A,B,D,A,H,-,A,D,0,Y,Y,,,Y,,N,60,1,0,1,0,1,0,1,0,0,- ,- ,,,SAN FRANCISCO,SAN FRANCISCO,-122.4556071,37.770806610000001
6552817,2013,7/18/14,3801,6/9/13,1230,2450,SOUTH,7,5,7,3801,0,0,0,,0,3B13C,MARKET ST,STOCKTON ST,32,E,N,A,-,N,,,,,,,,,,N,2,0,1,2,A,-,17,21663,,N,A,J,E,A,H,-,A,D,0,Y,Y,,,Y,,L,04,1,0,0,0,1,0,0,0,0,- ,- ,,,SAN FRANCISCO,SAN FRANCISCO,-122.4058011,37.785757099999998
6718707,2017,3/2/18,3801,11/9/17,1219,319,RICHM,4,5,7,3801,0,0,0,,0,3G13A,7TH AV,CLEMENT ST,350,S,N,A,-,N,,,,,,,,,,N,1,1,0,2,A,-,11,21955,,N,C,B,D,A,H,-,A,D,0,Y,,,,Y,,N,60,0,0,0,1,0,0,0,0,0,- ,- ,,,SAN FRANCISCO,SAN FRANCISCO,-122.4654176,37.781929410000004