CASE_ID,ACCIDENT_YEAR,PROC_DATE,JURIS,COLLISION_DATE,COLLISION_TIME,OFFICER_ID,REPORTING_DISTRICT,DAY_OF_WEEK,CHP_SHIFT,POPULATION,CNTY_CITY_LOC,SPECIAL_COND,BEAT_TYPE,CHP_BEAT_TYPE,CITY_DIVISION_LAPD,CHP_BEAT_CLASS,BEAT_NUMBER,PRIMARY_RD,SECONDARY_RD,DISTANCE,DIRECTION,INTERSECTION,WEATHER_1,WEATHER_2,STATE_HWY_IND,CALTRANS_COUNTY,CALTRANS_DISTRICT,STATE_ROUTE,ROUTE_SUFFIX,POSTMILE_PREFIX,POSTMILE,LOCATION_TYPE,RAMP_INTERSECTION,SIDE_OF_HWY,TOW_AWAY,COLLISION_SEVERITY,NUMBER_KILLED,NUMBER_INJURED,PARTY_COUNT,PRIMARY_COLL_FACTOR,PCF_CODE_OF_VIOL,PCF_VIOL_CATEGORY,PCF_VIOLATION,PCF_VIOL_SUBSECTION,HIT_AND_RUN,TYPE_OF_COLLISION,MVIW,PED_ACTION,ROAD_SURFACE,ROAD_COND_1,ROAD_COND_2,LIGHTING,CONTROL_DEVICE,CHP_ROAD_TYPE,PEDESTRIAN_ACCIDENT,BICYCLE_ACCIDENT,MOTORCYCLE_ACCIDENT,TRUCK_ACCIDENT,NOT_PRIVATE_PROPERTY,ALCOHOL_INVOLVED,STWD_VEHTYPE_AT_FAULT,CHP_VEHTYPE_AT_FAULT,COUNT_SEVERE_INJ,COUNT_VISIBLE_INJ,COUNT_COMPLAINT_PAIN,COUNT_PED_KILLED,COUNT_PED_INJURED,COUNT_BICYCLIST_KILLED,COUNT_BICYCLIST_INJURED,COUNT_MC_KILLED,COUNT_MC_INJURED,PRIMARY_RAMP,SECONDARY_RAMP,LATITUDE,LONGITUDE,COUNTY,CITY,POINT_X,POINT_Y
8046775,2016,8/29/16,3801,4/29/16,2116,001074,NORTH,5,5,7,3801,0,0,0,,0,3E61,MCALLISTER ST,FILLMORE ST,0,,Y,A,-,N,,,,,,,,,,,2,0,1,2,A,-,10,21950,A,N,G,B,B,A,H,-,C,A,0,Y,,,,Y,,A,01,1,0,0,0,1,0,0,0,0,- ,- ,,,SAN FRANCISCO,SAN FRANCISCO,-122.4317499,37.778639890000001
8052056,2016,6/9/16,3801,4/20/16,2311,001324,SOUTH,3,5,7,3801,0,0,0,,0,4C4,MISSION ST,LASKIE ST,116,W,N,A,-,N,,,,,,,,,,Y,2,0,3,4,A,-,01,23152,E,N,C,B,E,A,H,-,C,D,0,Y,,,,Y,,A,01,1,2,0,0,2,0,0,0,0,- ,- ,,,SAN FRANCISCO,SAN FRANCISCO,-122.4144028,37.776493780000003
8052675,2016,6/7/16,3801,5/27/16,0033,1246,MISSI,5,5,7,3801,0,0,0,,0,3D13E,MISSION ST,20TH ST,90,N,N,A,-,N,,,,,,,,,,N,2,0,1,3,A,-,11,21955,,N,G,B,D,A,H,-,C,A,0,Y,,,Y,Y,Y,N,60,1,0,0,0,1,0,0,0,0,- ,- ,,,SAN FRANCISCO,SAN FRANCISCO,-122.4190669,37.758876319999999
8067270,2017,7/24/17,3801,6/8/17,1111,329,NORTH,4,5,7,3801,0,0,0,,0,3E13C,VAN NESS AV,EDDY ST,6,S,N,C,-,N,,,,,,,,,,N,2,0,1,2,A,-,11,21950,B,N,G,B,B,B,H,-,A,A,0,Y,,,,Y,,N,60,1,0,0,0,1,0,0,0,0,- ,- ,,,SAN FRANCISCO,SAN FRANCISCO,-122.4208973,37.782853660000001
8076478,2016,8/22/16,3801,6/14/16,1728,1994,MISSI,2,5,7,3801,0,0,0,,0,4B3B,POTRERO AV,16TH ST,0,,Y,A,-,N,,,,,,,,,,Y,2,0,1,3,A,-,11,21456,B,N,G,B,D,A,H,-,A,A,0,Y,,,,Y,,N,60,1,0,0,0,1,0,0,0,0,- ,- ,37.765819999999998,-122.40748,SAN FRANCISCO,SAN FRANCISCO,-122.40756,37.765769929999998
8079063,2016,7/12/16,3801,6/13/16,1715,720,TENDE,1,5,7,3801,0,0,0,,0,3J11D,MARKET ST,8TH ST,26,W,N,A,-,N,,,,,,,,,,N,2,0,1,2,A,-,11,21955,,N,G,B,D,A,H,-,A,A,0,Y,,,,Y,,N,60,1,0,0,0,1,0,0,0,0,- ,- ,,,SAN FRANCISCO,SAN FRANCISCO,-122.4148254,37.778660940000002
8079109,2016,8/2/16,3801,6/16/16,1035,002411,SOUTH,4,5,7,3801,0,0,0,,0,,9TH ST,MINNA ST,0,,Y,A,-,N,,,,,,,,,,N,2,0,1,2,A,-,11,21954,A,F,G,B,D,A,H,-,A,D,0,Y,,,,Y,,N,60,1,0,0,0,1,0,0,0,0,- ,- ,,,SAN FRANCISCO,SAN FRANCISCO,-122.41417,37.775799960000001
8083309,2016,7/15/16,3801,5/17/16,1806,13,RICHM,2,5,7,3801,0,0,0,,0,,22ND AV,CABRILLO ST,0,,Y,A,-,N,,,,,,,,,,N,2,0,1,2,A,-,11,21954,A,N,D,B,D,A,H,-,A,D,0,Y,,,,Y,,N,60,1,0,0,0,1,0,0,0,0,- ,- ,,,SAN FRANCISCO,SAN FRANCISCO,-122.4811199,37.774589980000002
8089477,2016,2/18/17,3801,8/16/16,0930,002265,SOUTH,2,5,7,3801,0,0,0,,0,3B16D,4TH ST,HARRISON ST,0,,Y,A,-,Y,SF,4,80,-,-,4.914,R,4,W,N,2,0,1,2,A,-,10,21950,A,F,G,B,B,A,H,-,A,A,0,Y,,,,Y,,A,01,1,0,0,0,1,0,0,0,0,- ,- ,,,SAN FRANCISCO,SAN FRANCISCO,-122.3980171,37.781236569999997
8090101,2016,8/26/16,3801,7/28/16,1243,1887,SOUTH,4,5,7,3801,0,0,0,,0,4B1C,MISSION ST,6TH ST,95,E,N,A,-,N,,,,,,,,,,N,2,0,1,2,A,-,11,21955,,N,G,B,D,A,H,-,A,D,0,Y,,,,Y,,N,60,1,0,0,0,1,0,0,0,0,- ,- ,,,SAN FRANCISCO,SAN FRANCISCO,-122.4084584,37.781165270000002
8101212,2016,8/18/16,3801,7/11/16,1655,1906,BAYVI,1,5,7,3801,0,0,0,,0,3C11D,MARIPOSA ST,DEHARO ST,3,W,N,A,-,N,,,,,,,,,,N,2,0,1,2,A,-,10,21950,A,N,G,B,B,A,H,-,A,A,0,Y,,,,Y,,I,11,1,0,0,0,1,0,0,0,0,- ,- ,,,SAN FRANCISCO,SAN FRANCISCO,-122.4014704,37.763579389999997
8101280,2016,10/19/16,3801,7/1/16,2110,1420,TARAV,5,5,7,3801,0,0,0,,0,4B107,19TH AV,WINSTON DR SOUTH,2,N,N,A,-,Y,SF,4,1,-,-,1.35,I,5,S,N,2,0,1,2,A,-,11,21955,,N,G,B,D,A,H,-,C,A,0,Y,,,,Y,,N,60,1,0,0,0,1,0,0,0,0,- ,- ,37.726860000000002,-122.47502,SAN FRANCISCO,SAN FRANCISCO,-122.4750738,37.726920159999999
8101291,2016,8/17/16,3801,7/11/16,0715,2008,RICHM,1,5,7,3801,0,0,0,,0,3G68,POINT LOBOS AV,43RD AV,0,,Y,A,-,N,,,,,,,,,,N,2,0,1,2,A,-,10,21950,A,N,G,B,B,A,H,-,B,A,0,Y,,,,Y,,A,01,1,0,0,0,1,0,0,0,0,- ,- ,,,SAN FRANCISCO,SAN FRANCISCO,-122.5040099,37.779719929999999
8101352,2016,8/17/16,3801,7/4/16,2227,2419,COA,1,5,7,3801,0,0,0,,0,3A4,BAY ST,POWELL ST,0,,Y,B,-,N,,,,,,,,,,N,2,0,1,2,A,-,10,21950,A,N,G,B,B,A,H,-,C,A,0,Y,,,,Y,,A,01,1,0,0,0,1,0,0,0,0,- ,- ,,,SAN FRANCISCO,SAN FRANCISCO,-122.41194,37.80583996
8103598,2016,8/17/16,3801,7/21/16,1822,899,CENTR,4,5,7,3801,0,0,0,,0,4B3E,COLUMBUS AV,STOCKTON ST,5,,N,A,-,N,,,,,,,,,,N,2,0,1,2,A,-,10,21950,A,N,G,B,B,A,H,-,A,A,0,Y,,,,Y,,I,10,1,0,0,0,1,0,0,0,0,- ,- ,,,SAN FRANCISCO,SAN FRANCISCO,-122.4089799,37.799499910000002
8120565,2016,1/28/17,3801,8/19/16,0455,2008,RICHM,5,5,7,3801,0,0,0,,0,3G14E,PARK PRESIDIO BL,GEARY BL,0,,Y,A,-,Y,SF,4,1,-,-,5.51,H,-,N,N,2,0,1,2,A,-,11,21456,B,N,G,B,D,A,H,-,C,A,0,Y,,,,Y,,N,60,1,0,0,0,1,0,0,0,0,- ,- ,,,SAN FRANCISCO,SAN FRANCISCO,-122.472268,37.780719599999998
8122012,2016,9/14/16,3801,8/16/16,1600,4000,PARK,2,5,7,3801,0,0,0,,0,4CAR,MARKET ST,16TH ST,0,,Y,A,-,N,,,,,,,,,,N,2,0,1,2,D,-,00,,,N,G,B,B,A,H,-,A,A,0,Y,,,,Y,,-,- ,1,0,0,0,1,0,0,0,0,- ,- ,,,SAN FRANCISCO,SAN FRANCISCO,-122.4331399,37.764239959999998
8122037,2016,9/14/16,3801,8/14/16,0921,1887,RICHM,7,5,7,3801,0,0,0,,0,4B1C,FULTON ST,26TH AV,20,W,N,B,-,N,,,,,,,,,,N,2,0,2,3,A,-,10,21950,A,N,G,B,B,A,H,-,A,A,0,Y,,Y,,Y,,C,02,1,0,1,0,1,0,0,0,1,- ,- ,,,SAN FRANCISCO,SAN FRANCISCO,-122.4853292,37.772518990000002
8132597,2016,10/11/16,3801,9/13/16,1700,002355,SOUTH,2,5,7,3801,0,0,0,,0,004,FOLSOM ST,11TH ST,28,W,N,A,-,N,,,,,,,,,,N,2,0,1,2,A,-,03,22350,,N,G,B,D,A,H,-,A,A,0,Y,,,,Y,,A,01,1,0,0,0,1,0,0,0,0,- ,- ,,,SAN FRANCISCO,SAN FRANCISCO,-122.4140762,37.771823810000001
8137748,2016,10/13/16,3801,8/23/16,1517,1994,CENTR,2,5,7,3801,0,0,0,,0,4B3B,MARKET ST,SUTTER ST,223,E,N,A,-,N,,,,,,,,,,N,2,0,2,3,C,-,18,,,N,E,I,F,A,H,-,A,D,0,Y,,,,Y,,-,- ,1,0,1,0,2,0,0,0,0,- ,- ,37.790399999999998,-122.4002,SAN FRANCISCO,SAN FRANCISCO,-122.3995774,37.790719459999998
8142632,2016,10/21/16,3801,9/25/16,2034,02035,MISSI,7,5,7,3801,0,0,0,,0,3D15E,POTRERO AV,24TH ST,0,,Y,A,-,N,,,,,,,,,,,2,0,2,2,A,-,11,21453,D,N,G,B,B,A,H,-,C,A,0,Y,,,,Y,Y,N,60,1,1,0,0,1,0,0,0,0,- ,- ,,,SAN FRANCISCO,SAN FRANCISCO,-122.4063199,37.752989909999997
8166077,2016,11/15/16,3801,10/6/16,2330,1128,,4,5,7,3801,0,0,0,,0,3F14E,STANYAN ST,FULTON ST,207,S,N,A,-,N,,,,,,,,,,N,2,0,1,2,A,-,11,21955,,N,G,B,D,A,H,-,C,D,0,Y,,,,Y,,N,60,1,0,0,0,1,0,0,0,0,- ,- ,,,SAN FRANCISCO,SAN FRANCISCO,-122.454552,37.774187830000002
8166137,2016,11/16/16,3801,10/2/16,1750,1730,BAYVI,7,5,7,3801,0,0,0,,0,4B4D,SILVER AV,SOMERSET ST,0,,Y,A,-,N,,,,,,,,,,N,2,0,1,2,A,-,03,22350,,N,G,B,B,A,H,-,A,D,0,Y,,,,Y,,A,01,1,0,0,0,1,0,0,0,0,- ,- ,37.731119999999997,-122.40955,SAN FRANCISCO,SAN FRANCISCO,-122.4094899,37.73126998
8166280,2016,6/13/17,3801,10/28/16,1633,GIZZO222,TARAV,5,5,7,3801,0,0,0,,0,3I11D,RT 1,RIVERA ST,207,N,N,A,-,Y,SF,4,1,-,-,2.79,H,-,S,N,1,1,0,2,A,-,11,21954,A,N,G,B,D,A,H,-,A,D,0,Y,,Y,,Y,,N,60,0,0,0,1,0,0,0,0,0,- ,- ,,,SAN FRANCISCO,SAN FRANCISCO,-122.4760406,37.747455240000001
8166325,2016,11/15/16,3801,10/26/16,2144,2117,MISSI,3,5,7,3801,0,0,0,,0,3D13E,MARKET ST,16TH ST,0,,Y,A,-,N,,,,,,,,,,N,2,0,1,2,A,-,11,21453,D,N,G,B,B,A,H,-,C,A,0,Y,,,,Y,,N,60,1,0,0,0,1,0,0,0,0,- ,- ,,,SAN FRANCISCO,SAN FRANCISCO,-122.4331399,37.764239959999998
8166341,2016,11/15/16,3801,10/25/16,1833,004375,TARAV,2,5,7,3801,0,0,0,,0,3I11D,VICENTE ST,23RD AV,0,,Y,A,-,N,,,,,,,,,,Y,2,0,1,2,A,-,01,23153,A,N,G,B,B,A,H,-,B,A,0,Y,,,,Y,Y,A,01,1,0,0,0,1,0,0,0,0,- ,- ,,,SAN FRANCISCO,SAN FRANCISCO,-122.4797399,37.739119940000002
8166475,2016,11/14/16,3801,9/27/16,2021,256,INGLE,2,5,7,3801,0,0,0,,0,4B8I,MISSION ST,RUSSIA AV,40,N,N,A,-,N,,,,,,,,,,N,2,0,1,3,A,-,11,21955,,F,G,B,D,A,H,-,C,D,0,Y,,,,Y,Y,N,60,1,0,0,0,1,0,0,0,0,- ,- ,37.721690000000002,-122.43717,SAN FRANCISCO,SAN FRANCISCO,-122.437109,37.721664310000001
8166737,2016,2/27/17,3801,12/3/16,1727,1994,INGLE,6,5,7,3801,0,0,0,,0,4B3B,MONTEREY BL,VALDEZ AV,13,E,N,A,-,N,,,,,,,,,,N,1,1,1,3,A,-,10,21950,A,F,G,B,B,A,H,-,C,D,0,Y,,,,Y,,D,22,0,0,1,1,1,0,0,0,0,- ,- ,37.731479999999998,-122.45594,SAN FRANCISCO,SAN FRANCISCO,-122.4557255,37.731375
8167156,2018,6/12/18,3801,2/24/18,0624,1917,TARAV,6,5,7,3801,0,0,0,,0,3I16A,SAN JOSE ST,RICE ST,5,N,N,A,-,Y,SF,4,82,-,-,0.08,I,5,N,Y,1,1,0,3,A,-,10,21950,A,N,G,B,B,A,H,-,C,D,0,Y,,,,Y,,A,07,0,0,0,1,0,0,0,0,0,- ,- ,,,SAN FRANCISCO,SAN FRANCISCO,-122.458252,37.709003448486328
8167716,2019,1/29/20,3801,8/16/19,2211,2287,NORTH,5,5,7,3801,0,0,0,,0,3E60,VAN NESS AV,HAYES ST,6,N,N,A,-,Y,SF,4,101,-,T,5.01,I,5,N,N,2,0,1,2,A,-,11,21453,D,F,G,B,B,A,H,-,C,A,0,Y,,,,Y,Y,N,60,1,0,0,0,1,0,0,0,0,- ,- ,,,SAN FRANCISCO,SAN FRANCISCO,-122.419632,37.777317047119141
8183462,2016,12/9/16,3801,11/28/16,1154,427,SOUTH,1,5,7,3801,0,0,0,,0,3B43,3RD ST,FOLSOM ST,0,,Y,A,-,N,,,,,,,,,,N,2,0,1,2,A,-,11,21456,B,N,G,B,B,A,H,-,A,A,0,Y,,,,Y,,N,60,1,0,0,0,1,0,0,0,0,- ,- ,,,SAN FRANCISCO,SAN FRANCISCO,-122.39896,37.783779989999999
8183498,2016,12/9/16,3801,11/18/16,0755,573,NORTH,5,5,7,3801,0,0,0,,0,4B5G,CALIFORNIA ST,STEINER ST,0,,Y,A,-,N,,,,,,,,,,N,2,0,1,2,A,-,10,21950,A,N,G,B,B,A,H,-,A,A,0,Y,,,,Y,,A,01,1,0,0,0,1,0,0,0,0,- ,- ,37.788550000000001,-122.43536,SAN FRANCISCO,SAN FRANCISCO,-122.43549,37.788709949999998
8183519,2016,1/10/17,3801,11/21/16,2012,2069,BAYVI,1,5,7,3801,0,0,0,,0,901,INGALLS ST,LA SALLE AV,0,,Y,A,-,N,,,,,,,,,,N,2,0,1,2,A,-,10,21950,A,F,G,B,B,A,H,-,C,D,0,Y,,,,Y,,-,,1,0,0,0,1,0,0,0,0,- ,- ,,,SAN FRANCISCO,SAN FRANCISCO,-122.3814599,37.73059997
8184411,2016,12/14/16,3801,11/30/16,1800,1292,NORTH,3,5,7,3801,0,0,0,,0,3E14D,DIVISADERO ST,CALIFORNIA ST,0,,Y,-,-,N,,,,,,,,,,N,2,0,1,2,A,-,10,21950,A,N,G,B,B,A,H,-,C,A,0,Y,,,,Y,,A,01,1,0,0,0,1,0,0,0,0,- ,- ,,,SAN FRANCISCO,SAN FRANCISCO,-122.44045,37.788079930000002
8194813,2016,1/23/17,3801,12/2/16,1355,1053,TARAV,5,5,7,3801,0,0,0,,0,3I16A,BEVERLY DR,GARFIELD AV,0,,Y,A,-,N,,,,,,,,,,N,2,0,1,2,A,-,11,21954,A,N,G,B,D,A,H,-,A,A,0,Y,,,,Y,,N,60,1,0,0,0,1,0,0,0,0,- ,- ,,,SAN FRANCISCO,SAN FRANCISCO,-122.47165,37.719609990000002
8200983,2017,3/15/17,3801,2/28/17,2016,002334,SOUTH,2,5,7,3801,0,0,0,,0,0B3,6TH ST,HARRISON ST,0,,Y,A,-,N,,,,,,,,,,N,2,0,1,2,A,-,10,21950,A,F,G,B,B,A,H,-,C,A,0,Y,,,,Y,,A,01,1,0,0,0,1,0,0,0,0,- ,- ,,,SAN FRANCISCO,SAN FRANCISCO,-122.4040799,37.77730992
8201000,2017,3/15/17,3801,2/6/17,1824,509,SOUTH,1,5,7,3801,0,0,0,,0,0B2,BRYANT ST,ZOE ST,75,W,N,C,-,N,,,,,,,,,,N,2,0,1,2,A,-,11,21954,A,F,G,B,E,B,H,-,C,A,0,Y,,,,Y,,N,60,1,0,0,0,1,0,0,0,0,- ,- ,,,SAN FRANCISCO,SAN FRANCISCO,-122.397026,37.780376269999998
8201011,2017,4/3/17,3801,2/26/17,1330,2262,BAYVI,7,5,7,3801,0,0,0,,0,3C12,BAYSHORE BL,PAUL AV,110,N,N,A,-,N,,,,,,,,,,Y,2,0,1,2,A,-,21,22106,,F,G,B,F,A,-,-,A,D,0,Y,,,,Y,,D,22,1,0,0,0,1,0,0,0,0,- ,- ,,,SAN FRANCISCO,SAN FRANCISCO,-122.40091,37.723896750000002
8201027,2017,3/15/17,3801,2/28/17,0834,1917,TARAV,2,5,7,3801,0,0,0,,0,3I16A,OCEAN AV,VICTORIA ST,8,W,N,A,-,N,,,,,,,,,,N,2,0,1,2,A,-,11,21453,D,N,G,B,B,A,H,-,A,A,0,Y,,,,Y,,N,60,1,0,0,0,1,0,0,0,0,- ,- ,,,SAN FRANCISCO,SAN FRANCISCO,-122.4642749,37.726029629999999
8201083,2017,3/16/17,3801,2/3/17,0245,173,3HING,5,5,7,3801,0,0,0,,0,3H12E,30TH ST,MISSION ST,123,W,N,C,-,N,,,,,,,,,,N,2,0,1,2,A,-,03,22350,,F,G,B,E,B,H,-,C,A,0,Y,,,,Y,Y,A,01,1,0,0,0,1,0,0,0,0,- ,- ,,,SAN FRANCISCO,SAN FRANCISCO,-122.4223832,37.742355000000003
8201100,2017,3/15/17,3801,2/15/17,2305,001372,INGLE,3,5,7,3801,0,0,0,,0,3H15E,MISSION ST,ACTON ST,4,N,N,A,-,N,,,,,,,,,,Y,2,0,1,2,A,-,03,22350,,N,G,B,B,A,H,-,C,A,0,Y,,,,Y,,A,01,1,0,0,0,1,0,0,0,0,- ,- ,,,SAN FRANCISCO,SAN FRANCISCO,-122.4527472,37.70880425
8205632,2016,1/14/17,3801,12/8/16,2115,2711,NORTH,4,5,7,3801,0,0,0,,0,6 CAR,VAN NESS AV,BROADWAY ST,0,,Y,C,-,N,,,,,,,,,,N,2,0,1,2,A,-,10,21950,A,N,G,B,B,B,H,-,C,A,0,Y,,,,Y,,A,01,1,0,0,0,1,0,0,0,0,- ,- ,,,SAN FRANCISCO,SAN FRANCISCO,-122.4234999,37.79572993
8205723,2016,2/9/17,3801,12/1/16,0740,217,CENTR,4,5,7,3801,0,0,0,,0,3A5A,SANSOME ST,PACIFIC ST,0,,Y,-,-,N,,,,,,,,,,N,2,0,1,2,A,-,10,21950,A,N,-,-,-,-,-,-,-,-,0,Y,,,,Y,,-,,1,0,0,0,1,0,0,0,0,- ,- ,,,SAN FRANCISCO,SAN FRANCISCO,-122.4020299,37.79750988
8280315,2016,1/13/17,3801,12/16/16,1441,1474,BAYVI,5,5,7,3801,0,0,0,,0,3C102,SAN BRUNO AV,OLMSTEAD ST,0,,Y,A,G,N,,,,,,,,,,N,2,0,1,2,A,-,09,21801,A,N,G,B,B,A,H,-,A,A,0,Y,,,,Y,,A,08,1,0,0,0,1,0,0,0,0,- ,- ,,,SAN FRANCISCO,SAN FRANCISCO,-122.40164,37.722839890000003
8305147,2017,2/27/17,3801,1/6/17,1605,1810,MISSI,5,5,7,3801,0,0,0,,0,3D11D,18TH ST,GUERRERO ST,0,,Y,B,-,N,,,,,,,,,,N,2,0,1,2,A,-,11,21950,B,N,G,B,B,A,H,-,A,A,0,Y,,,,Y,,N,60,1,0,0,0,1,0,0,0,0,- ,- ,,,SAN FRANCISCO,SAN FRANCISCO,-122.4238,37.761579930000003
8305311,2017,2/16/17,3801,1/20/17,0712,2039,RICHM,5,5,7,3801,0,0,0,,0,004,GEARY BL,22ND AV,0,,Y,B,-,N,,,,,,,,,,N,2,0,1,2,A,-,10,21950,A,F,G,B,B,B,H,-,A,A,0,Y,,,,Y,,-,,1,0,0,0,1,0,0,0,0,- ,- ,,,SAN FRANCISCO,SAN FRANCISCO,-122.48153,37.780289949999997
8305369,2017,2/14/17,3801,1/11/17,1953,2462,PARK,3,5,7,3801,0,0,0,,0,3F13D,HAYES ST,MASONIC,0,,Y,B,C,N,,,,,,,,,,N,2,0,1,2,D,-,00,,,N,G,B,B,B,H,-,C,A,0,Y,,,,Y,,-,- ,1,0,0,0,1,0,0,0,0,- ,- ,,,SAN FRANCISCO,SAN FRANCISCO,-122.4461099,37.773939910000003
8305393,2017,2/14/17,3801,1/18/17,1839,273,NORTH,3,5,7,3801,0,0,0,,0,3E13D,DIVISADERO ST,JACKSON ST,15,S,N,C,-,N,,,,,,,,,,N,2,0,1,2,A,-,10,21950,A,N,G,B,B,B,H,-,C,A,0,Y,,,,Y,,A,01,1,0,0,0,1,0,0,0,0,- ,- ,,,SAN FRANCISCO,SAN FRANCISCO,-122.4411615,37.791579349999999
8305396,2017,2/15/17,3801,1/13/17,1804,1766,TARAV,5,5,7,3801,0,0,0,,0,4B3C,OCEAN AV,SYLVAN DR,0,,Y,A,-,N,,,,,,,,,,Y,2,0,3,4,A,-,10,21950,A,N,G,B,B,A,H,-,C,A,0,Y,,,,Y,,A,01,1,2,0,0,3,0,0,0,0,- ,- ,37.732329999999997,-122.48537,SAN FRANCISCO,SAN FRANCISCO,-122.4853899,37.732289979999997
8307580,2017,3/29/17,3801,2/28/17,1602,2025,,2,5,7,3801,0,0,0,,0,3A13D,FILBERT ST,STOCKTON ST,0,,Y,A,-,N,,,,,,,,,,N,2,0,1,2,A,-,21,22106,,N,B,B,E,A,H,-,A,D,0,Y,,,,Y,,A,01,1,0,0,0,1,0,0,0,0,- ,- ,,,SAN FRANCISCO,SAN FRANCISCO,-122.40936,37.801369950000002
8343061,2017,4/26/17,3801,3/23/17,1600,668,BAYVI,4,5,7,3801,0,0,0,,0,3C11C,3RD ST,EVANS AV,0,,Y,A,-,N,,,,,,,,,,N,2,0,1,2,A,-,10,21950,A,F,G,B,B,A,H,-,A,A,0,Y,,,,Y,,A,01,1,0,0,0,1,0,0,0,0,- ,- ,,,SAN FRANCISCO,SAN FRANCISCO,-122.38801,37.742729949999998
8343100,2017,4/14/17,3801,3/13/17,2236,2234,CENTR,1,5,7,3801,0,0,0,,0,A13E,WAYNE PL,PACIFIC AV,42,N,N,A,-,N,,,,,,,,,,,2,0,1,2,A,-,03,22350,,F,H,B,E,A,H,-,C,D,0,Y,,,,Y,,A,01,1,0,0,0,1,0,0,0,0,- ,- ,,,SAN FRANCISCO,SAN FRANCISCO,-122.4109119,37.796524060000003
8343134,2017,4/13/17,3801,3/7/17,0834,1655,BAYVI,2,5,7,3801,0,0,0,,0,3C13A,3RD ST,PALOU AV,145,N,N,A,-,N,,,,,,,,,,N,2,0,2,2,A,-,11,21955,,N,G,B,D,A,H,-,A,D,0,Y,Y,,,Y,,N,60,1,1,0,0,1,0,1,0,0,- ,- ,,,SAN FRANCISCO,SAN FRANCISCO,-122.3909196,37.734422420000001
8343149,2017,4/12/17,3801,3/11/17,1445,2105,RICHM,6,5,7,3801,0,0,0,,0,3G12C,ARGUELLO BL,TURK ST,0,,Y,A,-,N,,,,,,,,,,N,2,0,1,2,A,-,10,21950,A,N,G,B,B,A,H,-,A,A,0,Y,,,,Y,,A,01,1,0,0,0,1,0,0,0,0,- ,- ,,,SAN FRANCISCO,SAN FRANCISCO,-122.45859,37.777249949999998
8343187,2017,4/13/17,3801,3/2/17,0700,1290,TARAV,4,5,7,3801,0,0,0,,0,0I5,EUCALYPTUS DR,WESTMOORLAND DR,0,,Y,A,-,N,,,,,,,,,,N,2,0,1,2,A,-,10,21950,A,F,A,B,B,A,H,-,A,D,0,Y,,,,Y,,A,01,1,0,0,0,1,0,0,0,0,- ,- ,,,SAN FRANCISCO,SAN FRANCISCO,-122.4905199,37.73093995
8360148,2017,5/11/17,3801,4/22/17,2137,A20817,BAYVI,6,5,7,3801,0,0,0,,0,3C13E,HUDSON AV,MENDELL ST,0,,Y,A,-,N,,,,,,,,,,N,2,0,1,2,A,-,11,21955,,N,G,B,D,A,-,-,C,A,0,Y,,,,Y,,N,60,1,0,0,0,1,0,0,0,0,- ,- ,,,SAN FRANCISCO,SAN FRANCISCO,-122.3864,37.738969949999998
8360177,2017,5/10/17,3801,4/23/17,1410,2105,CENTR,7,5,7,3801,0,0,0,,0,3A13B,JEFFERSON ST,JEFFERSON ST 333,0,,Y,A,-,N,,,,,,,,,,N,2,0,1,2,A,-,10,21950,A,N,G,B,D,A,H,-,A,D,0,Y,,,,Y,,N,60,1,0,0,0,1,0,0,0,0,- ,- ,,,SAN FRANCISCO,SAN FRANCISCO,-122.4179345,37.807941739999997
8360363,2017,5/15/17,3801,4/6/17,2230,2095,COD,4,5,7,3801,0,0,0,,0,901,VALENCIA ST,22ND ST,6,N,N,C,-,N,,,,,,,,,,N,2,0,1,2,A,-,10,21950,A,N,G,B,B,B,H,-,C,A,0,Y,,,,Y,,A,01,1,0,0,0,1,0,0,0,0,- ,- ,,,SAN FRANCISCO,SAN FRANCISCO,-122.42097,37.755326480000001
8360379,2017,5/15/17,3801,4/5/17,2215,A22696,SOUTH,3,5,7,3801,0,0,0,,0,3B15C,MASON ST,EDDY ST,0,,Y,-,-,N,,,,,,,,,,N,2,0,1,2,D,-,00,,,F,G,B,B,-,-,-,-,-,0,Y,,,,Y,,-,- ,1,0,0,0,1,0,0,0,0,- ,- ,,,SAN FRANCISCO,SAN FRANCISCO,-122.4092999,37.784379960000003
8360383,2017,5/15/17,3801,4/14/17,0005,677,NORTH,5,5,7,3801,0,0,0,,0,3E16E,FRANKLIN ST,WASHINGTON ST,0,,Y,A,-,N,,,,,,,,,,Y,2,0,1,2,A,-,10,21950,,F,G,B,B,A,H,-,C,A,0,Y,,,,Y,,A,01,1,0,0,0,1,0,0,0,0,- ,- ,,,SAN FRANCISCO,SAN FRANCISCO,-122.4244999,37.792849949999997
8360407,2017,5/12/17,3801,4/2/17,0228,A21877,CENTR,7,5,7,3801,0,0,0,,0,004,BROADWAY,MONTGOMERY ST,45,W,N,A,-,N,,,,,,,,,,N,2,0,1,2,A,-,11,21956,A,N,B,B,E,A,H,-,C,A,0,Y,,,,Y,Y,N,60,1,0,0,0,1,0,0,0,0,- ,- ,,,SAN FRANCISCO,SAN FRANCISCO,-122.4039932,37.798217579999999