CASE_ID,ACCIDENT_YEAR,PROC_DATE,JURIS,COLLISION_DATE,COLLISION_TIME,OFFICER_ID,REPORTING_DISTRICT,DAY_OF_WEEK,CHP_SHIFT,POPULATION,CNTY_CITY_LOC,SPECIAL_COND,BEAT_TYPE,CHP_BEAT_TYPE,CITY_DIVISION_LAPD,CHP_BEAT_CLASS,BEAT_NUMBER,PRIMARY_RD,SECONDARY_RD,DISTANCE,DIRECTION,INTERSECTION,WEATHER_1,WEATHER_2,STATE_HWY_IND,CALTRANS_COUNTY,CALTRANS_DISTRICT,STATE_ROUTE,ROUTE_SUFFIX,POSTMILE_PREFIX,POSTMILE,LOCATION_TYPE,RAMP_INTERSECTION,SIDE_OF_HWY,TOW_AWAY,COLLISION_SEVERITY,NUMBER_KILLED,NUMBER_INJURED,PARTY_COUNT,PRIMARY_COLL_FACTOR,PCF_CODE_OF_VIOL,PCF_VIOL_CATEGORY,PCF_VIOLATION,PCF_VIOL_SUBSECTION,HIT_AND_RUN,TYPE_OF_COLLISION,MVIW,PED_ACTION,ROAD_SURFACE,ROAD_COND_1,ROAD_COND_2,LIGHTING,CONTROL_DEVICE,CHP_ROAD_TYPE,PEDESTRIAN_ACCIDENT,BICYCLE_ACCIDENT,MOTORCYCLE_ACCIDENT,TRUCK_ACCIDENT,NOT_PRIVATE_PROPERTY,ALCOHOL_INVOLVED,STWD_VEHTYPE_AT_FAULT,CHP_VEHTYPE_AT_FAULT,COUNT_SEVERE_INJ,COUNT_VISIBLE_INJ,COUNT_COMPLAINT_PAIN,COUNT_PED_KILLED,COUNT_PED_INJURED,COUNT_BICYCLIST_KILLED,COUNT_BICYCLIST_INJURED,COUNT_MC_KILLED,COUNT_MC_INJURED,PRIMARY_RAMP,SECONDARY_RAMP,LATITUDE,LONGITUDE,COUNTY,CITY,POINT_X,POINT_Y
6159282,2013,3/19/14,3711,7/17/13,0808,3815,,3,5,7,3711,0,0,0,,0,615,CHATSWORTH BL,NARRAGANSETT AV,0,,Y,A,-,N,,,,,,,,,,N,2,0,1,2,A,-,10,21950,A,N,G,B,B,A,H,-,A,A,0,Y,,,,Y,,A,07,1,0,0,0,1,0,0,0,0,- ,- ,,,SAN DIEGO,SAN DIEGO,-117.233642,32.733824900000002
6196515,2013,3/27/14,3711,8/22/13,0836,3815,,4,5,7,3711,0,0,0,,0,313,RONSON RD,CARDIN ST,0,,Y,A,-,N,,,,,,,,,,N,2,0,1,2,A,-,10,21950,A,N,G,B,B,A,H,-,A,A,0,Y,,,,Y,,A,08,1,0,0,0,1,0,0,0,0,- ,- ,,,SAN DIEGO,SAN DIEGO,-117.162992,32.828954799999998
6230731,2013,6/13/14,3711,9/23/13,2000,4576,,1,5,7,3711,0,0,0,,0,124,HOLIDAY CT,VILLA LA JOLLA DR,238,E,N,A,-,N,,,,,,,,,,N,2,0,1,2,A,-,11,21954,A,N,G,B,-,A,H,-,D,D,0,Y,,,,Y,,N,60,1,0,0,0,1,0,0,0,0,- ,- ,,,SAN DIEGO,SAN DIEGO,-117.2331894,32.870286700000001
6290176,2014,12/21/15,3711,2/17/14,2051,4823,SANDI,1,5,7,3711,0,0,0,,0,442,NATIONAL AV,S 39TH STREET 1000,68,W,N,B,-,N,,,,,,,,,,N,1,1,0,3,A,-,11,21954,A,F,G,B,D,A,H,-,C,D,0,Y,,,,Y,Y,N,60,0,0,0,1,0,0,0,0,0,- ,- ,,,SAN DIEGO,SAN DIEGO,-117.1105313,32.69604726
6290177,2014,3/27/14,3711,2/23/14,1906,5051,,7,5,7,3711,0,0,0,,0,627,UNIVERSITY AV,VERMONT ST,160,W,N,A,-,N,,,,,,,,,,N,1,1,0,2,A,-,11,21955,,F,G,B,D,A,H,-,C,D,0,Y,,,,Y,,N,60,0,0,0,1,0,0,0,0,0,- ,- ,,,SAN DIEGO,SAN DIEGO,-117.1539584,32.74852636
6290721,2014,6/11/14,3711,5/3/14,1820,5072,,6,5,7,3711,0,0,0,,0,242,MIRA MESA BL,WESTMORE RD,0,,Y,A,-,N,,,,,,,,,,Y,1,1,0,2,A,-,10,21950,A,N,G,B,B,A,H,-,A,A,0,Y,,,,Y,,A,01,0,0,0,1,0,0,0,0,0,- ,- ,,,SAN DIEGO,SAN DIEGO,-117.1299701,32.916210020000001
6291093,2014,8/13/14,3711,6/21/14,2223,4495,,6,5,7,3711,0,0,0,,0,123,EAST MISSION BAY DR,PLAYA PACIFIC PARK DRVWY,67,S,N,A,-,N,,,,,,,,,,N,1,1,0,2,A,-,11,21954,A,N,G,B,D,A,H,-,C,D,0,Y,,,,Y,,N,60,0,0,0,1,0,0,0,0,0,- ,- ,,,SAN DIEGO,SAN DIEGO,-117.2088307,32.782134710000001
6291573,2014,11/7/14,3711,10/7/14,1154,5600,,2,5,7,3711,0,0,0,,0,124,GIRARD AV,SILVERADO ST,200,S,N,B,-,N,,,,,,,,,,N,1,1,0,3,A,-,21,22106,,N,G,B,E,A,H,-,A,D,0,Y,,,,Y,,A,01,0,0,0,1,0,0,0,0,0,- ,- ,,,SAN DIEGO,SAN DIEGO,-117.2738338,32.844570310000002
6291947,2014,2/6/15,3711,12/28/14,1817,6366,,7,5,7,3711,0,0,0,,0,827,UNIVERSITY AV,SHILOH RD,242,W,N,A,-,N,,,,,,,,,,N,1,1,0,2,A,-,08,22107,,F,G,B,E,A,H,-,D,D,0,Y,,,,Y,,A,07,0,0,0,1,0,0,0,0,0,- ,- ,,,SAN DIEGO,SAN DIEGO,-117.0823144,32.749086480000003
6292481,2015,8/12/15,3711,7/15/15,2129,3815,,3,5,7,3711,0,0,0,,0,123,INGRAHAM ST,DANA LANDING RD,67,N,N,A,-,N,,,,,,,,,,Y,1,1,0,2,A,-,11,21453,D,N,G,B,B,A,H,-,C,A,0,Y,,,,Y,,N,60,0,0,0,1,0,0,0,0,0,- ,- ,,,SAN DIEGO,SAN DIEGO,-117.2336295,32.768031399999998
6292641,2015,9/16/15,9645,6/17/15,1431,17667,,3,2,7,3711,0,1,1,,2,005,RT 5,WASHINGTON ST,359,N,N,A,-,N,,,5,,,,,,,N,1,1,0,2,A,-,11,21954,A,N,G,B,D,A,H,-,A,D,0,Y,,,,Y,,N,60,0,0,0,1,0,0,0,0,0,FR,- ,32.743270000000003,-117.18311,SAN DIEGO,SAN DIEGO,-117.1832519,32.742977000000003
6292729,2015,10/16/15,3711,8/29/15,0955,6252,TRAFF,6,5,7,3711,0,0,0,,0,826,EL CAJON BL,ALTADENA AV,14,E,N,A,-,N,,,,,,,,,,Y,1,1,0,2,A,-,10,21954,B,N,G,B,D,A,H,-,A,D,0,Y,,,,Y,,A,01,0,0,0,1,0,0,0,0,0,- ,- ,,,SAN DIEGO,SAN DIEGO,-117.0857052,32.756955869999999
6292961,2017,10/25/17,3711,9/14/17,1010,6702,,4,5,7,3711,0,0,0,,0,111,BALBOA AV,MOUNT ABERNATHY AV,296,W,N,A,-,N,,,,,,,,,,Y,1,1,0,2,A,-,10,21952,,N,G,B,F,A,H,-,A,D,0,Y,,,,Y,,D,22,0,0,0,1,0,0,0,0,0,- ,- ,,,SAN DIEGO,SAN DIEGO,-117.1771001,32.820393510000002
6298254,2013,5/28/14,3711,12/3/13,2018,3815,,2,5,7,3711,0,0,0,,0,627,PARK BL,CYPRESS AV,63,N,N,A,-,N,,,,,,,,,,N,2,0,1,2,A,-,11,21950,B,N,G,B,E,A,H,-,C,D,0,Y,,,,Y,Y,N,60,1,0,0,0,1,0,0,0,0,- ,- ,,,SAN DIEGO,SAN DIEGO,-117.1475676,32.744476900000002
6309261,2013,5/29/14,3711,12/10/13,1822,4495,,2,5,7,3711,0,0,0,,0,521,BROADWAY,16TH ST,0,,Y,A,-,N,,,,,,,,,,N,2,0,1,2,A,-,11,21950,B,F,G,B,D,A,H,-,C,A,0,Y,,,,Y,,N,60,1,0,0,0,1,0,0,0,0,- ,- ,,,SAN DIEGO,SAN DIEGO,-117.1495119,32.715744800000003
6316862,2013,5/30/14,3711,12/21/13,1350,7056,,6,5,7,3711,0,0,0,,0,123,EAST MISSION BAY DR,E MISSION BAY DR 1775,0,,N,A,-,N,,,,,,,,,,N,2,0,2,4,A,-,08,22107,,M,C,-,F,A,H,-,A,D,0,Y,Y,,,Y,,L,04,1,1,0,0,1,0,1,0,0,- ,- ,,,SAN DIEGO,SAN DIEGO,-117.2095388,32.779284310000001
6318715,2013,5/22/14,3711,12/17/13,1431,3815,,2,5,7,3711,0,0,0,,0,122,INGRAHAM ST,LA PLAYA AV,654,N,N,A,-,N,,,,,,,,,,Y,2,0,1,2,C,-,18,,,N,G,B,C,A,H,-,A,D,0,Y,,,,Y,,-,- ,1,0,0,0,1,0,0,0,0,- ,- ,,,SAN DIEGO,SAN DIEGO,-117.2380524,32.790477299999999
6336188,2013,6/4/14,3711,12/22/13,1325,5313,,7,5,7,3711,0,0,0,,0,839,UNIVERSITY AV,CHEROKEE AV,91,W,N,A,-,N,,,,,,,,,,N,2,0,1,3,A,-,08,22107,,N,G,B,E,A,H,-,A,D,0,Y,,,,Y,,A,01,1,0,0,0,1,0,0,0,0,- ,- ,,,SAN DIEGO,SAN DIEGO,-117.1146469,32.749727100000001
6337553,2014,6/4/14,3711,1/7/14,1557,7025,,2,5,7,3711,0,0,0,,0,512,NATIONAL AV,S 31ST ST,16,E,N,A,-,N,,,,,,,,,,N,2,0,1,2,A,-,10,21950,A,N,G,B,B,A,H,-,A,D,0,Y,,,,Y,,-,,1,0,0,0,1,0,0,0,0,- ,- ,,,SAN DIEGO,SAN DIEGO,-117.1272382,32.695970260000003
6443022,2014,7/2/14,3711,3/18/14,1950,6750,,2,5,7,3711,0,0,0,,0,831,ORANGE AV,44TH ST,9,W,N,A,-,N,,,,,,,,,,Y,2,0,1,2,A,-,10,21950,A,N,G,B,D,A,H,-,C,D,0,Y,,,,Y,Y,N,60,1,0,0,0,1,0,0,0,0,- ,- ,,,SAN DIEGO,SAN DIEGO,-117.0997992,32.753160000000001
6443764,2014,7/3/14,3711,3/28/14,2034,5051,615,5,5,7,3711,0,0,0,,0,615,ROSECRANS ST,NORTH HARBOR DR,96,N,N,A,-,N,,,,,,,,,,N,2,0,2,2,A,-,11,21954,A,N,G,B,D,A,H,-,C,D,0,Y,,,,Y,Y,N,60,1,1,0,0,1,0,0,0,0,- ,- ,,,SAN DIEGO,SAN DIEGO,-117.2277147,32.726391169999999
6449070,2014,7/3/14,3711,3/5/14,1413,5498,,3,5,7,3711,0,0,0,,0,241,RED CEDAR DR,RANCH VIEW DR,170,,N,B,-,N,,,,,,,,,,N,2,0,1,2,A,-,10,21950,A,N,G,B,C,A,H,-,A,D,0,Y,,,,Y,,A,01,1,0,0,0,1,0,0,0,0,- ,- ,,,SAN DIEGO,SAN DIEGO,-117.09907,32.91004006
6548354,2014,9/24/15,3711,6/25/14,1916,4653,,3,5,7,3711,0,0,0,,0,232,TED WILLIAMS PKWY,SABRE SPRINGS PKWY,25,W,N,A,-,N,,,,,,,,,,N,2,0,1,2,A,-,11,21456,B,N,G,B,B,A,H,-,A,A,0,Y,,,,Y,,N,60,1,0,0,0,1,0,0,0,0,- ,- ,,,SAN DIEGO,SAN DIEGO,-117.0904478,32.964851860000003
6580609,2014,9/2/14,3711,7/7/14,0619,5209,,1,5,7,3711,0,0,0,,0,437,PARADISE VALLEY RD,DEEP DELL RD,0,,Y,A,-,N,,,,,,,,,,N,2,0,1,2,A,-,11,21456,B,N,G,B,B,A,H,-,A,A,0,Y,,,,Y,,N,60,1,0,0,0,1,0,0,0,0,- ,- ,,,SAN DIEGO,SAN DIEGO,-117.0293501,32.695420050000003
6601998,2014,9/9/14,3711,7/9/14,2332,5051,,3,5,7,3711,0,0,0,,0,712,CAMINO DE LA PLAZA,WILLOW RD,491,E,N,B,-,N,,,,,,,,,,Y,2,0,2,2,A,-,08,22107,,N,G,B,F,A,H,-,C,D,0,Y,,,,Y,,A,01,1,0,1,0,1,0,0,0,0,- ,- ,,,SAN DIEGO,SAN DIEGO,-117.0410128,32.545400000000001
6606279,2014,12/30/15,3711,6/21/14,2500,5925,,6,5,7,3711,0,0,0,,0,613,NIMITZ BL,SUNSET CLIFFS BL,195,S,N,A,-,N,,,,,,,,,,N,1,1,0,2,A,-,11,21955,,F,G,B,E,A,H,-,C,D,0,Y,,,,Y,,N,60,0,0,0,1,0,0,0,0,0,- ,- ,,,SAN DIEGO,SAN DIEGO,-117.2372132,32.753593819999999
6661015,2014,5/29/15,3711,10/7/14,2144,3792,3711,2,5,7,3711,0,0,0,,0,441,IMPERIAL AV,MESSINA WY,102,W,N,A,-,N,,,,,,,,,,,2,0,1,2,A,-,11,21954,A,F,G,B,E,A,H,-,C,D,0,Y,,,,Y,,N,60,1,0,0,0,1,0,0,0,0,- ,- ,,,SAN DIEGO,SAN DIEGO,-117.1059404,32.704172929999999
6675663,2014,11/10/14,3711,9/30/14,0608,4823,,2,5,7,3711,0,0,0,,0,826,EL CAJON BL,WINONA AV,5,W,N,A,-,N,,,,,,,,,,N,2,0,1,2,A,-,11,21954,A,N,G,B,D,A,H,-,C,A,0,Y,,,,Y,,N,60,1,0,0,0,1,0,0,0,0,- ,- ,,,SAN DIEGO,SAN DIEGO,-117.087906,32.756647719999997
6703898,2014,1/29/15,9645,11/2/14,0127,017139,,7,3,7,3711,0,1,1,,2,027,RT 15,RT 8,6,N,N,B,C,Y,,,,,,,,,,Y,2,0,3,5,A,-,03,22350,,N,G,B,E,B,H,-,C,D,0,Y,,,,Y,,A,01,1,0,2,0,1,0,0,0,0,TO,- ,32.778559999999999,-117.10906,SAN DIEGO,SAN DIEGO,-117.1125361,32.778735599999997
6705514,2014,1/20/15,3711,11/1/14,1823,6000,,6,5,7,3711,0,0,0,,0,122,TURQUOISE ST,CASS ST,302,W,N,B,-,N,,,,,,,,,,N,2,0,1,2,A,-,11,21954,A,N,G,B,E,A,H,-,C,D,0,Y,,,,Y,Y,N,60,1,0,0,0,1,0,0,0,0,- ,- ,,,SAN DIEGO,SAN DIEGO,-117.2564575,32.809229340000002
6718332,2015,4/20/17,3711,1/31/15,1807,5916,,6,5,7,3711,0,0,0,,0,833,UNIVERSITY AV,47TH ST,82.9,W,N,B,-,N,,,,,,,,,,N,1,1,0,2,A,-,11,21954,A,N,G,B,D,A,H,-,C,D,0,Y,,,,Y,,N,60,0,0,0,1,0,0,0,0,0,- ,- ,,,SAN DIEGO,SAN DIEGO,-117.0935987,32.749574799999998
6718503,2014,1/14/16,9645,11/1/14,1733,18678,,6,2,7,3711,0,1,3,,2,023,RT 163,RT 8,39,N,N,B,-,Y,SD,11,163,-,-,3.71,H,-,S,Y,1,1,0,2,A,-,11,21954,A,N,G,B,E,A,H,-,A,D,1,Y,,,,Y,Y,N,60,0,0,0,1,0,0,0,0,0,- ,- ,32.762740000000001,-117.16339,SAN DIEGO,SAN DIEGO,-117.1635685,32.763028200000001
6731906,2014,1/29/15,3711,12/2/14,1731,4897,,2,5,7,3711,0,0,0,,0,451,FEDERAL BL,EUCLID AV,0,,Y,C,-,N,,,,,,,,,,N,2,0,1,2,A,-,11,21950,B,N,G,B,B,B,H,-,C,A,0,Y,,,,Y,,N,60,1,0,0,0,1,0,0,0,0,- ,- ,,,SAN DIEGO,SAN DIEGO,-117.08495,32.721420090000002
6745582,2014,1/20/15,9645,11/15/14,0020,019496,,6,3,7,3711,0,1,1,,2,027,RT 15,CAMINO DEL RIO S,87,S,N,A,-,Y,,,,,,,,,,N,2,0,1,2,A,-,08,22107,,F,G,B,E,A,H,-,D,D,0,Y,,,,Y,,-,99,1,0,0,0,1,0,0,0,0,- ,- ,32.777529999999999,-117.11025,SAN DIEGO,SAN DIEGO,-117.1119799,32.77703726
6801946,2015,2/18/15,3711,1/22/15,1943,4653,,4,5,7,3711,0,0,0,,0,314,HEALTH CENTER DR,MARY BIRCH LN,187,S,N,A,-,N,,,,,,,,,,N,2,0,1,2,A,-,11,21954,A,N,G,B,D,A,H,-,C,D,0,Y,,,,Y,,N,60,1,0,0,0,1,0,0,0,0,- ,- ,,,SAN DIEGO,SAN DIEGO,-117.1562791,32.798131949999998
6810610,2015,3/2/15,3711,1/27/15,2203,4576,,2,5,7,3711,0,0,0,,0,621,LINDA VISTA RD,GLIDDEN ST,153,N,N,A,-,N,,,,,,,,,,Y,2,0,1,2,A,-,11,21955,,N,G,B,D,A,H,-,D,A,0,Y,,,,Y,,N,60,1,0,0,0,1,0,0,0,0,- ,- ,,,SAN DIEGO,SAN DIEGO,-117.1734954,32.775539250000001
6837933,2015,3/12/15,3711,1/28/15,0736,6702,3711,3,5,7,3711,0,0,0,,0,322,WARING RD,ELDRIDGE ST 7030,0,,Y,A,-,N,,,,,,,,,,N,2,0,1,2,A,-,10,21950,A,N,G,B,B,A,H,-,A,A,0,Y,,,,Y,,A,01,1,0,0,0,1,0,0,0,0,- ,- ,,,SAN DIEGO,SAN DIEGO,-117.0708499,32.796420060000003
6854538,2015,4/4/17,9645,4/18/15,0024,20165,,6,3,7,3711,0,1,3,,2,023,RT 163,SAN DIEGO RIVER BR,300,S,N,A,-,Y,SD,11,163,-,-,3.9,H,-,N,Y,1,1,1,2,A,-,11,21954,A,N,G,B,D,A,H,-,C,D,1,Y,,,,Y,Y,N,60,0,1,0,1,0,0,0,0,0,- ,- ,,,SAN DIEGO,SAN DIEGO,-117.1627086,32.766097049999999
6880497,2015,4/7/16,3711,3/15/15,1935,5051,,7,5,7,3711,0,0,0,,0,611,PACIFIC HWY,ENTERPRISE ST,744,S,N,A,-,N,,,,,,,,,,N,2,0,1,2,A,-,11,21954,A,F,G,B,D,A,H,-,C,D,0,Y,,,,Y,,N,60,1,0,0,0,1,0,0,0,0,- ,- ,,,SAN DIEGO,SAN DIEGO,-117.1958132,32.745779990000003
6904921,2015,5/20/15,9645,3/19/15,2027,020066,,4,2,7,3711,0,1,1,,2,003,RT 5,28TH ST,800,S,N,A,-,Y,SD,11,5,-,R,13.23,H,-,S,Y,1,1,0,4,A,-,11,21954,A,N,G,B,D,A,H,-,D,D,1,Y,,,,Y,,N,60,0,0,0,1,0,0,0,0,0,- ,- ,32.69455,-117.13267,SAN DIEGO,SAN DIEGO,-117.1312907,32.694338930000001
6904957,2015,4/25/17,3711,3/24/15,1820,5972,,2,5,7,3711,0,0,0,,0,242,REAGAN RD,CAMINO RUIZ,0,,Y,A,-,N,,,,,,,,,,N,1,1,0,2,A,-,10,21950,A,N,G,B,B,A,H,-,A,A,0,Y,,,,Y,,A,07,0,0,0,1,0,0,0,0,0,- ,- ,,,SAN DIEGO,SAN DIEGO,-117.1453101,32.908180049999999
6925024,2015,6/6/16,3711,5/3/15,1735,6000,,7,5,7,3711,0,0,0,,0,836,FAIRMOUNT AV,LAUREL ST,235,S,N,A,-,N,,,,,,,,,,Y,2,0,3,5,A,-,03,22350,,N,C,C,E,A,H,-,A,D,0,Y,,,,Y,,A,01,1,1,1,0,1,0,0,0,0,- ,- ,,,SAN DIEGO,SAN DIEGO,-117.1010463,32.73079808
6950268,2015,6/29/15,3711,5/28/15,1820,6513,,4,5,7,3711,0,0,0,,0,511,NATIONAL AV,16TH ST,163,W,N,A,-,N,,,,,,,,,,N,2,0,1,2,A,-,11,21956,,N,G,B,E,A,H,-,A,D,0,Y,,,,Y,,N,60,1,0,0,0,1,0,0,0,0,- ,- ,,,SAN DIEGO,SAN DIEGO,-117.1504858,32.70441581
6952449,2015,11/19/16,9645,5/23/15,2228,020301,,6,3,7,3711,0,1,3,,2,006,RT 94,BROADWAY,500,E,N,A,-,Y,SD,11,94,-,-,2.86,H,-,W,N,2,0,1,2,A,-,11,21954,A,N,G,B,E,A,H,-,C,D,1,Y,,,,Y,,N,60,1,0,0,0,1,0,0,0,0,- ,- ,,,SAN DIEGO,SAN DIEGO,-117.1232779,32.715674759999999
6972971,2015,11/17/16,9645,6/12/15,0015,020857,,5,3,7,3711,0,1,1,,2,003,RT 5,J ST,117,N,N,A,-,Y,SD,11,5,-,R,14.76,H,-,S,N,2,0,1,2,A,-,11,21954,A,N,G,B,E,A,H,-,C,D,1,Y,,,,Y,,N,60,1,0,0,0,1,0,0,0,0,- ,- ,32.709699999999998,-117.1478,SAN DIEGO,SAN DIEGO,-117.1477545,32.70971308
7005012,2015,7/24/15,3711,7/2/15,1410,5600,,4,5,7,3711,0,0,0,,0,314,HEALTH CENTER DR,FROST ST,0,,Y,A,-,N,,,,,,,,,,N,2,0,1,2,A,-,10,21950,A,N,G,B,B,A,H,-,A,A,0,Y,,,,Y,,A,08,1,0,0,0,1,0,0,0,0,- ,- ,,,SAN DIEGO,SAN DIEGO,-117.1553201,32.800290019999998
7006105,2015,8/26/15,3711,7/13/15,0356,HB5062,,1,5,7,3711,0,0,0,,0,504,HARBOR DR,HARBOR DR 600,0,,N,A,-,N,,,,,,,,,,N,1,1,0,2,A,-,11,21954,A,F,G,B,D,A,H,-,C,D,0,Y,,,,Y,Y,N,60,0,0,0,1,0,0,0,0,0,- ,- ,,,SAN DIEGO,SAN DIEGO,-117.1689203,32.71141677
7006303,2015,3/30/17,3711,10/9/15,2019,5600,,5,5,7,3711,0,0,0,,0,822,54TH ST,LEA ST,161,S,N,A,-,N,,,,,,,,,,N,1,1,0,3,A,-,11,21956,,F,G,B,E,A,H,-,D,D,0,Y,,,,Y,Y,N,60,0,0,0,1,0,0,0,0,0,- ,- ,,,SAN DIEGO,SAN DIEGO,-117.0795203,32.745399079999999
7006359,2015,12/16/15,3711,10/30/15,2046,5600,,5,5,7,3711,0,0,0,,0,241,SPRING CANYON RD,SUNSET RIDGE DR,0,,Y,A,-,N,,,,,,,,,,Y,1,1,0,2,A,-,11,21954,A,N,G,B,B,A,H,-,C,D,0,Y,,,,Y,,N,60,0,0,0,1,0,0,0,0,0,- ,- ,,,SAN DIEGO,SAN DIEGO,-117.08006,32.923910100000001
7006467,2015,1/15/16,3711,12/18/15,1931,5600,,5,5,7,3711,0,0,0,,0,621,GENESEE AV,PARK MESA WY,0,,Y,A,-,N,,,,,,,,,,Y,1,1,0,2,A,-,11,21456,B,N,G,B,B,A,H,-,C,A,0,Y,,,,Y,,N,60,0,0,0,1,0,0,0,0,0,- ,- ,,,SAN DIEGO,SAN DIEGO,-117.1716701,32.79757008
7010364,2015,8/19/15,3711,7/31/15,1853,4653,,5,5,7,3711,0,0,0,,0,516,MARKET ST,30TH ST,21,W,N,B,-,N,,,,,,,,,,Y,2,0,1,2,A,-,11,21954,A,F,G,B,D,A,H,-,A,A,0,Y,,,,Y,,N,60,1,0,0,0,1,0,0,0,0,- ,- ,,,SAN DIEGO,SAN DIEGO,-117.130268,32.711649999999999
7123980,2015,12/1/15,3711,11/9/15,1215,6781,SD,1,5,7,3711,0,0,0,,0,821,ACORN ST,COLLEGE AV,0,,Y,A,-,N,,,,,,,,,,N,2,0,1,2,A,-,08,22107,,N,G,B,B,A,H,-,A,A,0,Y,,,,Y,,-,,1,0,0,0,1,0,0,0,0,- ,- ,,,SAN DIEGO,SAN DIEGO,-117.0663801,32.759590039999999
7135209,2015,1/6/16,3711,12/28/15,0430,7289,,1,5,7,3711,0,0,0,,0,628,WEST LAUREL ST,W LAUREL ST 1025,0,,Y,A,-,N,,,,,,,,,,N,2,0,1,2,D,-,00,,,M,G,B,E,A,H,-,C,A,0,Y,,,,Y,,-,- ,1,0,0,0,1,0,0,0,0,- ,- ,,,SAN DIEGO,SAN DIEGO,-117.1724555,32.729910230000002
7142086,2015,12/28/15,3711,12/5/15,1811,7174,WESTE,6,5,7,3711,0,0,0,,0,614,EBERS ST,VOLTAIRE ST,0,,Y,B,-,N,,,,,,,,,,,2,0,1,2,A,-,11,21950,B,N,G,B,D,A,H,-,C,A,0,Y,,,,Y,Y,N,60,1,0,0,0,1,0,0,0,0,- ,- ,,,SAN DIEGO,SAN DIEGO,-117.2413901,32.748830069999997
7144606,2015,1/5/16,3711,12/14/15,1715,4495,,1,5,7,3711,0,0,0,,0,627,WASHINGTON ST,3RD AV,43,,N,A,-,N,,,,,,,,,,N,2,0,1,2,A,-,11,21954,A,N,G,B,D,A,H,-,C,D,0,Y,,,,Y,,N,60,1,0,0,0,1,0,0,0,0,- ,- ,,,SAN DIEGO,SAN DIEGO,-117.1627401,32.749980000000001
7187046,2016,2/26/16,3711,2/3/16,0730,6193,,3,5,7,3711,0,0,0,,0,823,58TH ST,BATES ST,0,,Y,A,-,N,,,,,,,,,,N,2,0,2,3,A,-,06,21951,,N,G,B,B,A,H,-,A,D,0,Y,,,,Y,,A,07,1,1,0,0,2,0,0,0,0,- ,- ,,,SAN DIEGO,SAN DIEGO,-117.07155,32.747890060000003
7190432,2016,9/26/18,3711,8/20/16,0445,6252,,6,5,7,3711,0,0,0,,0,826,EL CAJON BL,WINONA AV,205,E,N,A,-,N,,,,,,,,,,N,1,1,0,2,A,-,11,21954,A,F,G,B,E,A,H,-,D,D,0,Y,,,,Y,,N,60,0,0,0,1,0,0,0,0,0,- ,- ,,,SAN DIEGO,SAN DIEGO,-117.0872334,32.756736719999999
7190466,2016,9/26/18,3711,9/16/16,2155,6146,,5,5,7,3711,0,0,0,,0,813,EL CAJON BL,KANSAS ST,7,W,N,A,-,N,,,,,,,,,,Y,1,1,0,2,A,-,11,21950,B,N,G,B,D,A,H,-,C,D,0,Y,,,,Y,Y,N,60,0,0,0,1,0,0,0,0,0,- ,- ,,,SAN DIEGO,SAN DIEGO,-117.1314427,32.755400000000002
7194461,2016,3/3/16,3711,2/13/16,2028,7027,,6,5,7,3711,0,0,0,,0,122,INGRAHAM ST,FORTUNA AV,1320,N,N,A,-,N,,,,,,,,,,N,2,0,1,2,D,-,00,,,N,G,B,D,A,H,-,C,D,0,Y,,Y,,Y,Y,-,- ,1,0,0,0,1,0,0,0,0,- ,- ,,,SAN DIEGO,SAN DIEGO,-117.2396452,32.795848290000002
7200078,2017,4/8/19,3711,3/17/17,0903,6764,,5,5,7,3711,0,0,0,,0,242,WESTONHILL DR,HARLINGTON DR,100,N,N,A,-,N,,,,,,,,,,N,1,1,0,2,A,-,10,21954,B,N,G,B,D,A,H,-,A,D,0,Y,,,,Y,,A,01,0,0,0,1,0,0,0,0,0,- ,- ,,,SAN DIEGO,SAN DIEGO,-117.13563,32.913993929999997
7200097,2017,5/12/17,3711,4/6/17,2318,4576,,4,5,7,3711,0,0,0,,0,628,WEST LAUREL ST,PACIFIC HWY,0,,Y,A,G,N,,,,,,,,,,N,1,1,0,2,A,-,12,21453,A,F,G,B,B,A,A,-,C,A,0,Y,,,,Y,Y,A,07,0,0,0,1,0,0,0,0,0,- ,- ,,,SAN DIEGO,SAN DIEGO,-117.17371,32.729510089999998
8008009,2016,4/5/16,3711,2/25/16,1535,6324,,4,5,7,3711,0,0,0,,0,124,PROSPECT ST,GIRARD AV,6,S,N,A,-,N,,,,,,,,,,N,2,0,2,3,A,-,10,21950,A,N,G,B,B,A,H,-,A,D,0,Y,,,,Y,,A,01,1,1,0,0,2,0,0,0,0,- ,- ,,,SAN DIEGO,SAN DIEGO,-117.2747653,32.847439809999997
8037583,2016,5/11/16,3711,4/27/16,2046,7147,,3,5,7,3711,0,0,0,,0,451,54TH ST,WESTOVER PL,129,N,N,B,-,N,,,,,,,,,,N,2,0,1,2,A,-,- ,,,F,A,B,D,A,H,-,C,D,0,Y,,,,Y,Y,N,60,1,0,0,0,1,0,0,0,0,- ,- ,,,SAN DIEGO,SAN DIEGO,-117.0837561,32.725110669999999
8061189,2016,7/21/16,3711,7/2/16,0249,6146,,6,5,7,3711,0,0,0,,0,613,NIMITZ BL,WEST POINT LOMA BL,6,S,N,A,-,N,,,,,,,,,,Y,2,0,1,2,A,-,11,21456,B,N,G,B,B,A,H,-,C,A,0,Y,,,,Y,,N,60,1,0,0,0,1,0,0,0,0,- ,- ,,,SAN DIEGO,SAN DIEGO,-117.2361136,32.751224479999998