CASE_ID,ACCIDENT_YEAR,PROC_DATE,JURIS,COLLISION_DATE,COLLISION_TIME,OFFICER_ID,REPORTING_DISTRICT,DAY_OF_WEEK,CHP_SHIFT,POPULATION,CNTY_CITY_LOC,SPECIAL_COND,BEAT_TYPE,CHP_BEAT_TYPE,CITY_DIVISION_LAPD,CHP_BEAT_CLASS,BEAT_NUMBER,PRIMARY_RD,SECONDARY_RD,DISTANCE,DIRECTION,INTERSECTION,WEATHER_1,WEATHER_2,STATE_HWY_IND,CALTRANS_COUNTY,CALTRANS_DISTRICT,STATE_ROUTE,ROUTE_SUFFIX,POSTMILE_PREFIX,POSTMILE,LOCATION_TYPE,RAMP_INTERSECTION,SIDE_OF_HWY,TOW_AWAY,COLLISION_SEVERITY,NUMBER_KILLED,NUMBER_INJURED,PARTY_COUNT,PRIMARY_COLL_FACTOR,PCF_CODE_OF_VIOL,PCF_VIOL_CATEGORY,PCF_VIOLATION,PCF_VIOL_SUBSECTION,HIT_AND_RUN,TYPE_OF_COLLISION,MVIW,PED_ACTION,ROAD_SURFACE,ROAD_COND_1,ROAD_COND_2,LIGHTING,CONTROL_DEVICE,CHP_ROAD_TYPE,PEDESTRIAN_ACCIDENT,BICYCLE_ACCIDENT,MOTORCYCLE_ACCIDENT,TRUCK_ACCIDENT,NOT_PRIVATE_PROPERTY,ALCOHOL_INVOLVED,STWD_VEHTYPE_AT_FAULT,CHP_VEHTYPE_AT_FAULT,COUNT_SEVERE_INJ,COUNT_VISIBLE_INJ,COUNT_COMPLAINT_PAIN,COUNT_PED_KILLED,COUNT_PED_INJURED,COUNT_BICYCLIST_KILLED,COUNT_BICYCLIST_INJURED,COUNT_MC_KILLED,COUNT_MC_INJURED,PRIMARY_RAMP,SECONDARY_RAMP,LATITUDE,LONGITUDE,COUNTY,CITY,POINT_X,POINT_Y
5992130,2013,2/6/14,4313,3/4/13,2031,4226,SJPD,1,5,7,4313,0,0,0,,0,0M3,MCKEE RD,34TH ST,0,,Y,A,-,N,,,,,,,,,,N,2,0,2,3,D,-,00,,,N,G,B,D,A,H,-,C,D,0,Y,,,,Y,,-,- ,1,1,0,0,2,0,0,0,0,- ,- ,,,SANTA CLARA,SAN JOSE,-121.8626829,37.356764900000002
6017321,2013,2/4/14,4313,3/25/13,0805,2641,WESTE,1,5,7,4313,0,0,0,,0,0K5,MCLAUGHLIN AV,MELBOURNE BL,324,S,N,B,-,N,,,,,,,,,,N,2,0,1,2,A,-,11,21954,A,N,G,B,D,A,H,-,A,A,0,Y,,,,Y,,N,60,1,0,0,0,1,0,0,0,0,- ,- ,,,SANTA CLARA,SAN JOSE,-121.8583697,37.337418100000001
6030604,2013,11/4/14,9340,3/31/13,0100,20414,,7,3,7,4313,0,1,3,,2,087,RT 87,CURTNER AV,300,N,N,B,-,Y,SCL,4,87,-,-,2.93,H,-,S,Y,2,0,1,3,A,-,03,22350,,N,G,B,E,B,H,-,D,D,1,Y,,,,Y,,A,01,1,0,0,0,1,0,0,0,0,- ,- ,37.295279999999998,-121.87304,SANTA CLARA,SAN JOSE,-121.873269,37.294814299999999
6044083,2013,4/3/14,4313,4/4/13,0530,4268,SOUTH,4,5,7,4313,0,0,0,,0,0L3,SENTER RD,PARROTT ST,0,,Y,C,-,N,,,,,,,,,,N,2,0,1,2,A,-,03,22350,,F,G,B,B,B,H,-,B,A,0,Y,,,,Y,,-,- ,1,0,0,0,1,0,0,0,0,- ,- ,,,SANTA CLARA,SAN JOSE,-121.849223,37.309265000000003
6059543,2013,2/18/14,4313,4/12/13,2112,4000,CENTR,5,5,7,4313,0,0,0,,0,0L3,SENTER RD,TULLY RD,0,,Y,A,-,N,,,,,,,,,,N,2,0,1,2,A,-,- ,,,N,G,B,D,A,H,-,C,A,0,Y,,,,Y,,N,60,1,0,0,0,1,0,0,0,0,- ,- ,,,SANTA CLARA,SAN JOSE,-121.847853,37.307944999999997
6187142,2013,3/25/14,4313,8/30/13,0357,4241,SAM,5,5,7,4313,0,0,0,,0,0S1,GAY AV,CAPITAL AV,0,,Y,-,-,Y,,,,,,,,,,,2,0,1,2,A,-,03,22350,,F,-,B,B,-,-,-,-,-,0,Y,,,,Y,,-,- ,1,0,0,0,1,0,0,0,0,- ,- ,,,SANTA CLARA,SAN JOSE,-121.839873,37.366774800000002
6189719,2013,3/28/14,4313,8/8/13,2041,3780,L,4,5,7,4313,0,0,0,,0,005,SENTER RD,E CAPITOL EXPWY,200,N,N,A,-,N,,,,,,,,,,N,2,0,1,2,A,-,11,21955,,N,A,B,D,A,H,-,C,D,0,Y,,,,Y,Y,N,60,1,0,0,0,1,0,0,0,0,- ,- ,,,SANTA CLARA,SAN JOSE,-121.8338154,37.293888799999998
6254749,2013,4/30/14,4313,10/15/13,1805,4042,FOOTH,2,5,7,4313,0,0,0,,0,0P5,RUBY AV,DELTA RD,0,,Y,A,-,N,,,,,,,,,,Y,2,0,1,2,A,-,10,21950,A,N,G,B,B,A,H,-,A,D,0,Y,,,,Y,,-,- ,1,0,0,0,1,0,0,0,0,- ,- ,,,SANTA CLARA,SAN JOSE,-121.770533,37.306995000000001
6285816,2013,5/16/14,4313,11/9/13,1405,4078,FOOTH,6,5,7,4313,0,0,0,,0,0C5,MOONSTAR CT,MOONSTAR CT 3018,0,,N,A,-,N,,,,,,,,,,Y,2,0,1,2,A,-,08,22107,,F,G,B,E,A,H,-,A,D,0,Y,,,,Y,Y,-,- ,1,0,0,0,1,0,0,0,0,- ,- ,,,SANTA CLARA,SAN JOSE,-121.8095362,37.341661770000002
6290391,2014,5/15/14,9340,3/4/14,0314,20298,,2,3,7,4313,0,1,1,,2,282,RT 280,SARATOGA AV,13,S,N,B,-,Y,SCL,4,280,-,-,5.835,R,2,N,N,1,1,0,3,A,-,11,21954,A,F,G,B,E,A,H,-,D,D,1,Y,,,,Y,,N,60,0,0,0,1,0,0,0,0,0,TO,- ,37.317520000000002,-121.97508,SANTA CLARA,SAN JOSE,-121.9729454,37.316710190000002
6291534,2014,12/30/15,9340,7/25/14,2310,20685,,5,3,7,4313,0,1,1,,2,681,RT 680,CAPITOL EXPWY,990,S,N,A,-,Y,SCL,4,680,-,M,1.24,H,-,N,N,1,1,0,2,A,-,11,21954,A,N,G,B,E,A,H,-,D,D,1,Y,,,,Y,,N,60,0,0,0,1,0,0,0,0,0,- ,- ,37.352629999999998,-121.83767,SANTA CLARA,SAN JOSE,-121.837824,37.352998620000001
6291608,2014,11/13/14,4313,10/31/14,0033,4358,FOOTH,5,5,7,4313,0,0,0,,0,0W4,MCKEE RD,CHALLENGER AV,350,W,N,A,-,N,,,,,,,,,,Y,1,1,0,2,A,-,11,21954,A,N,G,B,E,A,H,-,C,D,0,Y,,,,Y,,N,60,0,0,0,1,0,0,0,0,0,- ,- ,,,SANTA CLARA,SAN JOSE,-121.838197,37.373356039999997
6291775,2014,12/28/15,4313,11/11/14,1628,3188,FOOTH,2,5,7,4313,0,0,0,,0,0P3,SOUTH KING RD,BARBERRY LN,12,S,N,A,-,N,,,,,,,,,,Y,1,1,0,2,-,-,- ,,,N,-,B,B,A,H,-,A,A,0,Y,,,,Y,Y,-,- ,0,0,0,1,0,0,0,0,0,- ,- ,,,SANTA CLARA,SAN JOSE,-121.8171019,37.313235849999998
6292518,2015,8/21/15,9340,4/4/15,0333,20803,,6,3,7,4313,0,1,2,,2,110,RT 101,E SAN ANTONIO ST,1252,S,N,A,-,Y,SCL,4,101,-,-,35.22,H,-,S,Y,1,1,1,3,A,-,11,21954,A,M,G,B,E,A,H,-,D,D,1,Y,,,,Y,,N,60,0,1,0,1,0,0,0,0,0,- ,- ,37.344410000000003,-121.85682,SANTA CLARA,SAN JOSE,-121.8560503,37.343591400000001
6292759,2015,4/19/16,4313,12/23/15,2140,3815,DR,3,5,7,4313,0,0,0,,0,0R2,LUNDY AV,MURPHY AV,0,,Y,A,-,N,,,,,,,,,,Y,1,1,0,2,A,-,11,21456,,N,G,B,B,A,H,-,C,A,0,Y,,,,Y,,N,60,0,0,0,1,0,0,0,0,0,- ,- ,,,SANTA CLARA,SAN JOSE,-121.8862,37.387399960000003
6292970,2017,10/25/17,4313,3/23/17,1940,3454,CENTR,4,5,7,4313,0,0,0,,0,0E2,N 1ST ST,HAWTHORNE WY,0,,Y,A,-,N,,,,,,,,,,N,1,1,0,2,A,-,21,22106,,F,G,B,E,A,H,-,C,A,0,Y,,,,Y,Y,I,20,0,0,0,1,0,0,0,0,0,- ,- ,37.204059999999998,-121.53485,SANTA CLARA,SAN JOSE,-121.8969299,37.344580110000003
6296310,2013,6/2/14,4313,12/12/13,0130,4287,DISTR,4,5,7,4313,0,0,0,,0,0S1,1ST ST,JACKSON ST,0,,Y,A,-,N,,,,,,,,,,Y,2,0,1,2,D,-,00,,,F,G,B,F,A,H,-,C,D,0,Y,,,,Y,,-,- ,1,0,0,0,1,0,0,0,0,- ,- ,,,SANTA CLARA,SAN JOSE,-121.898573,37.346975
6299432,2013,2/12/14,4313,4/27/13,2150,4110,FOOTH,6,5,7,4313,0,0,0,,0,0M3,ALUM ROCK AV,EASTGATE AV,0,,Y,A,-,N,,,,,,,,,,Y,2,0,1,2,A,-,11,21456,B,N,G,B,B,A,H,-,C,D,0,Y,,,,Y,,A,01,1,0,0,0,1,0,0,0,0,- ,- ,,,SANTA CLARA,SAN JOSE,-121.853833,37.353694900000001
6326769,2013,5/27/14,4313,12/24/13,1317,3420,WESTE,2,5,7,4313,0,0,0,,0,046,THORNDALE CT,THORNDALE CT 1081,0,,N,A,-,N,,,,,,,,,,N,2,0,1,2,A,-,11,21954,A,N,G,B,E,A,H,-,A,D,0,Y,,,,Y,,N,60,1,0,0,0,1,0,0,0,0,- ,- ,,,SANTA CLARA,SAN JOSE,-121.8173459,37.293337149999999
6421068,2014,7/1/14,4313,3/18/14,1807,3898,MARY,2,5,7,4313,0,0,0,,0,0M1,MCKEE RD,EL RANCHO VERDE,0,,Y,A,-,N,,,,,,,,,,N,2,0,1,2,A,-,- ,,,N,G,B,B,A,H,-,A,A,0,Y,,,,Y,,-,,1,0,0,0,1,0,0,0,0,- ,- ,,,SANTA CLARA,SAN JOSE,-121.8554799,37.361749920000001
6553073,2014,1/13/16,4313,7/3/14,2016,4230,WESTE,4,5,7,4313,0,0,0,,0,0S1,MOORPARK AV,COLLEGE DR,0,,Y,A,-,N,,,,,,,,,,N,2,0,2,3,A,-,03,22350,,N,G,B,B,A,H,-,A,D,0,Y,,,,Y,,-,,1,1,0,0,2,0,0,0,0,- ,- ,,,SANTA CLARA,SAN JOSE,-121.91934,37.316250109999999
6621234,2014,10/8/14,4313,9/9/14,2033,3847,DC,2,5,7,4313,0,0,0,,0,0C3,QUIMBY RD,TULLY RD,0,,Y,A,-,N,,,,,,,,,,Y,2,0,1,2,A,-,11,21456,B,N,-,A,B,A,-,-,C,A,0,Y,,Y,,Y,Y,N,60,1,0,0,0,0,0,0,0,1,- ,- ,,,SANTA CLARA,SAN JOSE,-121.82039,37.32620008
6696980,2014,2/29/16,4313,10/25/14,2016,3938,FOOTH,6,5,7,4313,0,0,0,,0,0M4,SANDERS AV,SANDERS AV 526,0,,N,B,-,N,,,,,,,,,,N,2,0,1,2,-,-,- ,,,F,G,B,D,A,H,-,C,D,0,Y,,,,Y,,-,- ,1,0,0,0,1,0,0,0,0,- ,- ,,,SANTA CLARA,SAN JOSE,-121.8434715,37.349950829999997
6718090,2014,2/9/15,4313,12/17/14,1340,3656,CENTR,3,5,7,4313,0,0,0,,0,0C2,MCLAUGHLIN AV,CARNELIAN DR,0,,Y,B,-,N,,,,,,,,,,Y,1,1,0,2,A,-,11,21456,,N,D,J,B,A,H,-,A,A,0,Y,,,,Y,,N,60,0,0,0,1,0,0,0,0,0,- ,- ,,,SANTA CLARA,SAN JOSE,-121.8499399,37.32888002
6754160,2014,2/10/15,4313,12/16/14,0714,3609,CHARL,2,5,7,4313,0,0,0,,0,002,SOUTH KING RD,NAVERLY AV,0,,N,B,-,N,,,,,,,,,,N,2,0,1,2,A,-,10,21950,A,N,D,B,B,B,H,-,A,A,0,Y,,,,Y,,-,,1,0,0,0,1,0,0,0,0,- ,- ,,,SANTA CLARA,SAN JOSE,-121.8292605,37.325754000000003
6774157,2014,4/27/15,9340,9/6/14,0152,020589,,6,3,7,4313,0,1,1,,2,681,RT 680,KING RD,1050,S,N,A,-,Y,SCL,4,680,-,M,0.157,R,2,N,N,2,0,1,2,A,-,03,22350,,F,G,B,E,A,H,-,D,D,1,Y,,,,Y,,-,99,1,0,0,0,1,0,0,0,0,- ,- ,37.341119999999997,-121.84905,SANTA CLARA,SAN JOSE,-121.8496921,37.340921969999997
6812060,2015,3/4/15,4313,1/28/15,0808,4372,FOOTH,3,5,7,4313,0,0,0,,0,0P4,NIEMAN BL,EVERDALE DR,0,,Y,A,-,N,,,,,,,,,,N,2,0,1,2,A,-,11,21954,,N,G,B,D,A,H,-,A,D,0,Y,,,,Y,,N,60,1,0,0,0,1,0,0,0,0,- ,- ,,,SANTA CLARA,SAN JOSE,-121.8032699,37.314050080000001
6854295,2014,4/20/15,4313,8/18/14,2015,4359,WESTE,1,5,7,4313,0,0,0,,0,0L4,SENTER RD,OLDHAM WY,64,S,N,A,-,N,,,,,,,,,,N,1,1,0,2,A,-,11,21954,A,F,G,B,D,A,H,-,B,D,0,Y,,,,Y,Y,N,60,0,0,0,1,0,0,0,0,0,- ,- ,,,SANTA CLARA,SAN JOSE,-121.8393573,37.299296179999999
6854386,2014,1/12/16,4313,10/13/14,1959,3561,DM,1,5,7,4313,0,0,0,,0,0M1,MCKEE RD,N 33RD ST,0,,Y,A,-,N,,,,,,,,,,Y,1,1,0,2,-,-,- ,,,F,G,B,B,A,H,-,C,A,0,Y,,,,Y,,-,- ,0,0,0,1,0,0,0,0,0,- ,- ,,,SANTA CLARA,SAN JOSE,-121.8638099,37.355989979999997
6939723,2015,6/16/15,4313,5/21/15,1639,4393,FOOTH,4,5,7,4313,0,0,0,,0,0C3,STORY RD,DIANA AV,0,,Y,A,-,N,,,,,,,,,,N,2,0,1,2,A,-,03,22350,,F,G,B,D,A,H,-,A,-,0,Y,,,,Y,,-,,1,0,0,0,1,0,0,0,0,- ,- ,,,SANTA CLARA,SAN JOSE,-121.8353599,37.345260009999997
6984625,2015,7/14/15,4313,6/28/15,2047,4289,SOUTH,7,5,7,4313,0,0,0,,0,0X2,SENTER RD,CAPITOL EXPWY,300,S,N,A,-,N,,,,,,,,,,,2,0,2,3,A,-,10,21950,A,N,G,B,C,A,H,-,B,B,0,Y,,,,Y,,-,,1,1,0,0,2,0,0,0,0,- ,- ,,,SANTA CLARA,SAN JOSE,-121.8326956,37.292829750000003
7006470,2015,1/15/16,4313,12/19/15,1840,4390,FOOTH,6,5,7,4313,0,0,0,,0,0C2,SOUTH KING RD,WAVERLY AV,0,,Y,A,-,N,,,,,,,,,,Y,1,1,0,2,A,-,11,21453,D,N,G,B,B,A,H,-,C,A,0,Y,,,,Y,,N,60,0,0,0,1,0,0,0,0,0,- ,- ,,,SANTA CLARA,SAN JOSE,-121.8292599,37.32575009
7026690,2015,9/27/16,4313,8/2/15,2209,4187,DX,7,5,7,4313,0,0,0,,0,0X3,HELLYER AV,RIDGEBROOK WY,60,W,N,A,-,N,,,,,,,,,,N,1,1,0,2,A,-,11,21954,A,N,G,B,D,A,H,-,C,D,0,Y,,,,Y,,N,60,0,0,0,1,0,0,0,0,0,- ,- ,,,SANTA CLARA,SAN JOSE,-121.820246,37.284418299999999
7045833,2015,11/2/16,9725,6/23/15,1413,015579,,2,2,7,4313,0,1,2,,2,015,RT 101,BERNAL RD,2112,N,N,A,-,Y,SCL,4,101,-,R,27.47,H,-,N,Y,2,0,2,3,A,-,08,22107,,N,C,C,E,A,H,-,A,D,1,Y,,,,Y,,A,07,1,1,0,0,1,0,0,0,0,- ,- ,37.247700000000002,-121.7786,SANTA CLARA,SAN JOSE,-121.779285,37.24787748
7071377,2015,3/30/17,4313,8/22/15,0614,3319,FOOTH,6,5,7,4313,0,0,0,,0,0C2,KING RD,STORY RD,686,S,N,B,-,N,,,,,,,,,,N,1,1,0,2,D,-,00,,,F,H,B,G,A,H,-,C,A,0,Y,,,,Y,Y,-,- ,0,0,0,1,0,0,0,0,0,- ,- ,,,SANTA CLARA,SAN JOSE,-121.8417821,37.338452140000001
7130170,2015,12/8/15,4313,11/14/15,1618,3967,SOUTH,6,5,7,4313,0,0,0,,0,0A4,BLOSSOM HILL RD,VASSAR DR,0,,Y,A,-,N,,,,,,,,,,N,2,0,1,2,A,-,- ,,,N,-,B,B,A,H,-,A,A,0,Y,,,,Y,,-,,1,0,0,0,1,0,0,0,0,- ,- ,,,SANTA CLARA,SAN JOSE,-121.8925899,37.240710069999999
7150121,2015,8/10/16,4313,12/15/15,1632,3541,CENTR,2,5,7,4313,0,0,0,,0,0R4,HEDDING,MABURY,0,,Y,A,-,N,,,,,,,,,,N,2,0,1,2,A,-,10,21950,A,N,G,B,B,A,H,-,A,A,0,Y,,,,Y,,-,,1,0,0,0,1,0,0,0,0,- ,- ,,,SANTA CLARA,SAN JOSE,-121.88584,37.362879909999997
7190009,2016,2/23/16,4313,1/25/16,0042,4374,SOUTH,1,5,7,4313,0,0,0,,0,0T3,CURTNER AV,RT 87,0,,Y,A,-,Y,SCL,4,87,-,-,2.873,R,4,S,Y,1,1,0,2,A,-,11,21956,A,N,C,B,E,A,H,-,E,D,0,Y,,,,Y,,N,60,0,0,0,1,0,0,0,0,0,- ,- ,,,SANTA CLARA,SAN JOSE,-121.8730698,37.294815329999999
7199986,2016,4/12/17,4313,10/2/16,0057,4415,PAUL,7,5,7,4313,0,0,0,,0,0P2,CAPITOL EXPWY,TULLY RD,150,S,N,A,-,N,,,,,,,,,,N,1,1,0,2,A,-,00,21954,,F,G,B,D,A,H,-,C,A,0,Y,,,,Y,Y,N,60,0,0,0,1,0,0,0,0,0,- ,- ,,,SANTA CLARA,SAN JOSE,-121.8126637,37.330872339999999
7199994,2016,4/12/17,4313,11/11/16,1146,4450,DL,5,5,7,4313,0,0,0,,0,0L4,CURTNER AV,LITTLE ORCHARD,0,,Y,A,-,N,,,,,,,,,,Y,1,1,1,4,A,-,09,21453,,N,C,I,F,A,H,-,A,A,0,Y,,,,Y,,-,,1,0,0,1,1,0,0,0,0,- ,- ,34.180160000000001,-119.19023,SANTA CLARA,SAN JOSE,-121.8665099,37.3000501
7199995,2016,4/7/17,4313,11/10/16,1633,2958,CENTR,4,5,7,4313,0,0,0,,0,0K2,E SANTA CLARA ST,S 4TH ST,0,,Y,A,-,N,,,,,,,,,,Y,1,1,2,4,A,-,01,23152,A,N,D,B,B,A,H,-,A,A,0,Y,,,,Y,Y,-,,0,1,1,1,0,0,0,0,0,- ,- ,,,SANTA CLARA,SAN JOSE,-121.88746,37.337680120000002
7200003,2017,4/10/17,4313,1/18/17,0745,3564,WESTE,3,5,7,4313,0,0,0,,0,0F3,W HEDDING ST,MCALISTER DR,0,,Y,B,-,N,,,,,,,,,,Y,1,1,0,2,A,-,10,21950,C,N,G,B,D,B,H,-,A,D,0,Y,,,,Y,Y,-,,0,0,0,1,0,0,0,0,0,- ,- ,,,SANTA CLARA,SAN JOSE,-121.93611,37.330780070000003
8026189,2016,4/22/16,4313,3/23/16,1458,3821,STHRN,3,5,7,4313,0,0,0,,0,0Y4,BERNAL RD,HEATON MOOR DR,200,S,N,A,-,N,,,,,,,,,,N,2,0,1,2,A,-,03,22350,,N,G,B,E,A,H,-,A,D,0,Y,,,,Y,,A,,1,0,0,0,1,0,0,0,0,- ,- ,,,SANTA CLARA,SAN JOSE,-121.7829139,37.220300590000001
8104125,2016,8/22/16,4313,8/13/16,0135,4407,CENTR,6,5,7,4313,0,0,0,,0,0E4,PIERCE AV,COLTON PL,0,,Y,A,-,N,,,,,,,,,,Y,2,0,1,2,B,-,22,,,N,G,B,D,A,H,-,C,D,0,Y,,,,Y,Y,N,60,1,0,0,0,1,0,0,0,0,- ,- ,,,SANTA CLARA,SAN JOSE,-121.88635,37.326770089999997
8167267,2017,8/23/18,4313,1/24/17,0341,4459,DL,2,5,7,4313,0,0,0,,0,0L3,TULLY RD,SENTER RD,191,W,N,A,-,N,,,,,,,,,,Y,1,1,0,2,A,-,11,21954,A,N,G,B,D,A,H,-,C,D,0,Y,,,,Y,,N,60,0,0,0,1,0,0,0,0,0,- ,- ,,,SANTA CLARA,SAN JOSE,-121.8483026,37.307622180000003
8314387,2017,4/11/17,4313,2/16/17,1717,4340,FOOTH,4,5,7,4313,0,0,0,,0,0W4,N WHITE RD,PATT AV,0,,Y,B,-,N,,,,,,,,,,N,2,0,1,2,A,-,10,21950,A,N,A,B,B,A,H,-,-,D,0,Y,,,,Y,,-,,1,0,0,0,1,0,0,0,0,- ,- ,37.224690000000002,-121.50206,SANTA CLARA,SAN JOSE,-121.8390999,37.379669890000002
8319287,2017,3/6/17,4313,2/21/17,1831,3824,MARY,2,5,7,4313,0,0,0,,0,0M1,N JACKSON AV,MCKEE RD,105,N,N,B,F,N,,,,,,,,,,,2,0,1,2,A,-,11,21956,A,N,-,B,D,A,H,-,C,A,0,Y,,,,Y,,N,60,1,0,0,0,1,0,0,0,0,- ,- ,37.215499999999999,-121.51029,SANTA CLARA,SAN JOSE,-121.8504729,37.365517070000003
8449397,2016,9/11/17,4313,11/29/16,0902,2961,,2,5,7,4313,0,0,0,,0,0V3,NORTH 10TH ST,WASHINGTON ST,0,,Y,A,-,N,,,,,,,,,,Y,2,0,4,3,A,-,09,21802,A,N,D,B,F,A,H,-,A,A,0,Y,,,,Y,,A,01,1,0,3,0,1,0,0,0,0,- ,- ,,,SANTA CLARA,SAN JOSE,-121.88586,37.347200110000003
8537166,2018,1/30/18,4313,1/5/18,2059,4122,WESTE,5,5,7,4313,0,0,0,,0,0L5,SENTER RD,BALTIC WY,0,,-,C,-,N,,,,,,,,,,Y,2,0,1,2,A,-,10,21954,,F,A,B,D,B,H,-,C,D,0,Y,,,,Y,,N,60,1,0,0,0,1,0,0,0,0,- ,- ,,,SANTA CLARA,SAN JOSE,-121.8451996,37.305400848388672
8575200,2018,7/26/18,4313,3/2/18,2037,3877,DR,5,5,7,4313,0,0,0,,0,0R5,HOSTETTER RD,RT 680,0,,Y,C,-,Y,SCL,4,680,-,-,4.625,R,3,S,N,2,0,1,2,A,-,10,21950,A,N,G,B,-,B,H,-,D,D,0,Y,,,,Y,,A,01,1,0,0,0,1,0,0,0,0,- ,- ,,,SANTA CLARA,SAN JOSE,-121.8724594,37.393157958984375
8588720,2018,4/3/18,4313,3/24/18,2140,4464,LINCO,6,5,7,4313,0,0,0,,0,001,S 2ND ST,MARGARET ST,0,,N,B,-,N,,,,,,,,,,Y,2,0,1,2,A,-,11,21954,A,N,G,B,D,D,H,-,C,D,0,Y,,,,Y,,N,60,1,0,0,0,1,0,0,0,0,- ,- ,37.193401336669922,-121.5253677,SANTA CLARA,SAN JOSE,-121.8816299,37.326080322265625
8717465,2018,10/31/18,4313,10/3/18,1930,3298,SOUTH,3,5,7,4313,0,0,0,,0,0Y5,MONTEREY RD,FORSUM RD,0,,Y,A,-,N,,,,,,,,,,N,2,0,1,2,-,-,- ,,,F,B,B,E,A,H,-,D,D,0,Y,,,,Y,,-,- ,1,0,0,0,1,0,0,0,0,- ,- ,,,SANTA CLARA,SAN JOSE,-121.7576828,37.229881286621094
8727071,2018,1/10/19,4313,10/6/18,0930,4456,WESTE,6,5,7,4313,0,0,0,,0,0F3,THE ALAMEDA,RT 880,0,,Y,A,-,Y,SCL,4,880,-,-,1.984,R,4,N,N,2,0,1,2,A,-,10,21950,A,N,A,B,C,A,H,-,A,D,0,Y,,,,Y,,A,01,1,0,0,0,1,0,0,0,0,- ,NO,,,SANTA CLARA,SAN JOSE,-121.927063,37.341655731201172
8758095,2018,2/12/19,4313,12/6/18,1750,4489,XRAY,4,5,7,4313,0,0,0,,0,0X4,BLOSSOM HILL RD,POUGHKEEPSIE RD,0,,Y,A,-,N,,,,,,,,,,,2,0,1,2,A,-,11,21955,,N,A,B,D,A,H,-,C,D,0,Y,,,,Y,Y,N,60,1,0,0,0,1,0,0,0,0,- ,- ,,,SANTA CLARA,SAN JOSE,-121.8077698,37.251930236816406
8772894,2018,1/12/19,4313,12/19/18,0631,3419,FOOTH,3,5,7,4313,0,0,0,,0,M-1,N 33RD ST,BERRYWOOD DR,0,,Y,A,-,N,,,,,,,,,,N,2,0,2,3,A,-,10,21950,,F,G,B,B,A,-,-,B,A,0,Y,,,,Y,,-,,2,0,0,0,2,0,0,0,0,- ,- ,37.212490081787109,-121.5152664,SANTA CLARA,SAN JOSE,-121.8646774,37.356899261474609
8776485,2019,2/2/19,4313,1/9/19,2130,3723,CHARL,3,5,7,4313,0,0,0,,0,0C5,STORY RD,CAPITOL EXPWY,0,,-,A,F,N,,,,,,,,,,Y,2,0,1,2,A,-,11,21955,,N,G,B,D,B,H,-,C,D,0,Y,,,,Y,,N,60,1,0,0,0,1,0,0,0,0,- ,- ,37.213031768798828,-121.4937134,SANTA CLARA,SAN JOSE,-121.8271103,37.350860595703125
8776538,2019,2/2/19,4313,1/8/19,1827,3506,SOUTH,2,5,7,4313,0,0,0,,0,0Y4,GREAT OAKS BL,RALEIGH RD,600,N,N,B,-,N,,,,,,,,,,Y,2,0,1,4,A,-,03,22350,,N,G,B,E,A,H,-,C,D,0,Y,,,,Y,,A,01,1,0,0,0,1,0,0,0,0,- ,- ,,,SANTA CLARA,SAN JOSE,-121.7854156,37.244747161865234
8781049,2019,6/14/19,4313,1/7/19,1814,4676,MARY,1,5,7,4313,0,0,0,,0,0M1,MCKEE RD,EL RANCHO VERDE DR,0,,-,A,-,N,,,,,,,,,,N,1,1,0,2,A,-,11,21456,A,N,G,B,B,A,H,-,C,A,0,Y,,,,Y,,N,60,0,0,0,1,0,0,0,0,0,- ,- ,37.214199066162109,-121.51194,SANTA CLARA,SAN JOSE,-121.8554764,37.361751556396484
8808041,2019,5/25/21,4313,3/6/19,1918,4651,SOUTH,3,5,7,4313,0,0,0,,0,0X1,SNELL AV,CEDARGATE LN,0,,Y,C,-,N,,,,,,,,,,N,1,1,0,2,A,-,11,21954,A,N,G,B,D,B,H,-,C,A,0,Y,,,,Y,Y,N,60,0,0,0,1,0,0,0,0,0,- ,- ,,,SANTA CLARA,SAN JOSE,-121.8308792,37.260780334472656
8808106,2019,4/19/19,4313,4/11/19,0539,4691,PAUL,4,5,7,4313,0,0,0,,0,0P4,NIEMAN BL,LADDIE WY,0,,Y,A,-,N,,,,,,,,,,Y,1,1,0,2,A,-,11,21955,,F,A,B,D,A,H,-,C,A,0,Y,,,,Y,,N,60,0,0,0,1,0,0,0,0,0,- ,- ,37.183738708496094,-121.4818573,SANTA CLARA,SAN JOSE,-121.800499,37.310379028320312
8831672,2019,4/25/19,4313,3/4/19,1937,4475,YELLO,1,5,7,4313,0,0,0,,0,0Y2,SNELL AV,SNELL WY,0,,Y,A,-,N,,,,,,,,,,N,2,0,1,2,A,-,11,21954,A,N,G,B,D,A,H,-,C,A,0,Y,,,,Y,Y,N,60,1,0,0,0,1,0,0,0,0,- ,- ,,,SANTA CLARA,SAN JOSE,-121.830513,37.245830535888672
8844203,2019,4/19/19,4313,4/5/19,1839,4483,X,5,5,7,4313,0,0,0,,0,003,PARK PAXTON PL,PARK GROTON PL,45,S,N,A,-,N,,,,,,,,,,N,2,0,1,3,A,-,00,20001,,N,-,B,-,B,-,-,-,D,0,Y,,,,Y,,-,,1,0,0,0,1,0,0,0,0,- ,- ,,,SANTA CLARA,SAN JOSE,-121.828064,37.269210815429688
8862845,2019,6/5/19,4313,5/11/19,2121,4475,DY,6,5,7,4313,0,0,0,,0,0Y1,SANTA TERESA BL,STEINBECK DR,0,,Y,A,-,N,,,,,,,,,,Y,2,0,1,2,A,-,11,21954,A,N,A,B,D,A,H,-,C,A,0,Y,,,,Y,Y,N,60,1,0,0,0,1,0,0,0,0,- ,- ,37.145271301269531,-121.513298,SANTA CLARA,SAN JOSE,-121.85923,37.247970581054688