CASE_ID,ACCIDENT_YEAR,PROC_DATE,JURIS,COLLISION_DATE,COLLISION_TIME,OFFICER_ID,REPORTING_DISTRICT,DAY_OF_WEEK,CHP_SHIFT,POPULATION,CNTY_CITY_LOC,SPECIAL_COND,BEAT_TYPE,CHP_BEAT_TYPE,CITY_DIVISION_LAPD,CHP_BEAT_CLASS,BEAT_NUMBER,PRIMARY_RD,SECONDARY_RD,DISTANCE,DIRECTION,INTERSECTION,WEATHER_1,WEATHER_2,STATE_HWY_IND,CALTRANS_COUNTY,CALTRANS_DISTRICT,STATE_ROUTE,ROUTE_SUFFIX,POSTMILE_PREFIX,POSTMILE,LOCATION_TYPE,RAMP_INTERSECTION,SIDE_OF_HWY,TOW_AWAY,COLLISION_SEVERITY,NUMBER_KILLED,NUMBER_INJURED,PARTY_COUNT,PRIMARY_COLL_FACTOR,PCF_CODE_OF_VIOL,PCF_VIOL_CATEGORY,PCF_VIOLATION,PCF_VIOL_SUBSECTION,HIT_AND_RUN,TYPE_OF_COLLISION,MVIW,PED_ACTION,ROAD_SURFACE,ROAD_COND_1,ROAD_COND_2,LIGHTING,CONTROL_DEVICE,CHP_ROAD_TYPE,PEDESTRIAN_ACCIDENT,BICYCLE_ACCIDENT,MOTORCYCLE_ACCIDENT,TRUCK_ACCIDENT,NOT_PRIVATE_PROPERTY,ALCOHOL_INVOLVED,STWD_VEHTYPE_AT_FAULT,CHP_VEHTYPE_AT_FAULT,COUNT_SEVERE_INJ,COUNT_VISIBLE_INJ,COUNT_COMPLAINT_PAIN,COUNT_PED_KILLED,COUNT_PED_INJURED,COUNT_BICYCLIST_KILLED,COUNT_BICYCLIST_INJURED,COUNT_MC_KILLED,COUNT_MC_INJURED,PRIMARY_RAMP,SECONDARY_RAMP,LATITUDE,LONGITUDE,COUNTY,CITY,POINT_X,POINT_Y
9327507,2021,9/28/21,4313,9/8/21,0139,4688,DL,3,5,7,4313,0,0,0,,0,0L1,KEYES ST,5TH ST,0,,Y,A,-,N,,,,,,,,,,N,2,0,1,2,A,-,03,22350,,F,G,B,E,A,H,-,C,A,0,Y,,,,Y,,-,,1,0,0,0,1,0,0,0,0,- ,- ,,,SANTA CLARA,SAN JOSE,-121.8740616,37.321712493896484
9327796,2021,10/19/21,4313,9/19/21,0120,4975,YELLO,7,5,7,4313,0,0,0,,0,0Y3,BLOSSOM HILL RD,EAGLES LN,0,,N,A,-,N,,,,,,,,,,N,2,0,1,2,A,-,03,22350,,F,G,B,D,A,H,-,C,A,0,Y,,,,Y,,-,,1,0,0,0,1,0,0,0,0,- ,- ,,,SANTA CLARA,SAN JOSE,-121.8218079,37.25134277
9368997,2021,12/24/21,4313,11/27/21,1409,4695,KING,6,5,7,4313,0,0,0,,0,002,S 10TH ST,E SAN FERNANDO ST,0,,Y,A,-,N,,,,,,,,,,N,2,0,1,2,A,-,10,21950,,N,G,B,B,A,H,-,A,A,0,Y,,,,Y,,-,,1,0,0,0,1,0,0,0,0,- ,- ,,,SANTA CLARA,SAN JOSE,-121.8796768,37.338848114013672
9369720,2021,1/6/22,4313,12/11/21,1746,4672,SOUTH,6,5,7,4313,0,0,0,,0,0X1,CAPITAL EXPWY,SNELL AV,0,,Y,A,-,N,,,,,,,,,,N,2,0,1,2,A,-,00,21954,,N,G,B,D,A,H,-,B,D,0,Y,,,,Y,,N,60,1,0,0,0,1,0,0,0,0,- ,- ,,,SANTA CLARA,SAN JOSE,-121.8420486,37.276973724365234
9387866,2021,1/7/22,4313,12/17/21,1436,4998,X,5,5,7,4313,0,0,0,,0,005,CARRYBACK AV,BENDORF DR,58,E,N,A,-,N,,,,,,,,,,N,2,0,1,2,A,-,10,21950,,F,G,B,E,A,H,-,A,D,0,Y,,,,Y,,-,- ,1,0,0,0,1,0,0,0,0,- ,- ,,,SANTA CLARA,SAN JOSE,-121.8019485,37.259319305419922
9520130,2021,12/19/22,4313,4/28/21,2034,4575,DL,3,5,7,4313,0,0,0,,0,0L4,MONTEREY RD,CURTNER AV,0,W,N,-,-,N,,,,,,,,,,N,1,1,0,2,A,-,11,21955,,F,-,-,-,-,-,-,-,-,0,Y,,,,Y,,N,60,0,0,0,1,0,0,0,0,0,- ,- ,,,SANTA CLARA,SAN JOSE,-121.86129,37.303577423095703
9520137,2021,12/20/22,4313,7/14/21,0227,4453,MARY,3,5,7,4313,0,0,0,,0,002,MCKEE RD,JOSE FIGUERES AV,264,E,N,A,-,N,,,,,,,,,,Y,1,1,0,2,A,-,11,21955,,N,G,B,D,A,H,-,C,D,0,Y,,,,Y,,N,60,0,0,0,1,0,0,0,0,0,- ,- ,,,SANTA CLARA,SAN JOSE,-121.8521652,37.363994598388672
9520152,2021,6/20/23,4313,12/20/21,0659,4933,MARY,1,5,7,4313,0,0,0,,0,0M2,MCKEE RD,RT 680,40,W,N,B,-,Y,SCL,4,680,-,M,2.163,R,4,S,Y,1,1,1,3,A,-,11,21954,A,N,G,B,D,A,H,-,B,D,0,Y,,,,Y,,A,01,0,0,1,1,0,0,0,0,0,- ,- ,,,SANTA CLARA,SAN JOSE,-121.84478,37.365570068359375
5669761,2012,10/3/13,4313,6/8/12,1949,3207,DC,5,5,7,4313,0,0,0,,0,0C3,WAVERLY AV,HURAN,18,S,N,A,-,N,,,,,,,,,,Y,2,0,3,4,A,-,10,21950,A,N,A,B,D,A,H,-,A,A,0,Y,,,,Y,,-,- ,1,0,2,0,3,0,0,0,0,- ,- ,,,SANTA CLARA,SAN JOSE,-121.8271997,37.327092440000001
5775443,2012,12/9/13,4313,9/1/12,2143,3900,CENTR,6,5,7,4313,0,0,0,,0,0R5,FLICKINGER RD,NUNES DR,0,,Y,A,-,N,,,,,,,,,,Y,2,0,2,3,A,-,00,20001,,N,G,B,E,A,H,-,C,A,0,Y,,,,Y,,-,- ,1,1,0,0,2,0,0,0,0,- ,- ,,,SANTA CLARA,SAN JOSE,-121.8779331,37.389764890000002
5861058,2012,12/31/13,4313,11/3/12,1454,3085,FOOTH,6,5,7,4313,0,0,0,,0,0V4,JULIAN ST,N 15TH ST,70,E,N,A,-,N,,,,,,,,,,Y,2,0,1,2,A,-,03,22350,,N,G,B,F,A,H,-,A,A,0,Y,,,,Y,,-,- ,1,0,0,0,1,0,0,0,0,- ,- ,,,SANTA CLARA,SAN JOSE,-121.8793065,37.347433840000001
5861062,2012,3/29/14,4313,11/2/12,1120,3602,FOOTH,5,5,7,4313,0,0,0,,0,0K2,S 10TH ST,SAN ANTONIO ST,0,,Y,A,-,N,,,,,,,,,,Y,2,0,3,4,C,-,18,,,N,B,B,B,A,H,-,A,A,0,Y,,,,Y,,-,- ,1,0,2,0,1,0,0,0,0,- ,- ,,,SANTA CLARA,SAN JOSE,-121.8786231,37.337455009999999
5910243,2012,5/20/13,4313,12/5/12,1745,2765,FOOTH,3,5,7,4313,0,0,0,,0,0P4,SOUTH WHITE RD,STURLA DR,0,,-,B,C,N,,,,,,,,,,N,1,1,0,2,D,-,00,,,F,G,B,D,-,G,H,C,D,0,Y,,,,Y,Y,-,- ,0,0,0,1,0,0,0,0,0,- ,- ,,,SANTA CLARA,SAN JOSE,-121.7963931,37.323095019999997
5911369,2013,1/9/15,9340,9/12/13,2255,20197,,4,3,7,4313,0,1,2,,2,120,RT101,1ST ST,2000,S,N,A,-,Y,SCL,4,101,-,-,38.91,H,-,S,N,1,1,0,2,A,-,11,21954,A,N,G,B,E,A,H,-,C,A,1,Y,,,,Y,Y,N,60,0,0,0,1,0,0,0,0,0,FR,- ,37.369,-121.90958,SANTA CLARA,SAN JOSE,-121.9088457,37.368560700000003
5939238,2012,12/20/13,4313,10/29/12,1552,3897,,1,5,7,4313,0,0,0,,0,0R3,1ST ST,COMPONENT DR,0,,Y,A,-,N,,,,,,,,,,N,2,0,1,2,-,-,- ,,,N,A,B,D,A,H,-,A,A,0,Y,,,,Y,,-,- ,1,0,0,0,1,0,0,0,0,- ,- ,,,SANTA CLARA,SAN JOSE,-121.9254131,37.382724899999999
5939245,2012,12/20/13,4313,10/21/12,0130,4187,DV,7,5,7,4313,0,0,0,,0,0V4,N 11TH ST,E ST JAMES ST,100,S,N,A,-,N,,,,,,,,,,N,2,0,1,2,A,-,00,20001,,F,G,B,D,A,H,-,C,D,0,Y,,,,Y,,-,- ,1,0,0,0,1,0,0,0,0,- ,- ,,,SANTA CLARA,SAN JOSE,-121.8820151,37.343889840000003
5987148,2013,1/23/14,4313,1/2/13,0700,3082,FOOTH,3,5,7,4313,0,0,0,,0,0P2,NORWOOD AV,RUBY AV,0,,Y,A,-,N,,,,,,,,,,N,2,0,1,2,A,-,10,21950,A,N,G,B,B,A,H,-,A,D,0,Y,,,,Y,,-,- ,1,0,0,0,1,0,0,0,0,- ,- ,,,SANTA CLARA,SAN JOSE,-121.782733,37.331704999999999
6152860,2013,4/5/14,4313,8/9/13,2045,3548,WESTE,5,5,7,4313,0,0,0,,0,0E6,S 2ND ST,SANTA CLARA ST,0,E,N,A,-,N,,,,,,,,,,N,2,0,1,2,C,-,18,,,N,G,B,E,A,H,-,C,D,0,Y,,,,Y,Y,-,- ,1,0,0,0,1,0,0,0,0,- ,- ,,,SANTA CLARA,SAN JOSE,-121.889493,37.336685000000003
6182855,2013,1/16/15,4313,8/17/13,1747,3796,DC,6,5,7,4313,0,0,0,,0,0C4,LEEWARD DR,BARLOW AV,0,,Y,B,-,N,,,,,,,,,,Y,1,1,0,2,A,-,21,22106,,N,G,B,E,A,-,-,A,D,0,Y,,,,Y,Y,-,- ,0,0,0,1,0,0,0,0,0,- ,- ,,,SANTA CLARA,SAN JOSE,-121.826763,37.344655099999997
6214861,2013,8/4/14,4313,9/3/13,0936,2918,SOUTH,2,5,7,4313,0,0,0,,0,0T5,ALMADEN EXPWY,FOXWORTHY AV,0,,Y,A,-,N,,,,,,,,,,N,1,1,0,2,A,-,- ,,,N,G,B,D,A,H,-,A,A,0,Y,,,,Y,,N,60,0,0,0,1,0,0,0,0,0,- ,- ,,,SANTA CLARA,SAN JOSE,-121.880133,37.277974999999998
6279324,2013,5/7/14,4313,11/5/13,0611,4011,SOUTH,2,5,7,4313,0,0,0,,0,0A1,RT 85,UNION AV,0,,Y,A,-,Y,SCL,4,85,-,-,9.101,R,3,S,N,2,0,1,2,D,-,00,,,N,G,B,B,A,H,-,B,A,0,Y,,,,Y,,-,- ,1,0,0,0,1,0,0,0,0,SO,- ,,,SANTA CLARA,SAN JOSE,-121.926653,37.250365000000002
6279347,2013,5/5/14,4313,11/4/13,0848,3217,FOOTH,1,5,7,4313,0,0,0,,0,0P5,LOUIS PAUL WY,ALTAMIRA AV,99,W,N,A,-,N,,,,,,,,,,N,2,0,1,2,A,-,03,22350,,N,G,B,D,A,H,-,A,D,0,Y,,,,Y,,-,- ,1,0,0,0,1,0,0,0,0,- ,- ,,,SANTA CLARA,SAN JOSE,-121.7707014,37.320256100000002
6285811,2013,5/8/14,4313,11/20/13,1718,3738,FOOTH,3,5,7,4313,0,0,0,,0,0W4,FRANCIS DR,BELL AV,0,,Y,B,-,N,,,,,,,,,,N,2,0,1,2,A,-,11,21954,A,N,G,B,E,B,H,-,C,D,0,Y,,,,Y,Y,N,60,1,0,0,0,1,0,0,0,0,- ,- ,,,SANTA CLARA,SAN JOSE,-121.839773,37.376934900000002
6290423,2014,12/29/15,4313,4/9/14,0155,3917,SOUTH,3,5,7,4313,0,0,0,,0,0X2,E CAPITOL EXPWY,SEVEN TREES BL,0,,-,A,-,N,,,,,,,,,,,1,1,0,2,-,-,- ,,,F,G,B,D,A,H,-,D,D,0,Y,,,,Y,Y,-,- ,0,0,0,1,0,0,0,0,0,- ,- ,,,SANTA CLARA,SAN JOSE,-121.83421,37.283960059999998
6291184,2014,12/30/15,4313,7/15/14,0725,3174,CENTR,2,5,7,4313,0,0,0,,0,0R5,N JACKSON AV,PORT WY,100,S,N,A,-,N,,,,,,,,,,Y,1,1,1,2,-,-,- ,,,N,G,B,F,A,H,-,A,A,0,Y,,,,Y,,-,- ,0,0,1,1,0,0,0,0,0,- ,- ,,,SANTA CLARA,SAN JOSE,-121.8634159,37.378722609999997
6291409,2014,1/13/16,4313,9/24/14,0030,3583,FOOTH,3,5,7,4313,0,0,0,,0,0P1,TULLY RD,SEACLIFF WY,0,,N,B,-,N,,,,,,,,,,Y,1,1,0,2,-,-,- ,,,N,G,B,D,A,H,-,C,A,0,Y,,,,Y,Y,-,- ,0,0,0,1,0,0,0,0,0,- ,- ,,,SANTA CLARA,SAN JOSE,-121.82741,37.321210020000002
6292105,2014,1/12/16,9340,9/6/14,0140,20533,,6,3,7,4313,0,1,2,,2,110,RT 101,KING RD,1012,N,N,A,-,Y,SCL,4,680,-,M,0.367,R,2,N,Y,1,1,2,4,A,-,03,22350,,N,G,B,E,A,H,-,D,A,1,Y,,,,Y,,A,01,0,0,2,1,1,0,0,0,0,TO,- ,37.340890000000002,-121.84899,SANTA CLARA,SAN JOSE,-121.8468802,37.342838460000003
6352085,2014,6/17/14,4313,1/7/14,1855,4232,LINCO,2,5,7,4313,0,0,0,,0,0L4,SENTER RD,BALFOUR DR,0,,Y,A,-,N,,,,,,,,,,N,2,0,1,2,A,-,03,22350,,N,A,B,C,A,H,-,C,A,0,Y,,,,Y,,-,,1,0,0,0,1,0,0,0,0,- ,- ,,,SANTA CLARA,SAN JOSE,-121.8401799,37.300120010000001
6500795,2014,7/29/14,4313,5/21/14,2139,4351,WESTE,3,5,7,4313,0,0,0,,0,0S1,FRUITDALE,SOUTH BASCOM AV,60,E,N,A,-,N,,,,,,,,,,N,2,0,1,2,A,-,17,21454,A,N,G,B,D,A,H,-,C,A,0,Y,,,,Y,,-,,1,0,0,0,1,0,0,0,0,- ,- ,,,SANTA CLARA,SAN JOSE,-121.9316173,37.310709279999998
6621276,2014,10/1/14,4313,9/2/14,1244,3226,CENTR,2,5,7,4313,0,0,0,,0,0L1,KEYES ST,S 12TH ST,0,,Y,A,-,N,,,,,,,,,,N,2,0,1,2,A,-,11,21955,,N,G,B,D,A,H,-,A,A,0,Y,,,,Y,,N,60,1,0,0,0,1,0,0,0,0,- ,- ,,,SANTA CLARA,SAN JOSE,-121.8668099,37.325110049999999
6718169,2014,3/11/15,9725,10/26/14,1930,19331,,7,2,7,4313,0,1,2,,2,015,RT101,BERNAL RD,2112,S,N,A,-,Y,SCL,4,101,-,R,26.6,H,-,S,Y,1,1,1,2,A,-,11,21956,A,N,G,B,E,A,H,-,D,D,1,Y,,,,Y,Y,N,60,0,0,1,1,0,0,0,0,0,- ,- ,37.238500000000002,-121.7628,SANTA CLARA,SAN JOSE,-121.7664471,37.240230959999998
6758137,2014,1/23/15,4313,11/26/14,1732,2774,CENTR,3,5,7,4313,0,0,0,,0,0E1,STOCKTON AV,LENZEN AV,0,,Y,A,-,N,,,,,,,,,,,2,0,1,2,A,-,10,21950,A,N,G,B,B,A,H,-,C,A,0,Y,,,,Y,,-,,1,0,0,0,1,0,0,0,0,- ,- ,,,SANTA CLARA,SAN JOSE,-121.9092399,37.336840080000002
6775532,2014,2/10/15,4313,12/23/14,1836,4361,WILLI,2,5,7,4313,0,0,0,,0,001,HOSTETTER RD,WALKINGSHAW WY,51,E,N,A,-,N,,,,,,,,,,N,2,0,1,2,A,-,03,22350,,N,G,B,E,A,H,-,C,D,0,Y,,,,Y,,N,60,1,0,0,0,1,0,0,0,0,- ,- ,,,SANTA CLARA,SAN JOSE,-121.8598366,37.403713240000002
6797004,2015,2/24/15,4313,1/23/15,1616,2951,CENTR,5,5,7,4313,0,0,0,,0,K-4,E JULIAN ST,PERUKA PL,0,,Y,A,-,N,,,,,,,,,,Y,2,0,1,2,A,-,11,21954,A,N,G,B,D,A,H,-,A,D,0,Y,,,,Y,,N,60,1,0,0,0,1,0,0,0,0,- ,- ,,,SANTA CLARA,SAN JOSE,-121.8709,37.351229930000002
6854374,2014,1/13/16,4313,10/3/14,0013,4344,WESTE,5,5,7,4313,0,0,0,,0,0L4,SENTER RD,BALTIC WY,0,,Y,A,-,N,,,,,,,,,,N,1,1,0,5,D,-,00,,,F,G,B,E,A,H,-,C,D,0,Y,,,,Y,,-,- ,0,0,0,1,0,0,0,0,0,- ,- ,,,SANTA CLARA,SAN JOSE,-121.8451999,37.305400040000002
6887085,2015,11/2/16,4313,4/15/15,1845,4308,SOUTH,3,5,7,4313,0,0,0,,0,0X5,RT 101,BLOSSOM HILL RD,0,,Y,A,-,Y,SCL,4,101,-,R,28.911,R,1,S,N,2,0,1,2,A,-,10,21950,A,N,G,B,B,A,H,-,A,A,0,Y,,,,Y,,-,,1,0,0,0,1,0,0,0,0,SF,- ,,,SANTA CLARA,SAN JOSE,-121.7995854,37.260554749999997
7003162,2015,8/17/15,4313,7/5/15,0956,4216,SOUTH,7,5,7,4313,0,0,0,,0,0X2,SENTER RD,NOKOMIS DR,0,,Y,A,-,N,,,,,,,,,,N,2,0,1,2,A,-,08,22107,,N,G,B,B,A,H,-,A,A,0,Y,,,,Y,,-,,1,0,0,0,1,0,0,0,0,- ,- ,,,SANTA CLARA,SAN JOSE,-121.8234699,37.282360099999998
7020340,2015,8/27/15,4313,7/18/15,2303,4372,FOOTH,6,5,7,4313,0,0,0,,0,0C5,OCALA AV,RIDGEMONT DR,0,W,N,A,-,N,,,,,,,,,,Y,2,0,1,3,A,-,01,23153,A,N,A,B,E,A,H,-,C,D,0,Y,,,,Y,Y,-,,1,0,0,0,1,0,0,0,0,- ,- ,,,SANTA CLARA,SAN JOSE,-121.8123299,37.343370040000003
7087806,2015,10/15/15,4313,9/25/15,0224,4034,DC,5,5,7,4313,0,0,0,,0,0CB,STORY RD,HOPKINS DR,32,E,N,A,-,N,,,,,,,,,,N,2,0,1,2,A,-,11,21954,A,N,-,B,D,A,H,-,D,A,0,Y,,,,Y,Y,-,- ,1,0,0,0,1,0,0,0,0,- ,- ,,,SANTA CLARA,SAN JOSE,-121.8375167,37.343787499999998
7130165,2015,1/28/17,4313,11/8/15,2058,3906,,7,5,7,4313,0,0,0,,0,0N3,SARATOGA AV,RT 280,0,,Y,B,-,Y,SCL,4,280,-,-,6.131,R,1,S,,2,0,1,2,A,-,10,21950,A,N,-,B,B,B,H,-,C,A,0,Y,,,,Y,,-,,1,0,0,0,1,0,0,0,0,- ,SF,,,SANTA CLARA,SAN JOSE,-121.9781217,37.317884110000001
7190088,2016,3/28/16,4313,3/5/16,2207,4373,CENTR,6,5,7,4313,0,0,0,,0,0R4,10TH ST,COMMERCIAL ST,0,N,N,C,-,N,,,,,,,,,,N,1,1,0,2,D,-,00,,,F,A,B,-,B,H,-,C,D,0,Y,,,,Y,Y,-,- ,0,0,0,1,0,0,0,0,0,- ,- ,,,SANTA CLARA,SAN JOSE,-121.89706,37.362189919999999
7200140,2017,6/8/17,4313,4/14/17,1058,3180,WEST,5,5,7,4313,0,0,0,,0,0N3,WILLIAMS RD,CAMELLIA WY,0,,Y,A,-,N,,,,,,,,,,Y,1,1,0,2,A,-,10,21950,,N,G,B,D,A,H,-,A,D,0,Y,,,,Y,,-,,0,0,0,1,0,0,0,0,0,- ,- ,37.182969999999997,-121.58227,SANTA CLARA,SAN JOSE,-121.973,37.308240060000003
7206896,2016,4/12/16,4313,2/26/16,1619,4399,KING,5,5,7,4313,0,0,0,,0,0K4,E SAN ANTONIO ST,S 28TH ST,0,,Y,A,-,N,,,,,,,,,,Y,2,0,1,2,A,-,- ,,,N,G,B,D,A,H,-,B,D,0,Y,,,,Y,Y,-,- ,1,0,0,0,1,0,0,0,0,- ,- ,,,SANTA CLARA,SAN JOSE,-121.8617999,37.345540079999999
8013445,2016,4/14/16,4313,3/6/16,1903,4420,WILLI,7,5,7,4313,0,0,0,,0,0W4,N WHITE RD,ALVIENA DR,0,,Y,C,-,N,,,,,,,,,,N,2,0,1,2,A,-,11,21954,A,N,A,B,D,B,H,-,C,D,0,Y,,,,Y,,N,60,1,0,0,0,1,0,0,0,0,- ,- ,,,SANTA CLARA,SAN JOSE,-121.83718,37.377169969999997
8086242,2016,7/25/16,4313,5/20/16,1332,3307,FRANK,5,5,7,4313,0,0,0,,0,0F3,EMORY ST,CHAPMAN ST,63,E,N,A,-,N,,,,,,,,,,Y,2,0,2,3,A,-,03,22350,,N,B,B,E,A,H,-,A,A,0,Y,,,,Y,,-,,1,1,0,0,1,0,0,0,0,- ,- ,,,SANTA CLARA,SAN JOSE,-121.9239226,37.336428949999998
8097148,2016,8/15/16,4313,8/4/16,1256,3131,R,4,5,7,4313,0,0,0,,0,005,BERRYESSA RD,JACKSON AV,50,W,N,A,-,N,,,,,,,,,,Y,2,0,1,2,A,-,08,22107,,N,E,B,F,A,H,-,A,A,0,Y,,,,Y,,-,,1,0,0,0,1,0,0,0,0,- ,- ,,,SANTA CLARA,SAN JOSE,-121.8675234,37.379640170000002
8128974,2016,11/22/16,4313,9/15/16,2311,4079,WESTE,4,5,7,4313,0,0,0,,0,0S1,FRUITDALE,LEIGH,0,,Y,A,-,N,,,,,,,,,,Y,2,0,1,2,A,-,12,21453,A,N,G,B,B,A,H,-,C,A,0,Y,,,,Y,Y,-,,1,0,0,0,1,0,0,0,0,- ,- ,,,SANTA CLARA,SAN JOSE,-121.9232599,37.310699999999997
8166618,2016,9/26/18,4313,8/26/16,2050,4117,CENTR,5,5,7,4313,0,0,0,,0,0K5,MCLAUGHLIN AV,MELBOURNE BL,0,,Y,A,-,N,,,,,,,,,,Y,1,1,0,2,A,-,11,21955,,N,A,B,D,A,H,-,C,D,0,Y,,,,Y,,N,60,0,0,0,1,0,0,0,0,0,- ,- ,,,SANTA CLARA,SAN JOSE,-121.8590199,37.33811008
8167072,2018,1/9/19,4313,2/5/18,1625,3876,WESTE,1,5,7,4313,0,0,0,,0,0L6,MCLAUGHLIN AV,BELLINGHAM DR,0,,Y,A,-,N,,,,,,,,,,Y,1,1,0,2,A,-,17,21451,A,N,G,B,B,A,H,-,B,A,0,Y,,,,Y,,-,,0,0,0,1,0,0,0,0,0,- ,- ,37.182720184326172,-121.4944763,SANTA CLARA,SAN JOSE,-121.8291473,37.307529449462891
8167128,2017,4/8/19,4313,3/26/17,0023,4467,L,7,5,7,4313,0,0,0,,0,004,MONTEREY RD,STAUFFER BL,0,,Y,A,-,N,,,,,,,,,,N,1,1,0,2,A,-,11,21954,A,F,G,B,-,A,H,-,C,A,0,Y,,,,Y,Y,N,60,0,0,0,1,0,0,0,0,0,- ,- ,,,SANTA CLARA,SAN JOSE,-121.86603,37.308350060000002
8167244,2017,4/9/19,4313,8/30/17,0629,4491,WESTE,3,5,7,4313,0,0,0,,0,0L5,E CAPITOL EXPWY,TUERS RD,0,,Y,A,-,N,,,,,,,,,,,1,1,0,2,A,-,17,21658,,F,G,B,-,A,H,-,D,-,0,Y,,,,Y,Y,-,,0,0,0,1,0,0,0,0,0,- ,- ,37.175629999999998,-121.4924,SANTA CLARA,SAN JOSE,-121.8241699,37.298710069999998
8307262,2017,3/6/17,4313,2/26/17,2151,4272,,7,5,7,4313,0,0,0,,0,0A3,BRANHAM LN,JOSEPH SPECIALE DR,0,,-,B,-,N,,,,,,,,,,N,2,0,1,2,A,-,- ,,,N,-,B,E,A,H,-,C,D,0,Y,,,,Y,,-,,1,0,0,0,1,0,0,0,0,- ,- ,37.155700000000003,-121.51478,SANTA CLARA,SAN JOSE,-121.86335,37.26576
8348935,2017,11/16/18,4313,4/10/17,2051,4327,FOOTH,1,5,7,4313,0,0,0,,0,0P3,E CAPITOL EXPWY,NIEMAN BL,0,,Y,B,-,N,,,,,,,,,,Y,1,1,0,2,A,-,12,21453,A,N,G,B,D,A,H,-,C,A,0,Y,,,,Y,,A,01,0,0,0,1,0,0,0,0,0,- ,- ,,,SANTA CLARA,SAN JOSE,-121.8078499,37.316150090000001
8352097,2017,5/4/17,4313,4/3/17,1642,3835,XRAY,1,5,7,4313,0,0,0,,0,0X2,MONTEREY RD,CAPITOL,0,,-,A,-,N,,,,,,,,,,Y,2,0,3,4,A,-,00,23123,,N,A,I,F,A,-,-,A,D,0,Y,,,,Y,,-,,1,0,2,0,3,0,0,0,0,- ,- ,37.164540000000002,-121.50113,SANTA CLARA,SAN JOSE,-121.8373799,37.279960060000001
8358994,2017,5/8/17,4313,4/27/17,2307,4340,CENTR,4,5,7,4313,0,0,0,,0,0L4,MONTEREY RD,TULLY RD,146,S,N,A,-,N,,,,,,,,,,Y,2,0,1,2,A,-,11,21954,A,F,A,B,D,A,H,-,C,A,0,Y,,,,Y,,N,60,1,0,0,0,1,0,0,0,0,- ,- ,37.1813,-121.51401,SANTA CLARA,SAN JOSE,-121.8609809,37.30326419
8390346,2016,7/11/17,4313,10/12/16,2120,3539,TOM,3,5,7,4313,0,0,0,,0,005,FOXWORTHY AV,FOXSTONE CT,14,E,N,A,-,N,,,,,,,,,,N,2,0,1,2,A,-,11,21956,,N,G,B,D,A,H,-,C,D,0,Y,,,,Y,,N,60,1,0,0,0,1,0,0,0,0,- ,- ,,,SANTA CLARA,SAN JOSE,-121.888194,37.275881349999999
8404509,2017,9/23/17,4313,4/3/17,2007,3520,SOUTH,1,5,7,4313,0,0,0,,0,0X5,MONTEREY RD,ROEDER RD,200,S,N,A,-,N,,,,,,,,,,Y,1,1,1,2,A,-,11,21954,A,N,G,B,D,A,H,-,C,-,0,Y,,,,Y,,N,60,0,0,1,1,0,0,0,0,0,- ,- ,,,SANTA CLARA,SAN JOSE,-121.8094882,37.260002370000002
8447878,2017,4/9/18,4313,9/8/17,1257,2945,DT,5,5,7,4313,0,0,0,,0,0T3,CURTNER AV,RT 87,6,E,N,A,-,Y,SCL,4,87,-,-,3.033,R,4,S,N,2,0,1,2,A,-,06,21755,,F,G,B,F,A,H,-,A,A,0,Y,,,,Y,,-,,1,0,0,0,1,0,0,0,0,- ,SF,,,SANTA CLARA,SAN JOSE,-121.8739698,37.297061919999997
8450024,2017,9/27/17,4313,9/7/17,1853,3342,DF,4,5,7,4313,0,0,0,,0,0F4,W SAN CARLOS ST,RACE ST,0,W,N,A,-,N,,,,,,,,,,N,2,0,1,2,A,-,11,21950,B,N,G,B,D,A,H,-,A,A,0,Y,,,,Y,,N,60,1,0,0,0,1,0,0,0,0,- ,- ,37.192459999999997,-121.54409,SANTA CLARA,SAN JOSE,-121.9114399,37.323570080000003
8465636,2018,2/19/19,4313,9/20/18,1930,4580,XRAY,4,5,7,4313,0,0,0,,0,0X1,VISTAPARK DR,GREYMONT DR,0,,Y,A,-,N,,,,,,,,,,N,1,1,0,2,A,-,10,21950,C,F,G,B,D,A,H,-,B,D,0,Y,,,,Y,,-,,0,0,0,1,0,0,0,0,0,- ,- ,,,SANTA CLARA,SAN JOSE,-121.8542633,37.27819824
8465772,2018,5/8/19,4313,9/6/18,2105,4602,FOOTH,4,5,7,4313,0,0,0,,0,0C5,WHITE RD,ROCKY MOUNTAIN DR,0,,Y,A,-,N,,,,,,,,,,N,1,1,1,2,A,-,11,21456,A,N,G,B,B,A,H,-,C,A,0,Y,,,,Y,,N,60,0,1,0,1,0,0,0,0,0,- ,- ,,,SANTA CLARA,SAN JOSE,-121.8104019,37.346549987792969
8535228,2018,1/23/18,4313,1/7/18,1805,3858,SOUTH,7,5,7,4313,0,0,0,,0,0T4,ROSS AV,LANCASTER DR,0,,Y,B,-,N,,,,,,,,,,N,2,0,1,2,A,-,03,22350,,F,B,B,E,A,H,-,C,D,0,Y,,,,Y,,-,,1,0,0,0,1,0,0,0,0,- ,- ,,,SANTA CLARA,SAN JOSE,-121.9150467,37.261138916015625
8537162,2018,1/30/18,4313,1/6/18,2025,3906,WESTE,6,5,7,4313,0,0,0,,0,0N6,SARATOGA AV,LOS FELICE DR,100,S,N,A,-,N,,,,,,,,,,N,2,0,1,2,A,-,11,21956,A,N,C,B,E,A,H,-,C,D,0,Y,,,,Y,Y,N,60,1,0,0,0,1,0,0,0,0,- ,- ,,,SANTA CLARA,SAN JOSE,-121.9862061,37.296737670898438
8547399,2018,2/12/18,4313,2/1/18,1343,2780,DV,4,5,7,4313,0,0,0,,0,0V2,E TAYLOR ST,N 6TH ST,0,,Y,A,-,N,,,,,,,,,,N,2,0,1,2,A,-,10,21950,A,N,G,B,B,A,H,-,A,A,0,Y,,,,Y,,-,,1,0,0,0,1,0,0,0,0,- ,- ,37.215858459472656,-121.5341415,SANTA CLARA,SAN JOSE,-121.8948822,37.351619720458984