CASE_ID,ACCIDENT_YEAR,PROC_DATE,JURIS,COLLISION_DATE,COLLISION_TIME,OFFICER_ID,REPORTING_DISTRICT,DAY_OF_WEEK,CHP_SHIFT,POPULATION,CNTY_CITY_LOC,SPECIAL_COND,BEAT_TYPE,CHP_BEAT_TYPE,CITY_DIVISION_LAPD,CHP_BEAT_CLASS,BEAT_NUMBER,PRIMARY_RD,SECONDARY_RD,DISTANCE,DIRECTION,INTERSECTION,WEATHER_1,WEATHER_2,STATE_HWY_IND,CALTRANS_COUNTY,CALTRANS_DISTRICT,STATE_ROUTE,ROUTE_SUFFIX,POSTMILE_PREFIX,POSTMILE,LOCATION_TYPE,RAMP_INTERSECTION,SIDE_OF_HWY,TOW_AWAY,COLLISION_SEVERITY,NUMBER_KILLED,NUMBER_INJURED,PARTY_COUNT,PRIMARY_COLL_FACTOR,PCF_CODE_OF_VIOL,PCF_VIOL_CATEGORY,PCF_VIOLATION,PCF_VIOL_SUBSECTION,HIT_AND_RUN,TYPE_OF_COLLISION,MVIW,PED_ACTION,ROAD_SURFACE,ROAD_COND_1,ROAD_COND_2,LIGHTING,CONTROL_DEVICE,CHP_ROAD_TYPE,PEDESTRIAN_ACCIDENT,BICYCLE_ACCIDENT,MOTORCYCLE_ACCIDENT,TRUCK_ACCIDENT,NOT_PRIVATE_PROPERTY,ALCOHOL_INVOLVED,STWD_VEHTYPE_AT_FAULT,CHP_VEHTYPE_AT_FAULT,COUNT_SEVERE_INJ,COUNT_VISIBLE_INJ,COUNT_COMPLAINT_PAIN,COUNT_PED_KILLED,COUNT_PED_INJURED,COUNT_BICYCLIST_KILLED,COUNT_BICYCLIST_INJURED,COUNT_MC_KILLED,COUNT_MC_INJURED,PRIMARY_RAMP,SECONDARY_RAMP,LATITUDE,LONGITUDE,COUNTY,CITY,POINT_X,POINT_Y
6573656,2014,8/27/14,3404,7/26/14,1433,8129,,6,5,7,3404,0,0,0,,0,04A,BROADWAY,28TH ST,110,W,N,A,-,N,,,,,,,,,,Y,2,0,1,2,A,-,11,21954,A,N,G,B,D,A,H,-,A,D,0,Y,,,,Y,,N,60,1,0,0,0,1,0,0,0,0,- ,- ,,,SACRAMENTO,SACRAMENTO,-121.4768744,38.557476800000003
6583308,2014,9/2/14,9250,7/2/14,2245,016141,,3,3,7,3404,0,2,4,,1,046,ARDEN WAY,LADINO RD,0,,Y,A,-,N,,,,,,,,,,Y,2,0,2,3,A,-,01,23152,A,N,G,B,E,A,D,-,C,A,0,Y,,,,Y,Y,A,01,2,0,0,0,2,0,0,0,0,- ,- ,,,SACRAMENTO,SACRAMENTO,-121.37089,38.59564992
6606100,2014,12/29/15,9250,5/6/14,2129,18115,,2,2,7,3404,0,1,3,,2,152,RT 51,AUBURN BL,3,S,N,A,-,Y,SAC,3,51,-,-,7.51,H,-,S,Y,1,1,1,2,A,-,11,21954,A,N,G,B,D,A,H,-,C,D,1,Y,,,,Y,Y,N,60,0,1,0,1,0,0,0,0,0,- ,- ,,,SACRAMENTO,SACRAMENTO,-121.3894973,38.635064079999999
6632636,2014,5/3/16,9250,8/3/14,2047,018115,,7,2,7,3404,0,1,1,,2,181,RT 80,W EL CAMINO AV OC,1880,W,N,A,-,Y,SAC,3,80,-,M,1,H,-,W,N,2,0,1,2,A,-,11,21954,A,N,G,B,E,A,D,-,D,D,1,Y,,,,Y,,N,60,1,0,0,0,1,0,0,0,0,- ,- ,,,SACRAMENTO,SACRAMENTO,-121.5394002,38.611177740000002
6677985,2014,12/12/14,3404,10/20/14,0732,8204,,1,5,7,3404,0,0,0,,0,,STOCKTON BL,48TH AV,1,S,N,A,-,N,,,,,,,,,,Y,2,0,1,2,A,-,03,22350,,N,G,B,F,A,H,-,A,D,0,Y,,,,Y,,A,01,1,0,0,0,1,0,0,0,0,- ,- ,,,SACRAMENTO,SACRAMENTO,-121.4353989,38.509477410000002
6718467,2014,12/11/14,3404,11/3/14,1623,647,,1,5,7,3404,0,0,0,,0,05B,FRANKLIN BL,MACK RD,10,N,N,A,-,N,,,,,,,,,,N,1,1,0,2,D,-,00,,,N,G,B,B,A,H,-,A,A,0,Y,,,Y,Y,,-,- ,0,0,0,1,0,0,0,0,0,- ,- ,,,SACRAMENTO,SACRAMENTO,-121.4504496,38.47442641
6718737,2017,3/27/18,3404,1/1/17,0026,0331,2,7,5,7,3404,0,0,0,,0,02B,RIO LINDA BL,ALAMOS AV,68,S,N,B,G,N,,,,,,,,,,N,1,1,0,2,D,-,00,,,F,G,B,E,A,H,-,C,D,0,Y,,,,Y,Y,-,- ,0,0,0,1,0,0,0,0,0,- ,- ,,,SACRAMENTO,SACRAMENTO,-121.446171,38.619983259999998
6726248,2014,5/3/16,9250,9/14/14,0200,16290,,7,3,7,3404,0,1,1,,2,182,RT 80,TRUXEL RD,1880,E,N,A,-,Y,SAC,3,80,-,M,4,H,-,E,N,2,0,1,2,A,-,11,21956,A,F,G,B,E,A,D,-,C,D,1,Y,,,,Y,Y,N,60,1,0,0,0,1,0,0,0,0,FR,- ,38.636749999999999,-121.49437,SACRAMENTO,SACRAMENTO,-121.4946951,38.636630590000003
6762583,2014,2/9/15,3404,12/12/14,0021,8204,,5,5,7,3404,0,0,0,,0,,NORTH C ST,AHERN ST,0,,Y,A,-,N,,,,,,,,,,N,2,0,1,2,A,-,11,21950,B,N,G,B,B,B,H,-,C,A,0,Y,,,,Y,,N,60,1,0,0,0,1,0,0,0,0,- ,- ,,,SACRAMENTO,SACRAMENTO,-121.4820199,38.590709959999998
6774503,2015,2/20/15,3404,1/5/15,1927,8129,,1,5,7,3404,0,0,0,,0,02C,ARDEN WY,EMPRESS ST,0,,Y,A,-,N,,,,,,,,,,N,2,0,1,2,A,-,11,21955,,N,B,B,D,A,H,-,C,D,0,Y,,,,Y,,N,60,1,0,0,0,1,0,0,0,0,- ,- ,,,SACRAMENTO,SACRAMENTO,-121.44735,38.606409990000003
6792917,2015,2/25/15,3404,1/20/15,1840,8178,P5,2,5,7,3404,0,0,0,,0,05C,VALLEY HI DR,MACK RD,525,S,N,A,-,N,,,,,,,,,,N,2,0,1,2,A,-,11,21954,A,N,A,B,D,A,H,-,D,D,0,Y,,,,Y,Y,N,60,1,0,0,0,1,0,0,0,0,- ,- ,,,SACRAMENTO,SACRAMENTO,-121.42714,38.472728519999997
6802287,2015,2/26/15,3404,1/26/15,2053,8129,,1,5,7,3404,0,0,0,,0,02A,RIO LINDA BL,BELL AV,1043,N,N,A,-,N,,,,,,,,,,N,2,0,1,2,A,-,11,21956,,N,G,B,E,A,H,-,D,D,0,Y,,,,Y,Y,N,60,1,0,0,0,1,0,0,0,0,- ,- ,,,SACRAMENTO,SACRAMENTO,-121.44775,38.650434300000001
6842252,2015,3/26/15,3404,3/18/15,2031,0791,4,3,5,7,3404,0,0,0,,0,04A,13TH ST,X ST,74,S,N,A,-,N,,,,,,,,,,N,2,0,1,2,A,-,11,21954,A,N,G,B,E,A,H,-,D,D,0,Y,,,,Y,,N,60,1,0,0,0,1,0,0,0,0,- ,- ,,,SACRAMENTO,SACRAMENTO,-121.4959563,38.563575800000002
6854218,2015,4/20/17,9252,1/31/15,0152,19040,,6,3,7,3404,0,1,2,,2,150,RT 50,RT 51,0,,N,A,-,Y,SAC,3,50,-,L,2.345,R,2,E,Y,1,1,2,2,A,-,01,23152,A,N,G,B,F,A,H,-,C,D,1,Y,,,,Y,Y,A,01,1,0,1,1,0,0,0,0,0,TO,- ,38.559800000000003,-121.4722,SACRAMENTO,SACRAMENTO,-121.475914,38.558963069999997
6855442,2015,4/3/15,3404,3/13/15,1730,0554,2,5,5,7,3404,0,0,0,,0,00B,SILVER EAGLE RD,NORWOOD AV,0,,Y,A,-,N,,,,,,,,,,N,2,0,1,2,A,-,10,21950,,F,H,B,B,A,H,-,A,A,0,Y,,,,Y,,A,01,1,0,0,0,1,0,0,0,0,- ,- ,,,SACRAMENTO,SACRAMENTO,-121.4569099,38.630159919999997
6864105,2015,4/8/15,3404,3/16/15,2059,8204,5,1,5,7,3404,0,0,0,,0,00C,MACK RD,CENTER PKWY,410,W,N,A,-,N,,,,,,,,,,Y,2,0,1,2,A,-,11,21955,,N,G,B,D,A,H,-,C,D,0,Y,,,,Y,,N,60,1,0,0,0,1,0,0,0,0,- ,- ,,,SACRAMENTO,SACRAMENTO,-121.4384323,38.474329240000003
6920774,2015,11/5/16,9252,4/9/15,0430,17258,,4,3,7,3404,0,1,3,,2,193,RT 51,CAPITOL AV,24,N,N,A,-,Y,SAC,3,51,-,-,0.81,H,-,S,N,2,0,1,2,A,-,00,21960,A,N,G,B,E,A,H,-,C,D,1,Y,,,,Y,Y,N,60,1,0,0,0,1,0,0,0,0,- ,- ,38.570059999999998,-121.46868,SACRAMENTO,SACRAMENTO,-121.4688341,38.569974539999997
6928799,2015,6/9/15,3404,5/13/15,2050,648,,3,5,7,3404,0,0,0,,0,05C,MACK RD,ALTA VALLEY,106,E,N,A,-,N,,,,,,,,,,,2,0,1,2,A,-,11,21956,B,N,G,B,D,-,H,-,C,D,0,Y,,,,Y,,N,60,1,0,0,0,1,0,0,0,0,- ,- ,,,SACRAMENTO,SACRAMENTO,-121.4253197,38.474202939999998
6988220,2015,7/28/15,3404,7/1/15,0614,8123,,3,5,7,3404,0,0,0,,0,01C,NORTHGATE BL,W SILVER EAGLE RD,449,N,N,A,-,N,,,,,,,,,,N,2,0,1,2,A,-,11,21954,A,N,G,B,D,A,H,-,B,D,0,Y,,,,Y,Y,N,60,1,0,0,0,1,0,0,0,0,- ,- ,,,SACRAMENTO,SACRAMENTO,-121.47554,38.631603060000003
7004483,2015,8/18/15,3404,7/31/15,2202,755,3,5,5,7,3404,0,0,0,,0,00M,I ST,4TH ST,18,E,N,A,-,N,,,,,,,,,,N,2,0,1,2,A,-,12,21453,A,F,G,B,B,A,H,-,C,A,0,Y,,,,Y,Y,A,01,1,0,0,0,1,0,0,0,0,- ,- ,,,SACRAMENTO,SACRAMENTO,-121.4475408,38.57000309
7004528,2015,8/17/15,3404,7/28/15,0530,8168,6,2,5,7,3404,0,0,0,,0,00C,STOCKTON BL,LEMON HILL AV,0,,Y,A,-,N,,,,,,,,,,N,2,0,1,2,A,-,12,21453,A,F,G,B,B,A,H,-,B,A,0,Y,,,,Y,,-,,1,0,0,0,1,0,0,0,0,- ,- ,,,SACRAMENTO,SACRAMENTO,-121.43837,38.515819989999997
7006537,2015,12/30/15,3404,11/12/15,1936,0784,4,4,5,7,3404,0,0,0,,0,04A,FREEPORT BL,16TH AV,35,N,N,A,-,N,,,,,,,,,,N,1,1,0,2,A,-,11,21954,A,N,G,B,D,A,H,-,C,D,0,Y,,,,Y,,N,60,0,0,0,1,0,0,0,0,0,- ,- ,,,SACRAMENTO,SACRAMENTO,-121.4933412,38.53667342
7006670,2015,3/30/17,3404,8/22/15,2236,0784,5,6,5,7,3404,0,0,0,,0,05B,MEADOWVIEW RD,SHINING STAR DR,0,,Y,A,-,N,,,,,,,,,,N,1,1,0,2,D,-,00,,,F,G,B,E,A,H,-,C,D,0,Y,,,,Y,,-,- ,0,0,0,1,0,0,0,0,0,- ,- ,,,SACRAMENTO,SACRAMENTO,-121.46448,38.481549940000001
7070779,2015,9/19/15,3404,8/26/15,2233,218,5,3,5,7,3404,0,0,0,,0,,COSUMNES RIVER BL,TARGET ENTRANCE,8,W,N,A,-,N,,,,,,,,,,N,2,0,1,2,A,-,11,21955,,N,G,B,E,A,H,-,C,D,0,Y,,,,Y,,N,60,1,0,0,0,1,0,0,0,0,- ,- ,,,SACRAMENTO,SACRAMENTO,-121.415433,38.457424770000003
7109505,2015,11/17/15,3404,11/8/15,0205,823,1,7,5,7,3404,0,0,0,,0,01C,NORMINGTON DR,NORLAND DR,58,N,N,A,-,N,,,,,,,,,,Y,2,0,1,2,A,-,17,21663,,F,G,B,F,A,H,-,C,D,0,Y,,,,Y,,A,01,1,0,0,0,1,0,0,0,0,- ,- ,,,SACRAMENTO,SACRAMENTO,-121.4778852,38.626898859999997
7138823,2015,12/28/15,3404,12/20/15,1816,883,4,7,5,7,3404,0,0,0,,0,00A,LAND PARK DR,MARTY WY,24,S,N,B,C,N,,,,,,,,,,N,2,0,1,2,A,-,10,21950,A,N,G,B,B,B,H,-,C,D,0,Y,,,,Y,,A,01,1,0,0,0,1,0,0,0,0,- ,- ,,,SACRAMENTO,SACRAMENTO,-121.4937218,38.561085820000002
7142632,2015,1/14/16,3404,12/30/15,1925,0319,,3,5,7,3404,0,0,0,,0,,RIO LINDA BL,PRICE CT,0,,Y,A,-,N,,,,,,,,,,N,2,0,1,2,A,-,11,21950,B,N,G,B,B,A,H,-,C,D,0,Y,,,,Y,Y,N,60,1,0,0,0,1,0,0,0,0,- ,- ,,,SACRAMENTO,SACRAMENTO,-121.4461799,38.618009899999997
7158981,2016,2/5/16,3404,1/30/16,2057,321,3,6,5,7,3404,0,0,0,,0,00B,J ST,20TH ST,9,W,N,A,-,N,,,,,,,,,,N,2,0,1,2,A,-,10,21950,A,N,G,B,B,A,H,-,C,D,0,Y,,,,Y,Y,A,07,1,0,0,0,1,0,0,0,0,- ,- ,,,SACRAMENTO,SACRAMENTO,-121.4799399,38.576697789999997
7162882,2015,1/21/16,3404,12/27/15,0147,0521,5B,7,5,7,3404,0,0,0,,0,0P5,FRANKLIN BL,MACK RD,236,N,N,A,-,N,,,,,,,,,,Y,2,0,1,2,D,-,00,,,F,G,B,D,A,H,-,C,D,0,Y,,,,Y,Y,-,- ,1,0,0,0,1,0,0,0,0,- ,- ,,,SACRAMENTO,SACRAMENTO,-121.4506666,38.475023159999999
7171443,2016,2/4/16,3404,1/27/16,0636,761,3,3,5,7,3404,0,0,0,,0,00A,W ST,18TH ST,44,W,N,A,-,N,,,,,,,,,,N,2,0,1,2,A,-,11,21954,A,N,G,B,D,A,H,-,C,D,0,Y,,,,Y,,N,60,1,0,0,0,1,0,0,0,0,- ,- ,,,SACRAMENTO,SACRAMENTO,-121.4889156,38.563129119999999
7175773,2016,2/9/16,3404,1/26/16,1551,8131,1,2,5,7,3404,0,0,0,,0,00B,TRUXEL RD,SAN JUAN RD,78,S,N,A,-,N,,,,,,,,,,N,2,0,1,2,A,-,03,22350,,N,E,B,F,A,H,-,A,A,0,Y,,,,Y,,A,01,1,0,0,0,1,0,0,0,0,- ,- ,,,SACRAMENTO,SACRAMENTO,-121.49789,38.627329160000002
7185827,2016,2/24/16,3404,2/14/16,1133,835,,7,5,7,3404,0,0,0,,0,02C,REDWOOD AV,GROVE AV,36,E,N,A,-,N,,,,,,,,,,N,2,0,2,3,A,-,11,21954,A,N,G,B,D,A,H,-,A,A,0,Y,,,,Y,,N,60,1,0,1,0,2,0,0,0,0,- ,- ,,,SACRAMENTO,SACRAMENTO,-121.45937,38.610419999999998
7190064,2016,9/24/18,3404,1/9/16,0057,0331,5,6,5,7,3404,0,0,0,,0,05B,MACK RD,ARCHEAN WY,330,W,N,C,-,N,,,,,,,,,,N,1,1,0,2,A,-,11,21954,A,N,G,B,E,B,H,-,C,D,0,Y,,,,Y,,N,60,0,0,0,1,0,0,0,0,0,- ,- ,,,SACRAMENTO,SACRAMENTO,-121.4603845,38.476928649999998
7200061,2017,4/8/19,3404,2/21/17,2003,0831,,2,5,7,3404,0,0,0,,0,06C,POWER INN RD,CANTINA CT,130,N,N,B,C,N,,,,,,,,,,Y,1,1,0,2,A,-,11,21954,A,N,G,B,D,B,H,-,C,D,0,Y,,,,Y,Y,N,60,0,0,0,1,0,0,0,0,0,- ,- ,,,SACRAMENTO,SACRAMENTO,-121.4090754,38.500416989999998
8045049,2016,5/19/16,3404,5/12/16,0437,0843,,4,5,7,3404,0,0,0,,0,06B,FRUITRIDGE RD,STOCKTON BL,0,,Y,A,-,N,,,,,,,,,,N,2,0,1,2,A,-,11,21456,B,N,G,B,B,A,H,-,C,A,0,Y,,,,Y,,N,60,1,0,0,0,1,0,0,0,0,- ,- ,,,SACRAMENTO,SACRAMENTO,-121.4425899,38.524989890000001
8065393,2016,6/20/16,3404,6/11/16,2252,878,5,6,5,7,3404,0,0,0,,0,00A,FLORIN RD,LOMA VERDE WY,390,W,N,A,-,N,,,,,,,,,,N,2,0,1,2,A,-,11,21956,,N,G,B,E,A,H,-,C,D,0,Y,,,,Y,,N,60,1,0,0,0,1,0,0,0,0,- ,- ,,,SACRAMENTO,SACRAMENTO,-121.4778928,38.495809999999999
8074279,2016,8/10/16,3404,7/25/16,2021,0784,5,1,5,7,3404,0,0,0,,0,05C,VALLEY HI DR,MACK RD,670,S,N,A,-,N,,,,,,,,,,N,2,0,1,2,A,-,11,21461,5,N,G,B,D,A,H,-,A,A,0,Y,,,,Y,Y,N,60,1,0,0,0,1,0,0,0,0,- ,- ,,,SACRAMENTO,SACRAMENTO,-121.4271402,38.472330309999997
8076437,2016,7/11/16,3404,6/27/16,2143,992,6,1,5,7,3404,0,0,0,,0,010,STOCKTON BL,STOCKTON,24,W,N,A,-,N,,,,,,,,,,N,2,0,1,2,A,-,11,21955,,F,G,B,D,A,H,-,C,A,0,Y,,,,Y,,N,60,1,0,0,0,1,0,0,0,0,- ,- ,,,SACRAMENTO,SACRAMENTO,-121.46812,38.56615
8078422,2016,8/3/16,3404,7/6/16,2144,0960,IA,3,5,7,3404,0,0,0,,0,901,TRUXEL RD,PADDLE CT,0,,Y,A,-,N,,,,,,,,,,Y,2,0,2,2,A,-,11,21954,A,N,G,B,D,A,H,-,C,D,0,Y,,,,Y,,N,60,1,0,1,0,1,0,0,0,0,- ,- ,,,SACRAMENTO,SACRAMENTO,-121.4978699,38.616309950000002
8096700,2016,8/11/16,3404,8/1/16,0805,0889,4,1,5,7,3404,0,0,0,,0,00A,BROADWAY,24TH ST,6,E,N,A,-,N,,,,,,,,,,N,2,0,1,2,A,-,11,21456,B,N,-,B,B,A,H,-,A,A,0,Y,,,,Y,,N,60,1,0,0,0,1,0,0,0,0,- ,- ,,,SACRAMENTO,SACRAMENTO,-121.4817001,38.558754749999999
8151731,2016,10/25/16,3404,10/16/16,1900,888,1,7,5,7,3404,0,0,0,,0,00A,TRUXEL RD,GATEWAY PARK BL,0,,Y,A,-,N,,,,,,,,,,N,2,0,1,2,A,-,11,21953,,F,G,B,B,A,H,-,C,A,0,Y,,,,Y,,N,60,1,0,0,0,1,0,0,0,0,- ,- ,,,SACRAMENTO,SACRAMENTO,-121.50377,38.637609920000003
8163366,2016,12/19/16,3404,11/9/16,1641,356,2,3,5,7,3404,0,0,0,,0,00B,ARCADE BL,DIGGS PARK DR,0,,Y,A,-,N,,,,,,,,,,N,2,0,1,2,A,-,08,22107,,F,G,B,B,A,H,-,A,D,0,Y,,,,Y,,D,22,1,0,0,0,1,0,0,0,0,- ,- ,,,SACRAMENTO,SACRAMENTO,-121.42731,38.626379980000003
8166742,2016,2/27/17,3404,9/20/16,0554,0331,5,2,5,7,3404,0,0,0,,0,05A,MEADOWVIEW RD,CORAL GABLES CT,22,E,N,A,-,N,,,,,,,,,,N,1,1,0,2,A,-,11,21456,B,F,G,B,B,A,H,-,C,A,0,Y,,,,Y,,N,60,0,0,0,1,0,0,0,0,0,- ,- ,,,SACRAMENTO,SACRAMENTO,-121.4752831,38.481479999999998
8166767,2016,3/10/17,3404,12/2/16,2045,0784,2,5,5,7,3404,0,0,0,,0,02B,DEL PASO BL,SONOMA AV,0,,Y,A,-,N,,,,,,,,,,Y,1,1,1,2,A,-,03,22350,,N,G,B,D,A,H,-,C,A,0,Y,,,,Y,Y,A,01,0,1,0,1,0,0,0,0,0,- ,- ,,,SACRAMENTO,SACRAMENTO,-121.4299699,38.623769969999998
8167146,2018,6/1/18,3404,3/19/18,1513,0784,6,1,5,7,3404,0,0,0,,0,06C,LEMON HILL AV,LOGAN ST,70,E,N,B,-,N,,,,,,,,,,Y,1,1,0,2,A,-,03,22350,,F,G,B,F,A,H,-,A,A,0,Y,,,,Y,,A,01,0,0,0,1,0,0,0,0,0,- ,- ,,,SACRAMENTO,SACRAMENTO,-121.4149628,38.516094207763672
8167155,2018,5/26/20,3404,3/3/18,1837,0257,2,6,5,7,3404,0,0,0,,0,00B,MARYSVILLE BL,LOS ROBLES BL,0,,Y,C,-,N,,,,,,,,,,Y,1,1,0,2,A,-,11,21456,B,N,G,B,B,B,H,-,C,A,0,Y,,,,Y,Y,N,60,0,0,0,1,0,0,0,0,0,- ,- ,,,SACRAMENTO,SACRAMENTO,-121.4317703,38.628810882568359
8167239,2018,8/7/18,3404,6/29/18,2334,0331,6,5,5,7,3404,0,0,0,,0,06B,STOCKTON BL,BROADWAY,18,N,N,A,-,N,,,,,,,,,,N,1,1,0,2,A,-,11,21456,C,F,G,B,B,A,H,-,C,A,0,Y,,,,Y,,N,60,0,0,0,1,0,0,0,0,0,- ,- ,,,SACRAMENTO,SACRAMENTO,-121.4538498,38.546806335449219
8167575,2018,6/12/18,3404,3/31/18,1903,0331,6,6,5,7,3404,0,0,0,,0,06B,BROADWAY,53RD AV,8,W,N,A,-,N,,,,,,,,,,N,1,1,0,2,A,-,01,23152,A,N,G,B,B,A,H,-,A,A,0,Y,,,,Y,Y,A,07,0,0,0,1,0,0,0,0,0,- ,- ,,,SACRAMENTO,SACRAMENTO,-121.4440079,38.546699523925781
8180143,2016,2/1/17,3404,12/2/16,1809,260,6,5,5,7,3404,0,0,0,,0,00C,POWER INN RD,33RD AV,147,S,N,A,-,N,,,,,,,,,,N,1,1,0,2,A,-,11,21954,A,N,A,B,D,A,H,-,C,D,0,Y,,,,Y,,N,60,0,0,0,1,0,0,0,0,0,- ,- ,,,SACRAMENTO,SACRAMENTO,-121.4091255,38.522626320000001
8204357,2017,1/13/17,3404,1/3/17,1723,927,2,2,5,7,3404,0,0,0,,0,00B,RIO LINDA BL,EVANS ST,48,N,N,C,G,N,,,,,,,,,,N,2,0,1,3,A,-,00,21954,,N,G,B,D,B,H,-,C,D,0,Y,,,,Y,,N,60,1,0,0,0,1,0,0,0,0,- ,- ,,,SACRAMENTO,SACRAMENTO,-121.44613,38.62728182
8282733,2017,1/24/17,3404,1/8/17,0221,325,3,7,5,7,3404,0,0,0,,0,03B,16TH ST,J ST,5,N,N,C,-,N,,,,,,,,,,N,2,0,1,2,A,-,10,21950,A,N,G,B,B,B,H,-,C,A,0,Y,,,,Y,,A,07,1,0,0,0,1,0,0,0,0,- ,- ,,,SACRAMENTO,SACRAMENTO,-121.4852243,38.578142970000002
8313424,2017,3/1/17,3404,2/18/17,2200,582,2,6,5,7,3404,0,0,0,,0,00B,ACADEMY WY,JULIESSE AV,0,,Y,A,-,N,,,,,,,,,,N,2,0,1,2,A,-,00,23103,A,F,G,B,E,A,-,-,C,D,0,Y,,,,Y,,A,01,1,0,0,0,1,0,0,0,0,- ,- ,,,SACRAMENTO,SACRAMENTO,-121.42752,38.619919930000002
8323982,2017,3/21/17,3404,3/1/17,1411,921,5,3,5,7,3404,0,0,0,,0,00A,24TH ST,NORTH MANOR DR,3,N,N,A,-,N,,,,,,,,,,Y,2,0,1,3,A,-,03,22350,,F,C,B,E,A,H,-,A,D,0,Y,,,,Y,,A,01,1,0,0,0,1,0,0,0,0,- ,- ,,,SACRAMENTO,SACRAMENTO,-121.4826527,38.493827969999998
8361363,2017,5/16/17,3404,5/4/17,2259,0655,3,4,5,7,3404,0,0,0,,0,00M,J ST,6TH ST,0,,Y,A,-,N,,,,,,,,,,Y,2,0,1,3,A,-,17,21461,A,N,B,B,B,A,H,-,C,A,0,Y,,,,Y,,A,01,1,0,0,0,1,0,0,0,0,- ,- ,,,SACRAMENTO,SACRAMENTO,-121.49876,38.581719980000003
8372382,2017,5/24/17,3404,5/17/17,0757,1020,5,3,5,7,3404,0,0,0,,0,00A,17TH ST,WAKEFIELD WY,0,,Y,A,-,N,,,,,,,,,,N,2,0,1,2,A,-,10,21950,A,N,G,B,B,A,H,-,A,A,0,Y,,,,Y,,A,01,1,0,0,0,1,0,0,0,0,- ,- ,,,SACRAMENTO,SACRAMENTO,-121.4991898,38.494839929999998
8372386,2017,5/24/17,3404,5/17/17,2046,623,P2,3,5,7,3404,0,0,0,,0,02A,MARYSVILLE BL,HARRIS AV,50,S,N,A,-,N,,,,,,,,,,Y,2,0,1,2,A,-,11,21955,,M,G,B,D,A,H,-,D,D,0,Y,,,,Y,Y,N,60,1,0,0,0,1,0,0,0,0,- ,- ,,,SACRAMENTO,SACRAMENTO,-121.4293901,38.63816473
8384680,2017,7/14/17,3404,6/19/17,0235,790,5,1,5,7,3404,0,0,0,,0,00C,BRUCEVILLE RD,WEST STOCKTON BL,0,,Y,A,-,N,,,,,,,,,,N,2,0,1,3,A,-,03,22350,,N,C,B,E,A,H,-,C,A,0,Y,,,,Y,Y,A,01,1,0,0,0,1,0,0,0,0,- ,- ,,,SACRAMENTO,SACRAMENTO,-121.41805,38.455299889999999
8388459,2017,6/14/17,3404,5/29/17,2104,908,P5,1,5,7,3404,0,0,0,,0,05A,24TH ST,GARDENDALE RD,72,N,N,A,-,N,,,,,,,,,,N,2,0,1,2,A,-,11,21955,,N,-,B,D,A,H,-,D,D,0,Y,,,,Y,,N,60,1,0,0,0,1,0,0,0,0,- ,- ,,,SACRAMENTO,SACRAMENTO,-121.48038,38.490657730000002
8404413,2017,8/16/17,3404,1/6/17,2238,0784,6,5,5,7,3404,0,0,0,,0,06D,Q ST,65TH ST,37,E,N,C,-,N,,,,,,,,,,N,1,1,0,2,A,-,11,21954,A,N,G,B,D,B,H,-,C,A,0,Y,,,,Y,Y,N,60,0,0,0,1,0,0,0,0,0,- ,- ,,,SACRAMENTO,SACRAMENTO,-121.4277311,38.552879949999998
8404414,2017,4/9/19,3404,2/21/17,2011,0784,6,2,5,7,3404,0,0,0,,0,06B,14TH AV,50TH ST,225,W,N,B,C,N,,,,,,,,,,N,1,1,0,2,A,-,11,21954,A,N,G,B,D,B,H,-,C,D,0,Y,,,,Y,,N,60,0,0,0,1,0,0,0,0,0,- ,- ,,,SACRAMENTO,SACRAMENTO,-121.4481967,38.53942421
8404488,2017,4/9/19,3404,3/7/17,1918,0831,,2,5,7,3404,0,0,0,,0,06C,LEMON HILL AV,WILKINSON ST,10,W,N,A,-,N,,,,,,,,,,N,1,1,0,2,A,-,10,21950,A,F,G,B,B,A,H,-,C,A,0,Y,,,,Y,Y,-,,0,0,0,1,0,0,0,0,0,- ,- ,,,SACRAMENTO,SACRAMENTO,-121.4143149,38.51610925
8404548,2017,9/15/17,3404,7/14/17,0315,0831,,5,5,7,3404,0,0,0,,0,02C,CALVADOS AV,GREEN ST,106,E,N,A,-,N,,,,,,,,,,N,1,1,0,2,D,-,00,,,F,G,B,E,A,H,-,C,D,0,Y,,,,Y,Y,-,- ,0,0,0,1,0,0,0,0,0,- ,- ,,,SACRAMENTO,SACRAMENTO,-121.442349,38.607483260000002
8404792,2018,6/9/18,3404,5/24/18,0257,0331,6,4,5,7,3404,0,0,0,,0,06B,STOCKTON BL,LAWRENCE DR,390,S,N,A,-,N,,,,,,,,,,N,1,1,0,2,A,-,11,21955,,F,G,B,E,A,H,-,C,D,0,Y,,,,Y,,N,60,0,0,0,1,0,0,0,0,0,- ,- ,,,SACRAMENTO,SACRAMENTO,-121.4443741,38.528858184814453
8404834,2018,5/26/20,3404,3/1/18,2259,0784,1,4,5,7,3404,0,0,0,,0,01B,GARDEN HWY,NATOMAS PARK DR,400,E,N,C,-,N,,,,,,,,,,Y,1,1,0,2,A,-,08,22107,,F,G,B,E,B,H,-,C,A,0,Y,,,,Y,Y,A,08,0,0,0,1,0,0,0,0,0,- ,- ,,,SACRAMENTO,SACRAMENTO,-121.5009003,38.607791900634766
8415734,2017,12/18/17,3404,11/5/17,2019,245,5,7,5,7,3404,0,0,0,,0,00A,MEADOWVIEW RD,MANORSIDE DR,0,,N,A,-,N,,,,,,,,,,Y,2,0,1,2,A,-,11,21955,,N,G,B,D,A,H,-,C,D,0,Y,,,,Y,Y,N,60,1,0,0,0,1,0,0,0,0,- ,- ,,,SACRAMENTO,SACRAMENTO,-121.4916099,38.481429919999997