CASE_ID,ACCIDENT_YEAR,PROC_DATE,JURIS,COLLISION_DATE,COLLISION_TIME,OFFICER_ID,REPORTING_DISTRICT,DAY_OF_WEEK,CHP_SHIFT,POPULATION,CNTY_CITY_LOC,SPECIAL_COND,BEAT_TYPE,CHP_BEAT_TYPE,CITY_DIVISION_LAPD,CHP_BEAT_CLASS,BEAT_NUMBER,PRIMARY_RD,SECONDARY_RD,DISTANCE,DIRECTION,INTERSECTION,WEATHER_1,WEATHER_2,STATE_HWY_IND,CALTRANS_COUNTY,CALTRANS_DISTRICT,STATE_ROUTE,ROUTE_SUFFIX,POSTMILE_PREFIX,POSTMILE,LOCATION_TYPE,RAMP_INTERSECTION,SIDE_OF_HWY,TOW_AWAY,COLLISION_SEVERITY,NUMBER_KILLED,NUMBER_INJURED,PARTY_COUNT,PRIMARY_COLL_FACTOR,PCF_CODE_OF_VIOL,PCF_VIOL_CATEGORY,PCF_VIOLATION,PCF_VIOL_SUBSECTION,HIT_AND_RUN,TYPE_OF_COLLISION,MVIW,PED_ACTION,ROAD_SURFACE,ROAD_COND_1,ROAD_COND_2,LIGHTING,CONTROL_DEVICE,CHP_ROAD_TYPE,PEDESTRIAN_ACCIDENT,BICYCLE_ACCIDENT,MOTORCYCLE_ACCIDENT,TRUCK_ACCIDENT,NOT_PRIVATE_PROPERTY,ALCOHOL_INVOLVED,STWD_VEHTYPE_AT_FAULT,CHP_VEHTYPE_AT_FAULT,COUNT_SEVERE_INJ,COUNT_VISIBLE_INJ,COUNT_COMPLAINT_PAIN,COUNT_PED_KILLED,COUNT_PED_INJURED,COUNT_BICYCLIST_KILLED,COUNT_BICYCLIST_INJURED,COUNT_MC_KILLED,COUNT_MC_INJURED,PRIMARY_RAMP,SECONDARY_RAMP,LATITUDE,LONGITUDE,COUNTY,CITY,POINT_X,POINT_Y
8440229,2017,9/20/17,3404,8/18/17,2236,1013,5,5,5,7,3404,0,0,0,,0,05A,INDIAN LN,29TH ST,270,W,N,A,-,N,,,,,,,,,,N,2,0,1,2,A,-,- ,,,N,G,B,E,A,H,-,C,D,0,Y,,,,Y,,N,60,1,0,0,0,1,0,0,0,0,- ,- ,,,SACRAMENTO,SACRAMENTO,-121.47369,38.495840000000001
8458361,2017,9/28/17,3404,9/19/17,1833,0674,2,2,5,7,3404,0,0,0,,0,00A,MARYSVILLE BL,GRAND AV,0,,Y,A,-,N,,,,,,,,,,,2,0,1,2,A,-,11,21950,B,N,G,B,B,A,H,-,B,A,0,Y,,,,Y,,N,60,1,0,0,0,1,0,0,0,0,- ,- ,,,SACRAMENTO,SACRAMENTO,-121.42977,38.636489959999999
8465323,2017,4/3/18,3404,8/8/17,0428,0331,6,2,5,7,3404,0,0,0,,0,06C,FLORIN PERKINS RD,24TH AV,6,N,N,A,-,N,,,,,,,,,,N,1,1,0,2,A,-,11,21954,A,N,G,B,E,A,H,-,D,D,0,Y,,,Y,Y,,N,60,0,0,0,1,0,0,0,0,0,- ,- ,,,SACRAMENTO,SACRAMENTO,-121.39073,38.530286480000001
8465645,2018,2/21/19,3404,4/16/18,2203,0784,6,1,5,7,3404,0,0,0,,0,06C,65TH ST,BROADWAY,15,S,N,A,-,N,,,,,,,,,,N,1,1,0,2,D,-,00,,,F,G,B,B,A,H,-,C,A,0,Y,,,,Y,,-,- ,0,0,0,1,0,0,0,0,0,- ,- ,,,SACRAMENTO,SACRAMENTO,-121.4278336,38.546810150146484
8465703,2018,4/2/19,3404,12/17/18,2222,0257,2,1,5,7,3404,0,0,0,,0,02C,DEL PASO BL,RAILROAD DR,637,N,N,A,-,N,,,,,,,,,,N,1,1,0,2,A,-,11,21956,A,N,G,B,E,A,H,-,C,D,0,Y,,,,Y,,N,60,0,0,0,1,0,0,0,0,0,- ,- ,,,SACRAMENTO,SACRAMENTO,-121.4689484,38.601226806640625
8481345,2017,1/9/18,3404,10/28/17,0227,489,SACRA,6,5,7,3404,0,0,0,,0,02A,AUBURN BL,WATT AV,21,W,N,A,-,N,,,,,,,,,,Y,2,0,1,2,A,-,11,21456,B,N,G,B,D,A,H,-,C,A,0,Y,,,,Y,Y,N,60,1,0,0,0,1,0,0,0,0,- ,- ,,,SACRAMENTO,SACRAMENTO,-121.3831556,38.637104000000001
8484266,2017,11/27/17,3404,10/31/17,1347,0942,2,2,5,7,3404,0,0,0,,0,02B,FAIRFIELD ST,ACACIA ST,52,S,N,A,-,N,,,,,,,,,,N,2,0,1,2,A,-,21,22106,,N,G,B,F,A,H,-,A,D,0,Y,,,,Y,,A,01,1,0,0,0,1,0,0,0,0,- ,- ,,,SACRAMENTO,SACRAMENTO,-121.4520116,38.620795620000003
8511156,2017,12/21/17,3404,12/10/17,2200,0446,SACRA,7,5,7,3404,0,0,0,,0,02B,MARYSVILLE BL,LOS ROBLES BL,0,,Y,A,-,N,,,,,,,,,,N,2,0,1,2,A,-,11,21456,B,F,G,B,B,A,H,-,C,A,0,Y,,,,Y,Y,N,60,1,0,0,0,1,0,0,0,0,- ,- ,,,SACRAMENTO,SACRAMENTO,-121.43177,38.628809889999999
8514278,2017,12/19/17,3404,12/1/17,1752,691,,5,5,7,3404,0,0,0,,0,,FRANKLIN BL,3RD AV,5,S,N,A,-,N,,,,,,,,,,N,2,0,1,2,A,-,10,21950,A,N,G,B,B,A,H,-,C,A,0,Y,,,,Y,,A,01,1,0,0,0,1,0,0,0,0,- ,- ,,,SACRAMENTO,SACRAMENTO,-121.47579,38.553586269999997
8528875,2017,1/11/18,3404,12/26/17,1738,1040,2,2,5,7,3404,0,0,0,,0,00A,RIO LINDA BL,ROANOKE AV,10,N,N,A,-,N,,,,,,,,,,N,2,0,1,2,A,-,03,22350,,N,G,B,B,A,H,-,C,D,0,Y,,,,Y,Y,-,,1,0,0,0,1,0,0,0,0,- ,- ,,,SACRAMENTO,SACRAMENTO,-121.44608,38.634907460000001
8536248,2017,1/26/18,3404,12/20/17,1435,0784,3,3,5,7,3404,0,0,0,,0,03A,12TH ST,E ST,168,S,N,A,-,N,,,,,,,,,,N,2,0,1,2,A,-,11,21955,,N,G,B,D,A,H,-,A,D,0,Y,,,,Y,,N,60,1,0,0,0,1,0,0,0,0,- ,- ,,,SACRAMENTO,SACRAMENTO,-121.4886305,38.58464352
8546904,2018,2/12/18,3404,1/29/18,1847,1027,4,1,5,7,3404,0,0,0,,0,00B,FREEPORT BL,IRVIN WY,5,S,N,A,-,N,,,,,,,,,,N,2,0,1,2,A,-,10,21950,A,N,G,B,B,A,H,-,C,A,0,Y,,,,Y,,A,07,1,0,0,0,1,0,0,0,0,- ,- ,,,SACRAMENTO,SACRAMENTO,-121.4958649,38.52862548828125
8546924,2018,8/15/18,3404,1/31/18,1524,0784,4,3,5,7,3404,0,0,0,,0,04B,FREEPORT BL,OREGON DR,20,S,N,A,-,N,,,,,,,,,,Y,1,1,1,3,A,-,10,21950,A,F,G,B,B,A,H,-,A,A,0,Y,,,,Y,,A,01,1,0,0,1,1,0,0,0,0,- ,- ,,,SACRAMENTO,SACRAMENTO,-121.4966354,38.526718139648438
8552463,2018,2/21/18,3404,2/5/18,2011,1006,5,1,5,7,3404,0,0,0,,0,00C,MACK RD,VALLEY HI DR,270,W,N,A,-,N,,,,,,,,,,N,2,0,1,2,A,-,00,10200,,N,G,B,D,A,H,-,C,D,0,Y,,,,Y,,N,60,1,0,0,0,1,0,0,0,0,- ,- ,,,SACRAMENTO,SACRAMENTO,-121.4281158,38.474170684814453
8565125,2017,3/13/18,3404,12/4/17,2003,978,P2,1,5,7,3404,0,0,0,,0,02C,ARDEN WY,DEL PASO BL,0,,Y,-,-,N,,,,,,,,,,N,2,0,1,2,A,-,11,21954,A,F,G,B,D,-,-,-,-,-,0,Y,,,,Y,,N,60,1,0,0,0,1,0,0,0,0,- ,- ,,,SACRAMENTO,SACRAMENTO,-121.4587499,38.60638994
8572447,2018,3/15/18,3404,3/2/18,2024,979,3,5,5,7,3404,0,0,0,,0,03A,NORTH 16TH ST,RICHARDS BL,500,N,N,C,-,N,,,,,,,,,,Y,2,0,1,2,A,-,10,21954,,N,A,B,D,B,H,-,C,D,0,Y,,,,Y,,N,60,1,0,0,0,1,0,0,0,0,- ,- ,,,SACRAMENTO,SACRAMENTO,-121.4783325,38.593910217285156
8572471,2018,3/15/18,3404,3/1/18,0353,0954,P3,4,5,7,3404,0,0,0,,0,03A,RICHARDS BL,N 3RD ST,267,W,N,C,-,N,,,,,,,,,,N,2,0,1,2,A,-,11,21954,A,N,G,B,D,B,H,-,D,D,0,Y,,,,Y,,N,60,1,0,0,0,1,0,0,0,0,- ,- ,,,SACRAMENTO,SACRAMENTO,-121.5009842,38.597248077392578
8581321,2018,3/22/18,3404,3/12/18,2025,959,3A,1,5,7,3404,0,0,0,,0,003,O ST,7TH ST,18,W,N,A,-,N,,,,,,,,,,Y,2,0,1,2,A,-,01,23153,A,N,A,B,B,B,H,-,C,A,0,Y,,,,Y,Y,A,01,1,0,0,0,1,0,0,0,0,- ,- ,,,SACRAMENTO,SACRAMENTO,-121.4998703,38.575839996337891
8601148,2018,7/24/18,3404,7/10/18,2157,823,,2,5,7,3404,0,0,0,,0,,MARYSVILLE BL,HARRIS AV,90,S,N,A,-,N,,,,,,,,,,N,2,0,1,2,A,-,11,21954,A,N,G,B,D,A,H,-,C,D,0,Y,,,,Y,,N,60,1,0,0,0,1,0,0,0,0,- ,- ,,,SACRAMENTO,SACRAMENTO,-121.4294128,38.638057708740234
8613441,2018,5/4/18,3404,4/24/18,0926,0431,,2,5,7,3404,0,0,0,,0,,MEADOWVIEW RD,21ST ST,23,E,N,A,-,N,,,,,,,,,,N,2,0,1,2,A,-,10,21950,A,N,G,B,B,A,H,-,A,A,0,Y,,,,Y,,-,,1,0,0,0,1,0,0,0,0,- ,- ,,,SACRAMENTO,SACRAMENTO,-121.4932785,38.481399536132812
8613866,2018,4/26/18,3404,4/15/18,0105,0271,6,7,5,7,3404,0,0,0,,0,00C,STOCKTON BL,FOWLER AV,0,,Y,A,-,N,,,,,,,,,,N,2,0,1,2,A,-,03,22350,A,N,G,B,E,A,H,-,C,D,0,Y,,,,Y,,-,,1,0,0,0,1,0,0,0,0,- ,- ,,,SACRAMENTO,SACRAMENTO,-121.4337463,38.50592041015625
8622734,2018,6/1/18,3404,5/18/18,1233,0236,3,5,5,7,3404,0,0,0,,0,00A,7TH ST,EGGPLANT ALLEY,300,N,N,A,-,N,,,,,,,,,,N,2,0,1,2,C,-,18,,,N,G,B,E,A,H,-,A,D,0,Y,,,,Y,,-,- ,1,0,0,0,1,0,0,0,0,- ,- ,,,SACRAMENTO,SACRAMENTO,-121.4951401,38.587127685546875
8622799,2018,6/1/18,3404,5/21/18,2143,1038,2,1,5,7,3404,0,0,0,,0,02C,MARCONI AV,MARCONI CIR,513,W,N,A,-,N,,,,,,,,,,N,2,0,1,2,A,-,11,21950,B,N,G,B,E,A,H,-,C,D,0,Y,,,,Y,,N,60,1,0,0,0,1,0,0,0,0,- ,- ,,,SACRAMENTO,SACRAMENTO,-121.4222107,38.621925354003906
8625225,2018,5/30/18,3404,5/10/18,2316,1020,3,4,5,7,3404,0,0,0,,0,03B,N ST,22ND ST,46,W,N,A,-,N,,,,,,,,,,N,2,0,1,2,A,-,11,21954,A,N,G,B,D,A,H,-,D,D,0,Y,,,,Y,,N,60,1,0,0,0,1,0,0,0,0,- ,- ,,,SACRAMENTO,SACRAMENTO,-121.4793091,38.571582794189453
8626158,2018,6/4/18,3404,5/24/18,0923,0405,2,4,5,7,3404,0,0,0,,0,00B,RIO LINDA BL,RIO LINDA BL 2830,0,,N,A,G,N,,,,,,,,,,N,2,0,1,2,A,-,11,21954,A,N,G,B,D,A,-,-,B,D,0,Y,,,,Y,,N,60,1,0,0,0,1,0,0,0,0,- ,- ,,,SACRAMENTO,SACRAMENTO,-121.446177,38.619332999999997
8648183,2018,5/22/20,3404,9/10/18,0039,0257,2,1,5,7,3404,0,0,0,,0,00C,ARDEN WY,CAMBRIDGE ST,139,E,N,A,-,N,,,,,,,,,,N,1,1,0,2,A,-,11,21954,A,N,G,B,D,A,H,-,C,D,0,Y,,,,Y,,N,60,0,0,0,1,0,0,0,0,0,- ,- ,,,SACRAMENTO,SACRAMENTO,-121.4492874,38.606166839599609
8648228,2018,10/9/18,3404,8/2/18,0807,0784,4,4,5,7,3404,0,0,0,,0,04B,MEER WY,STAGGS WY,0,,Y,A,-,N,,,,,,,,,,Y,1,1,0,2,A,-,01,23152,F,F,G,B,F,A,H,-,A,D,0,Y,,,,Y,,A,01,0,0,0,1,0,0,0,0,0,- ,- ,,,SACRAMENTO,SACRAMENTO,-121.4919891,38.533550262451172
8648621,2019,5/25/21,3404,1/22/19,2351,0257,2,2,5,7,3404,0,0,0,,0,02C,EL CAMINO AV,EMPRESS ST,9,E,N,A,-,N,,,,,,,,,,Y,1,1,0,2,A,-,11,21456,C,N,G,B,B,A,H,-,C,A,0,Y,,,,Y,,N,60,0,0,0,1,0,0,0,0,0,- ,- ,,,SACRAMENTO,SACRAMENTO,-121.4472961,38.611129760742188
8651187,2018,3/26/19,3404,9/22/18,0850,0784,2,6,5,7,3404,0,0,0,,0,02B,NORWOOD AV,HAYES AV,0,,Y,A,-,N,,,,,,,,,,N,1,1,0,2,A,-,11,21954,A,N,G,B,D,A,H,-,A,D,0,Y,,,,Y,,N,60,0,0,0,1,0,0,0,0,0,- ,- ,,,SACRAMENTO,SACRAMENTO,-121.4569168,38.630889892578125
8661930,2018,8/17/18,3404,7/27/18,2230,0271,5,5,5,7,3404,0,0,0,,0,00C,STOCKTON BL,MASSIE CT,58,N,N,A,-,N,,,,,,,,,,N,2,0,1,2,A,-,11,21954,A,N,G,B,D,A,H,-,C,D,0,Y,,,,Y,,N,60,1,0,0,0,1,0,0,0,0,- ,- ,,,SACRAMENTO,SACRAMENTO,-121.4197159,38.475978851318359
8664168,2018,2/21/19,3404,6/30/18,2149,0257,2,6,5,7,3404,0,0,0,,0,00C,ARDEN WAY,DEL PASO BL,380,E,N,A,-,N,,,,,,,,,,Y,1,1,0,2,A,-,11,21954,A,N,G,B,D,A,H,-,C,D,0,Y,,,,Y,Y,N,60,0,0,0,1,0,0,0,0,0,- ,- ,,,SACRAMENTO,SACRAMENTO,-121.4574203,38.606418609619141
8675680,2018,8/29/18,3404,7/26/18,1144,0942,3,4,5,7,3404,0,0,0,,0,00A,VICTORIAN ALLEY,16TH ST,54,W,N,A,-,N,,,,,,,,,,N,2,0,1,2,A,-,00,20001,A,F,G,B,E,A,H,-,A,D,0,Y,,,,Y,,D,22,1,0,0,0,1,0,0,0,0,- ,- ,,,SACRAMENTO,SACRAMENTO,-121.4913712,38.564399719238281
8698873,2018,10/2/18,3404,9/7/18,1230,1038,6,5,5,7,3404,0,0,0,,0,06D,ALHAMBRA BL,K ST,78,N,N,A,-,N,,,,,,,,,,N,2,0,1,2,A,-,10,21954,,N,G,B,D,A,H,-,A,A,0,Y,,,,Y,,N,60,1,0,0,0,1,0,0,0,0,- ,- ,,,SACRAMENTO,SACRAMENTO,-121.4656219,38.571884155273438
8707453,2018,2/8/19,3404,9/29/18,1528,8131,6,6,5,7,3404,0,0,0,,0,00E,CADILLAC DR,FEATURE DR,378,S,N,A,-,N,,,,,,,,,,N,2,0,1,2,A,-,10,21950,,N,G,B,C,A,H,-,A,A,0,Y,,,,Y,Y,A,01,1,0,0,0,1,0,0,0,0,- ,- ,,,SACRAMENTO,SACRAMENTO,-121.418129,38.574935913085938
8711222,2018,10/25/18,3404,10/8/18,2218,0257,5,1,5,7,3404,0,0,0,,0,05C,VALLEY HI DR,BRUCEVILLE RD,488,S,N,A,-,N,,,,,,,,,,Y,2,0,3,4,A,-,11,21954,A,N,G,B,D,A,H,-,C,D,0,Y,,,,Y,Y,N,60,3,0,0,0,3,0,0,0,0,- ,- ,,,SACRAMENTO,SACRAMENTO,-121.4271698,38.46936035
8726098,2018,4/2/19,3404,10/23/18,0503,780,6,2,5,7,3404,0,0,0,,0,00B,STOCKTON BL,JANSEN DR,0,,Y,A,-,N,,,,,,,,,,N,1,1,0,2,A,-,12,21453,A,F,A,B,B,A,H,-,C,A,0,Y,,,,Y,,A,01,0,0,0,1,0,0,0,0,0,- ,- ,,,SACRAMENTO,SACRAMENTO,-121.4410019,38.521461486816406
8750774,2018,12/26/18,3404,11/30/18,2031,8118,5,5,5,7,3404,0,0,0,,0,00B,MACK RD,DEER CREEK DR,30,E,N,A,-,N,,,,,,,,,,N,2,0,1,2,A,-,11,21955,,N,A,B,-,A,H,-,C,A,0,Y,,,,Y,,N,60,1,0,0,0,1,0,0,0,0,- ,- ,,,SACRAMENTO,SACRAMENTO,-121.4545135,38.474388122558594
8753296,2018,1/29/19,3404,12/13/18,0627,779,6,4,5,7,3404,0,0,0,,0,00A,ALHAMBRA BL,W ST,34,N,N,A,-,N,,,,,,,,,,N,2,0,1,2,A,-,11,21954,A,N,G,B,D,A,H,-,B,D,0,Y,,,,Y,,N,60,1,0,0,0,1,0,0,0,0,- ,- ,,,SACRAMENTO,SACRAMENTO,-121.4715729,38.55816650390625
8759031,2018,1/29/19,3404,12/8/18,1926,8167,6,6,5,7,3404,0,0,0,,0,06B,FRUITRIDGE RD,55TH ST,129,W,N,A,-,N,,,,,,,,,,N,2,0,1,2,A,-,10,21954,,F,G,B,E,A,H,-,C,A,0,Y,,,,Y,,N,60,1,0,0,0,1,0,0,0,0,- ,- ,,,SACRAMENTO,SACRAMENTO,-121.4415817,38.525001525878906
8802722,2019,2/21/19,3404,2/9/19,2232,1011,6,6,5,7,3404,0,0,0,,0,00B,FRUITRIDGE RD,63RD ST,78,W,N,C,-,N,,,,,,,,,,N,2,0,1,2,A,-,11,21955,,F,G,B,D,B,H,-,C,D,0,Y,,,Y,Y,,N,60,1,0,0,0,1,0,0,0,0,- ,- ,,,SACRAMENTO,SACRAMENTO,-121.4314117,38.525070190429688
8803464,2019,2/27/19,3404,2/10/19,2104,669,3,7,5,7,3404,0,0,0,,0,00B,19TH ST,P ST,96,S,N,A,-,N,,,,,,,,,,N,2,0,1,2,A,-,11,21954,A,F,A,B,D,A,H,-,C,D,0,Y,,,,Y,Y,N,60,1,0,0,0,1,0,0,0,0,- ,- ,,,SACRAMENTO,SACRAMENTO,-121.4842148,38.570178985595703
8808040,2019,4/8/19,3404,2/28/19,2154,784,2,4,5,7,3404,0,0,0,,0,02B,EL CAMINO AV,ERICKSON ST,111,E,N,B,-,N,,,,,,,,,,N,1,1,0,2,A,-,11,21954,A,F,G,B,D,A,H,-,C,A,0,Y,,,,Y,,N,60,0,0,0,1,0,0,0,0,0,- ,- ,,,SACRAMENTO,SACRAMENTO,-121.4446411,38.611141204833984
8808121,2019,5/1/19,3404,3/26/19,1647,0331,6,2,5,7,3404,0,0,0,,0,06D,H ST,SAN MIGUEL WY,33,E,N,A,-,N,,,,,,,,,,N,1,1,1,2,A,-,08,22107,,N,G,B,D,A,H,-,A,D,0,Y,,Y,,Y,,C,02,0,1,0,1,0,0,0,0,1,- ,- ,,,SACRAMENTO,SACRAMENTO,-121.4529724,38.57196044921875
8833025,2019,4/22/19,3404,3/13/19,0816,8105,5,3,5,7,3404,0,0,0,,0,00A,24TH ST,JOHN STILL DR,3,N,N,A,-,N,,,,,,,,,,N,2,0,1,2,A,-,10,21950,A,F,-,B,B,A,H,-,A,D,0,Y,,,,Y,,A,07,1,0,0,0,1,0,0,0,0,- ,- ,,,SACRAMENTO,SACRAMENTO,-121.4803238,38.477336883544922
8877636,2019,6/12/19,3404,6/7/19,1542,8167,2,5,5,7,3404,0,0,0,,0,00A,MARYSVILLE BL,GRAND AV,0,,Y,A,-,N,,,,,,,,,,N,2,0,1,2,D,-,00,,,F,G,B,B,A,H,-,A,A,0,Y,,,,Y,Y,-,- ,1,0,0,0,1,0,0,0,0,- ,- ,,,SACRAMENTO,SACRAMENTO,-121.4297714,38.636489868164062
8880035,2019,7/11/19,3404,1/20/19,2030,8133,3,7,5,7,3404,0,0,0,,0,03A,P ST,5TH ST,0,,Y,F,-,N,,,,,,,,,,N,2,0,1,2,A,-,08,22107,,F,C,B,F,A,H,-,D,D,0,Y,Y,,,Y,,L,04,1,0,0,0,1,0,0,0,0,- ,- ,,,SACRAMENTO,SACRAMENTO,-121.5029984,38.575450897216797
8894687,2019,8/14/19,3404,7/3/19,2120,0854,P2,3,5,7,3404,0,0,0,,0,02A,WILLOW ST,HARRIS AV,178,S,N,A,-,N,,,,,,,,,,N,2,0,1,2,A,-,03,22350,,N,G,B,D,A,H,-,D,D,0,Y,,,,Y,,A,01,1,0,0,0,1,0,0,0,0,- ,- ,,,SACRAMENTO,SACRAMENTO,-121.4291687,38.637794494628906
8910835,2020,3/19/20,3404,2/25/20,1514,656,5,2,5,7,3404,0,0,0,,0,05C,MACK RD,VALLEY HI DR,0,,Y,A,-,N,,,,,,,,,,N,1,1,0,2,A,-,12,21453,A,N,D,B,B,A,H,-,A,A,0,Y,,,,Y,,A,01,0,0,0,1,0,0,0,0,0,- ,- ,,,SACRAMENTO,SACRAMENTO,-121.4271698,38.474170684814453
8911078,2020,5/12/20,3404,2/15/20,2118,0331,5,6,5,7,3404,0,0,0,,0,05A,24TH ST,KENWORTHY WY,12,S,N,A,-,N,,,,,,,,,,N,1,1,0,2,A,-,11,21954,A,N,G,B,D,A,H,-,C,D,0,Y,,,,Y,,N,60,0,0,0,1,0,0,0,0,0,- ,- ,,,SACRAMENTO,SACRAMENTO,-121.4803314,38.48040771484375
8911262,2020,6/29/20,3404,5/4/20,0050,522,6,1,5,7,3404,0,0,0,,0,06C,FOWER INN RD,POWER INN LRT STATION,15,S,N,A,-,N,,,,,,,,,,N,1,1,0,2,A,-,11,21954,A,F,G,B,D,A,H,-,C,A,0,Y,,,,Y,,N,60,0,0,0,1,0,0,0,0,0,- ,- ,,,SACRAMENTO,SACRAMENTO,-121.4089279,38.546348571777344
8911469,2020,6/18/22,3404,7/28/20,0404,602,6,2,5,7,3404,0,0,0,,0,00C,POWER INN RD,FRUITRIDGE RD,1379,N,N,A,-,N,,,,,,,,,,Y,1,1,1,2,A,-,11,21954,A,N,G,B,-,A,H,-,D,D,0,Y,,Y,,Y,,N,60,1,0,0,1,0,0,0,0,1,- ,- ,,,SACRAMENTO,SACRAMENTO,-121.4091797,38.528877258300781
8911730,2020,10/23/20,3404,10/1/20,1921,656,2,4,5,7,3404,0,0,0,,0,02B,TRACTION AV,EL CAMINO AV,0,,Y,A,-,N,,,,,,,,,,Y,1,1,0,2,A,-,10,21950,A,F,G,B,B,A,H,-,C,A,0,Y,,,,Y,,A,01,0,0,0,1,0,0,0,0,0,- ,- ,,,SACRAMENTO,SACRAMENTO,-121.4573288,38.611141204833984
8911756,2020,10/28/20,3404,9/21/20,0352,522,2,1,5,7,3404,0,0,0,,0,02C,AUBURN BL,MARCONI CIR,20,S,N,A,-,N,,,,,,,,,,N,1,1,0,2,D,-,00,,,F,G,B,D,A,H,-,C,A,0,Y,,,,Y,,-,- ,0,0,0,1,0,0,0,0,0,- ,- ,,,SACRAMENTO,SACRAMENTO,-121.4232788,38.621608734130859
8911876,2020,12/4/20,3404,10/10/20,2128,0331,2,6,5,7,3404,0,0,0,,0,02B,RIO LINDA BL,ALAMOS AV,250,S,N,A,-,N,,,,,,,,,,N,1,1,0,2,A,-,11,21954,A,F,G,B,E,A,H,-,D,D,0,Y,,,,Y,Y,N,60,0,0,0,1,0,0,0,0,0,- ,- ,,,SACRAMENTO,SACRAMENTO,-121.4461746,38.619483947753906
8938782,2019,9/30/19,3404,9/18/19,0102,441,3,3,5,7,3404,0,0,0,,0,03A,W ST,6TH ST,0,,Y,A,-,N,,,,,,,,,,N,2,0,1,2,A,-,10,21950,A,N,G,B,B,A,H,-,C,A,0,Y,,,,Y,,A,07,1,0,0,0,1,0,0,0,0,- ,- ,,,SACRAMENTO,SACRAMENTO,-121.5049896,38.567409515380859
8939108,2019,10/29/19,3404,9/20/19,1946,257,2,5,5,7,3404,0,0,0,,0,02A,ROSEVILLE RD,CONNIE DR,4633,E,N,A,-,N,,,,,,,,,,Y,1,1,0,3,A,-,11,21954,A,F,G,B,E,A,H,-,D,D,0,Y,,,,Y,,N,60,0,0,0,1,0,0,0,0,0,- ,- ,,,SACRAMENTO,SACRAMENTO,-121.4194031,38.625110626220703
8939119,2019,5/28/21,3404,10/5/19,0354,257,4,6,5,7,3404,0,0,0,,0,04A,X ST,23RD ST,0,,Y,A,-,N,,,,,,,,,,N,1,1,0,2,A,-,10,21950,A,F,G,B,B,A,H,-,C,D,0,Y,,,,Y,,-,99,0,0,0,1,0,0,0,0,0,- ,- ,,,SACRAMENTO,SACRAMENTO,-121.4825668,38.560230255126953
8939396,2019,11/21/19,3404,10/23/19,0534,0331,6,3,5,7,3404,0,0,0,,0,06C,FRUITRIDGE RD,WALLACE AV,140,W,N,A,-,N,,,,,,,,,,N,1,1,0,2,A,-,11,21954,A,F,G,B,E,A,H,-,C,D,0,Y,,,,Y,,N,60,0,0,0,1,0,0,0,0,0,- ,- ,,,SACRAMENTO,SACRAMENTO,-121.417572,38.525081634521484
8939543,2019,6/2/21,3404,12/13/19,2329,522,6,5,5,7,3404,0,0,0,,0,06C,SOUTH WATT AV,JACKSON RD,1500,S,N,B,-,N,,,,,,,,,,Y,1,3,1,4,A,-,11,21954,A,N,G,B,E,B,H,-,D,D,0,Y,,,,Y,Y,-,- ,0,1,0,3,0,0,0,0,0,- ,- ,,,SACRAMENTO,SACRAMENTO,-121.3708344,38.534652709960938
8939620,2020,6/14/22,3404,1/3/20,1832,1053,2,5,5,7,3404,0,0,0,,0,02B,RIO LINDA BL,ACACIA AV,270,N,N,A,-,N,,,,,,,,,,N,1,1,0,2,A,-,11,21955,,F,G,B,D,A,H,-,C,D,0,Y,,,,Y,Y,N,60,0,0,0,1,0,0,0,0,0,- ,- ,,,SACRAMENTO,SACRAMENTO,-121.4461594,38.622932434082031
8950036,2019,10/24/19,3404,9/23/19,2139,8133,2,1,5,7,3404,0,0,0,,0,02A,MARYSVILLE BL,ROANOKE AV,0,,Y,A,-,N,,,,,,,,,,N,2,0,1,2,A,-,11,21950,B,N,G,B,D,A,H,-,C,A,0,Y,,,,Y,,N,60,1,0,0,0,1,0,0,0,0,- ,- ,,,SACRAMENTO,SACRAMENTO,-121.4301834,38.634670257568359
8957823,2019,10/16/19,3404,10/2/19,2200,0271,3,3,5,7,3404,0,0,0,,0,00A,G ST,13TH ST,0,,Y,A,-,N,,,,,,,,,,N,2,0,1,2,A,-,08,22107,,F,G,B,B,A,H,-,C,D,0,Y,,,,Y,Y,A,01,1,0,0,0,1,0,0,0,0,- ,- ,,,SACRAMENTO,SACRAMENTO,-121.4878006,38.582469940185547
8958772,2019,11/6/19,3404,10/16/19,1850,902,P5,3,5,7,3404,0,0,0,,0,05B,VALLEY HI DR,PEGLER WY,75,E,N,B,-,N,,,,,,,,,,N,2,0,1,2,A,-,11,21954,A,N,G,B,D,A,H,-,C,A,0,Y,,,,Y,,N,60,1,0,0,0,1,0,0,0,0,- ,- ,,,SACRAMENTO,SACRAMENTO,-121.440155,38.465988159179688
8959640,2019,11/4/19,3404,10/18/19,2201,897,P1,5,5,7,3404,0,0,0,,0,01B,TRUXEL RD,SAN JUAN RD,10,N,N,A,-,N,,,,,,,,,,N,2,0,1,2,A,-,11,21456,C,N,G,B,D,A,H,-,C,A,0,Y,,,,Y,,N,60,1,0,0,0,1,0,0,0,0,- ,- ,,,SACRAMENTO,SACRAMENTO,-121.4979935,38.627548217773438
8995584,2019,2/8/20,3404,12/3/19,1816,472,4,2,5,7,3404,0,0,0,,0,00A,FREEPORT BL,15TH AV,0,,Y,A,-,N,,,,,,,,,,N,2,0,1,2,A,-,00,21954,,N,G,B,D,A,H,-,D,D,0,Y,,,,Y,,N,60,1,0,0,0,1,0,0,0,0,- ,- ,,,SACRAMENTO,SACRAMENTO,-121.4930801,38.537521362304688
90206316,2016,6/21/16,9250,2/2/16,0434,017819,,2,3,7,3404,0,1,1,,2,182,I-80 E/B,W. EL CAMINO AVE,845,W,N,B,C,Y,,,,,,,,,,Y,2,0,2,3,A,-,08,22107,,N,C,C,E,B,D,-,D,A,0,Y,,,,Y,,A,01,1,1,0,0,1,0,0,0,0,- ,- ,,,SACRAMENTO,SACRAMENTO,-121.5372833,38.613488410000002