CASE_ID,ACCIDENT_YEAR,PROC_DATE,JURIS,COLLISION_DATE,COLLISION_TIME,OFFICER_ID,REPORTING_DISTRICT,DAY_OF_WEEK,CHP_SHIFT,POPULATION,CNTY_CITY_LOC,SPECIAL_COND,BEAT_TYPE,CHP_BEAT_TYPE,CITY_DIVISION_LAPD,CHP_BEAT_CLASS,BEAT_NUMBER,PRIMARY_RD,SECONDARY_RD,DISTANCE,DIRECTION,INTERSECTION,WEATHER_1,WEATHER_2,STATE_HWY_IND,CALTRANS_COUNTY,CALTRANS_DISTRICT,STATE_ROUTE,ROUTE_SUFFIX,POSTMILE_PREFIX,POSTMILE,LOCATION_TYPE,RAMP_INTERSECTION,SIDE_OF_HWY,TOW_AWAY,COLLISION_SEVERITY,NUMBER_KILLED,NUMBER_INJURED,PARTY_COUNT,PRIMARY_COLL_FACTOR,PCF_CODE_OF_VIOL,PCF_VIOL_CATEGORY,PCF_VIOLATION,PCF_VIOL_SUBSECTION,HIT_AND_RUN,TYPE_OF_COLLISION,MVIW,PED_ACTION,ROAD_SURFACE,ROAD_COND_1,ROAD_COND_2,LIGHTING,CONTROL_DEVICE,CHP_ROAD_TYPE,PEDESTRIAN_ACCIDENT,BICYCLE_ACCIDENT,MOTORCYCLE_ACCIDENT,TRUCK_ACCIDENT,NOT_PRIVATE_PROPERTY,ALCOHOL_INVOLVED,STWD_VEHTYPE_AT_FAULT,CHP_VEHTYPE_AT_FAULT,COUNT_SEVERE_INJ,COUNT_VISIBLE_INJ,COUNT_COMPLAINT_PAIN,COUNT_PED_KILLED,COUNT_PED_INJURED,COUNT_BICYCLIST_KILLED,COUNT_BICYCLIST_INJURED,COUNT_MC_KILLED,COUNT_MC_INJURED,PRIMARY_RAMP,SECONDARY_RAMP,LATITUDE,LONGITUDE,COUNTY,CITY,POINT_X,POINT_Y
8648682,2018,3/6/19,3905,12/20/18,1930,2021,CIV,4,5,6,3905,0,0,0,,0,,CALIFORNIA ST,WALNUT ST,11,S,N,B,-,N,,,,,,,,,,N,1,1,0,2,A,-,12,21453,A,F,G,B,B,A,H,-,C,A,0,Y,,,,Y,,A,7,0,0,0,1,0,0,0,0,0,- ,- ,37.97003937,-121.28885,SAN JOAQUIN,STOCKTON,-121.28904,37.97002029
8939598,2019,6/2/21,3905,12/10/19,2045,2291,,2,5,6,3905,0,0,0,,0,,CENTER ST,ACACIA ST,0,,Y,C,-,N,,,,,,,,,,Y,1,1,0,3,A,-,11,21456,B,N,G,B,B,B,H,-,C,A,0,Y,,,,Y,,N,60,0,0,0,1,0,0,0,0,0,- ,- ,37.96240997,-121.29366,SAN JOAQUIN,STOCKTON,-121.2938,37.96239853
5935009,2012,11/23/13,3905,8/31/12,1910,1999,SEA,5,5,6,3905,0,0,0,,0,,HENRY LONG BL,ESTES AV,0,,Y,A,-,N,,,,,,,,,,N,2,0,1,2,A,-,10,21950,A,N,G,B,B,A,H,-,A,A,0,Y,,,,Y,,A,1,1,0,0,0,1,0,0,0,0,- ,- ,,,SAN JOAQUIN,STOCKTON,-121.3161,37.90227004
7198093,2016,4/23/16,3905,1/23/16,1841,2764,BEA,6,5,6,3905,0,0,0,,0,,LOWER SACRAMENTO RD,PALOMA AV,45,S,N,B,-,N,,,,,,,,,,N,1,1,0,2,A,-,11,21955,,N,G,B,D,A,H,-,C,D,0,Y,,,,Y,,N,60,0,0,0,1,0,0,0,0,0,- ,- ,38.02443,-121.32316,SAN JOAQUIN,STOCKTON,-121.32299,38.02410646
8404676,2017,5/23/18,3905,10/7/17,2112,2021,SEA,6,5,6,3905,0,0,0,,0,,EL DORADO ST,7TH ST,10,S,N,A,-,N,,,,,,,,,,N,1,1,0,2,A,-,10,21954,B,F,G,B,D,A,H,-,C,A,0,Y,,,,Y,Y,-,99,0,0,0,1,0,0,0,0,0,- ,- ,37.92984,-121.28339,SAN JOAQUIN,STOCKTON,-121.28317,37.92985387
8351184,2017,4/28/17,3905,3/22/17,2033,2827,SEA,3,5,6,3905,0,0,0,,0,,MARTIN LUTHER KING BL,LINCOLN ST,129,W,N,B,-,N,,,,,,,,,,N,2,0,1,2,A,-,11,21954,A,N,G,B,D,A,H,-,C,A,0,Y,,,,Y,Y,N,60,1,0,0,0,1,0,0,0,0,- ,- ,37.93754,-121.29397,SAN JOAQUIN,STOCKTON,-121.29432,37.93748759
6606108,2014,12/29/15,9265,5/2/14,2050,19136,,5,2,6,3905,0,1,1,,2,503,RT 5,DOWNING AV,738,S,N,A,-,Y,SJ,10,5,-,R,23.49,R,2,N,Y,1,1,0,2,A,-,11,21954,A,N,G,B,D,A,D,-,D,D,1,Y,,,,Y,Y,N,60,0,0,0,1,0,0,0,0,0,TO,- ,37.91101,-121.28844,SAN JOAQUIN,STOCKTON,-121.28849,37.910572
8674910,2018,10/9/18,3905,8/1/18,455,2798,CIV,3,5,6,3905,0,0,0,,0,,HARDING WY,WILSON WY,0,,Y,A,-,N,,,,,,,,,,N,2,0,1,2,A,-,10,21950,A,N,G,B,B,A,H,-,C,A,0,Y,,,,Y,Y,A,1,1,0,0,0,1,0,0,0,0,- ,- ,37.97053146,-121.27538,SAN JOAQUIN,STOCKTON,-121.2756,37.9706192
8939606,2019,5/24/21,3905,9/25/19,1822,2291,CIV,3,5,6,3905,0,0,0,,0,,HARDING WY,COMMERCE ST,0,,Y,A,-,N,,,,,,,,,,N,1,1,0,2,A,-,10,21954,B,F,G,B,B,A,H,-,A,A,0,Y,,,,Y,,A,1,0,0,0,1,0,0,0,0,0,- ,- ,37.96712875,-121.29625,SAN JOAQUIN,STOCKTON,-121.29643,37.96709061
7200123,2017,4/8/19,3905,2/9/17,1914,2133,PAR,4,5,6,3905,0,0,0,,0,,WILSON WY,ACACIA ST,96,N,N,C,-,N,,,,,,,,,,N,1,1,0,2,A,-,11,21955,,F,G,B,D,B,H,-,C,A,0,Y,,,,Y,,N,60,0,0,0,1,0,0,0,0,0,- ,- ,37.96559,-121.27408,SAN JOAQUIN,STOCKTON,-121.27429,37.96594712
8288136,2015,1/21/17,3905,12/3/15,1309,1295,SEA,4,5,6,3905,0,0,0,,0,,CENTER ST,SONORA ST,42,N,N,C,-,N,,,,,,,,,,Y,2,0,1,2,A,-,11,21955,,N,G,B,D,B,H,-,A,D,0,Y,,,,Y,,N,60,1,0,0,0,1,0,0,0,0,- ,- ,37.94858,-121.29005,SAN JOAQUIN,STOCKTON,-121.29006,37.94871278
91451339,2021,4/15/21,9265,3/6/21,2345,21401,,6,3,6,3905,0,1,1,,2,504,I-5 N/B,MCAULIFFE RD,337,S,N,B,-,Y,,,5,,,,,,N,N,1,1,0,2,A,-,11,21954,A,N,G,B,D,A,H,-,D,D,0,Y,,,,Y,,N,60,0,0,0,1,0,0,0,0,0,- ,- ,38.0443306,-121.3683,SAN JOAQUIN,STOCKTON,-121.36827,38.04433823
8404903,2018,7/11/18,3905,3/6/18,1539,2424,SEA,2,5,6,3905,0,0,0,,0,,CAROLYN WESTON BL,ISHI GOTO ST,68,W,N,A,-,N,,,,,,,,,,Y,1,1,0,2,A,-,11,21954,A,N,G,B,D,A,H,-,A,D,0,Y,,,,Y,,N,60,0,0,0,1,0,0,0,0,0,- ,- ,37.91233063,-121.30819,SAN JOAQUIN,STOCKTON,-121.3085,37.91217804
7175803,2015,3/25/16,3905,12/4/15,1338,2063,PAR,5,5,6,3905,0,0,0,,0,,PINCHOT ST,AIRPORT WY,17,E,N,A,-,N,,,,,,,,,,N,1,1,0,2,A,-,8,22107,,N,G,B,F,A,H,-,A,A,0,Y,,,,Y,,A,1,0,0,0,1,0,0,0,0,0,- ,- ,37.96843,-121.27755,SAN JOAQUIN,STOCKTON,-121.27769,37.96847086
9093650,2020,6/5/20,3905,4/2/20,2106,2932,PAR,4,5,6,3905,0,0,0,,0,,WILSON WY,ANDERSON ST,23,N,N,A,-,N,,,,,,,,,,N,2,0,1,2,A,-,11,21955,,N,G,B,D,A,H,-,C,A,0,Y,,,,Y,Y,N,60,1,0,0,0,1,0,0,0,0,- ,- ,37.94573975,-121.26891,SAN JOAQUIN,STOCKTON,-121.26887,37.945961
5911230,2012,10/4/13,3905,12/7/12,1323,1295,PAR,5,5,6,3905,0,0,0,,0,,WATERLOO RD,HARDING WY,168,N,N,A,-,N,,,,,,,,,,N,1,1,0,2,A,-,11,21956,,F,G,B,E,A,H,-,A,D,0,Y,,,,Y,,N,60,0,0,0,1,0,0,0,0,0,- ,- ,,,SAN JOAQUIN,STOCKTON,-121.26868,37.97217544
5926317,2012,1/4/14,3905,11/16/12,800,2433,BEA,5,5,6,3905,0,0,0,,0,,EL DORADO ST,ORLEANS CT,152,S,N,C,-,N,,,,,,,,,,N,2,0,1,2,A,-,3,22350,,F,G,B,D,B,H,-,A,A,0,Y,,,,Y,,D,22,1,0,0,0,1,0,0,0,0,- ,- ,,,SAN JOAQUIN,STOCKTON,-121.31634,38.02824766
8926420,2019,8/23/19,3905,6/25/19,802,2741,CIV,2,5,6,3905,0,0,0,,0,,EL DORADO ST,ROSE ST,89,S,N,A,-,N,,,,,,,,,,N,2,0,1,2,A,-,11,21954,A,F,G,B,D,A,H,-,A,D,0,Y,,,,Y,,N,60,1,0,0,0,1,0,0,0,0,- ,- ,37.96458054,-121.29287,SAN JOAQUIN,STOCKTON,-121.29297,37.96432877
8939496,2019,5/24/21,3905,9/18/19,2006,7053,PAR,3,5,6,3905,0,0,0,,0,,AIRPORT WY,ANDERSON ST,305,N,N,A,-,N,,,,,,,,,,N,1,1,0,2,A,-,11,21954,A,F,G,B,D,A,H,-,C,A,0,Y,,,,Y,,N,60,0,0,0,1,0,0,0,0,0,- ,- ,37.95434189,-121.27153,SAN JOAQUIN,STOCKTON,-121.27169,37.94626999
8303250,2016,2/3/17,3905,12/28/16,1636,2729,PAR,3,5,6,3905,0,0,0,,0,,FREMONT ST,FILBERT ST,0,,Y,A,-,N,,,,,,,,,,N,2,0,1,2,A,-,11,21954,A,N,G,B,D,A,H,-,B,D,0,Y,,,,Y,,N,60,1,0,0,0,1,0,0,0,0,- ,- ,37.96528,-121.25604,SAN JOAQUIN,STOCKTON,-121.25622,37.9655099
9203318,2020,1/6/21,3905,10/23/20,104,2987,SEA,5,5,6,3905,0,0,0,,0,,AURORA ST,ANDERSON ST,0,,Y,A,-,N,,,,,,,,,,,2,0,2,3,A,-,3,22350,,F,G,B,E,A,H,-,C,A,0,Y,,,,Y,,A,1,2,0,0,0,2,0,0,0,0,- ,- ,37.94448853,-121.27675,SAN JOAQUIN,STOCKTON,-121.27668,37.94456863
6292009,2014,3/7/15,3905,3/7/14,719,2021,SEA,5,5,6,3905,0,0,0,,0,,EL DORADO ST,SONORA ST,0,,Y,A,-,N,,,,,,,,,,Y,1,1,0,2,A,-,1,23152,A,F,G,B,B,A,H,-,A,A,0,Y,,,,Y,Y,D,22,0,0,0,1,0,0,0,0,0,- ,- ,,,SAN JOAQUIN,STOCKTON,-121.28872,37.94880997
8997392,2019,2/8/20,3905,9/26/19,624,2675,VAL,4,5,6,3905,0,0,0,,0,,MARCH LN,FRED RUSSO DR,0,,Y,A,-,N,,,,,,,,,,N,2,0,1,2,A,-,10,21950,A,F,G,B,B,A,H,-,B,A,0,Y,,,,Y,,-,99,1,0,0,0,1,0,0,0,0,- ,- ,38.00545883,-121.27674,SAN JOAQUIN,STOCKTON,-121.27629,38.00566864
9018542,2019,1/22/20,3905,11/18/19,1717,2429,CIV,1,5,6,3905,0,0,0,,0,,EL DORADO ST,CHURCHILL ST,0,,Y,A,-,N,,,,,,,,,,N,2,0,1,2,A,-,1,23152,F,N,G,B,B,A,H,-,C,A,0,Y,,,,Y,,A,7,1,0,0,0,1,0,0,0,0,- ,- ,37.98598862,-121.30132,SAN JOAQUIN,STOCKTON,-121.30172,37.98590088
8288233,2015,1/23/17,3905,1/7/15,2207,2682,PAR,3,5,6,3905,0,0,0,,0,,WILSON WY,ACACIA ST,249,N,N,A,-,N,,,,,,,,,,N,2,0,1,2,A,-,11,21954,A,F,G,B,D,A,H,-,C,D,0,Y,,,,Y,Y,N,60,1,0,0,0,1,0,0,0,0,- ,- ,,,SAN JOAQUIN,STOCKTON,-121.27441,37.9663569
6290900,2013,8/13/14,3905,8/7/13,914,2063,BEA,3,5,6,3905,0,0,0,,0,,HAMMER LN,LAN ARK DR,688,W,N,A,-,N,,,,,,,,,,N,1,1,0,2,A,-,11,21950,B,N,G,B,D,A,H,-,A,D,0,Y,,,,Y,,N,60,0,0,0,1,0,0,0,0,0,- ,- ,38.02111,-121.31213,SAN JOAQUIN,STOCKTON,-121.31184,38.0209751
8945715,2019,10/1/19,3905,9/8/19,2135,3003,PAR,7,5,6,3905,0,0,0,,0,,WILSON WY,MAIN ST,27,N,N,A,-,N,,,,,,,,,,N,2,0,1,2,A,-,11,21955,,N,G,B,D,A,H,-,C,A,0,Y,,,,Y,Y,N,60,1,0,0,0,1,0,0,0,0,- ,- ,37.95571899,-121.27151,SAN JOAQUIN,STOCKTON,-121.27158,37.95585251
8945803,2019,9/30/19,3905,9/14/19,39,2680,PAR,6,5,6,3905,0,0,0,,0,,WILSON WY,PARK ST,50,N,N,A,-,N,,,,,,,,,,N,2,0,1,2,A,-,3,22350,,F,G,B,F,A,H,-,C,D,0,Y,,,,Y,Y,-,99,1,0,0,0,1,0,0,0,0,- ,- ,37.96268082,-121.27333,SAN JOAQUIN,STOCKTON,-121.27348,37.96292496
8736610,2018,11/26/18,3905,10/30/18,1830,2924,CIV,2,5,6,3905,0,0,0,,0,,CENTER ST,LINDSAY ST,0,,Y,A,-,N,,,,,,,,,,N,2,0,1,2,D,-,0,,,N,G,B,D,A,H,-,C,A,0,Y,,,,Y,,-,- ,1,0,0,0,1,0,0,0,0,- ,- ,37.95656967,-121.29216,SAN JOAQUIN,STOCKTON,-121.29219,37.95647049
5954530,2012,12/27/13,3905,11/10/12,2115,2578,PAR,6,5,6,3905,0,0,0,,0,,MINER AV,A ST,159,W,N,A,-,N,,,,,,,,,,,2,0,1,2,A,-,11,21954,A,N,G,B,D,A,H,-,C,D,0,Y,,,,Y,,N,60,1,0,0,0,1,0,0,0,0,- ,- ,,,SAN JOAQUIN,STOCKTON,-121.26813,37.95960929
8320384,2017,3/14/17,3905,2/3/17,1815,2536,SEA,5,5,6,3905,0,0,0,,0,,MANTHEY RD,8TH ST,554,S,N,B,C,N,,,,,,,,,,N,2,0,1,2,A,-,11,21956,,N,G,B,E,B,H,-,D,D,0,Y,,,,Y,,N,60,1,0,0,0,1,0,0,0,0,- ,- ,37.92672,-121.29651,SAN JOAQUIN,STOCKTON,-121.29538,37.92539377
8939674,2019,3/13/20,3905,8/13/19,2122,2718,VAL,2,5,6,3905,0,0,0,,0,,WEST LN,BIANCHI RD,37,N,N,A,-,N,,,,,,,,,,Y,1,1,0,2,A,-,11,21456,,N,G,B,D,A,H,-,C,A,0,Y,,,,Y,Y,N,60,0,0,0,1,0,0,0,0,0,- ,- ,37.9976807,-121.28846,SAN JOAQUIN,STOCKTON,-121.28907,37.99774551
9266134,2021,6/3/21,3905,4/10/21,1357,2786,BEA,6,5,6,3905,0,0,0,,0,,KNICKERBOCKER DR,TAM O SHANTER DR,0,,Y,A,-,N,,,,,,,,,,N,2,0,1,2,A,-,10,21950,A,N,G,B,B,A,H,-,A,D,0,Y,,,,Y,,A,7,1,0,0,0,1,0,0,0,0,- ,- ,38.02262878,-121.3008,SAN JOAQUIN,STOCKTON,-121.30052,38.02257919
6292037,2014,1/14/16,3905,5/5/14,2128,2133,LAK,1,5,6,3905,0,0,0,,0,,PACIFIC AV,BENJAMIN HOLT DR,96,N,N,A,-,N,,,,,,,,,,Y,1,1,1,3,A,-,11,21954,A,N,G,B,D,A,H,-,C,A,0,Y,,,,Y,,N,60,0,1,0,1,1,0,0,0,0,- ,- ,,,SAN JOAQUIN,STOCKTON,-121.32079,38.01130196
8648361,2018,5/26/20,3905,8/2/18,2302,2424,SEA,4,5,6,3905,0,0,0,,0,,MARTIN LUTHER KING BL,CALIFORNIA ST,0,,Y,A,-,N,,,,,,,,,,Y,1,1,0,3,A,-,3,22350,,F,G,B,E,A,H,-,C,A,0,Y,,,,Y,Y,A,1,0,0,0,1,0,0,0,0,0,- ,- ,37.93978119,-121.28095,SAN JOAQUIN,STOCKTON,-121.28085,37.93989182
90370131,2016,2/13/17,9265,12/30/16,2200,19888,,5,3,6,3905,0,1,1,,2,503,I-5 N/B,FREMONT AVE,50,S,N,A,-,Y,,,5,,,,,,N,N,2,0,1,2,A,-,11,21954,A,N,G,B,E,A,H,-,C,D,0,Y,,,,Y,Y,N,60,1,0,0,0,1,0,0,0,0,- ,- ,37.95429,-121.31068,SAN JOAQUIN,STOCKTON,-121.31074,37.95416981
9266448,2021,6/9/21,3905,5/4/21,1210,2466,SEA,2,5,6,3905,0,0,0,,0,,EL DORADO ST,8TH ST,0,,Y,A,-,N,,,,,,,,,,N,2,0,1,2,A,-,10,21950,A,N,G,B,B,A,H,-,A,A,0,Y,,,,Y,,D,22,1,0,0,0,1,0,0,0,0,- ,- ,37.9289093,-121.28304,SAN JOAQUIN,STOCKTON,-121.28281,37.92896271
8520530,2017,12/27/17,3905,11/24/17,510,2656,BEA,5,5,6,3905,0,0,0,,0,,WAGNER HEIGHTS RD,SHROPSHIRE DR,200,E,N,A,-,N,,,,,,,,,,N,2,0,1,2,A,-,0,21954,,N,G,B,D,A,H,-,B,D,0,Y,,,,Y,,N,60,1,0,0,0,1,0,0,0,0,- ,- ,38.03465,-121.3432,SAN JOAQUIN,STOCKTON,-121.34242,38.03504439
8119214,2016,9/14/16,3905,7/27/16,2104,2763,LAK,3,5,6,3905,0,0,0,,0,,PERSHING AV,BUCKINGHAM WY,157,S,N,A,-,N,,,,,,,,,,N,2,0,1,2,A,-,11,21955,,N,G,B,D,A,H,-,C,D,0,Y,,,,Y,Y,N,60,1,0,0,0,1,0,0,0,0,- ,- ,38.00029,-121.32558,SAN JOAQUIN,STOCKTON,-121.32594,37.99965697
8769818,2018,1/15/19,3905,11/20/18,1605,2463,PAR,2,5,6,3905,0,0,0,,0,,SONORA ST,WILSON WY,0,,Y,A,-,N,,,,,,,,,,Y,2,0,2,4,A,-,9,21802,A,F,D,C,F,A,H,-,A,A,0,Y,,,,Y,,D,22,1,0,1,0,1,0,0,0,0,- ,- ,37.95177078,-121.27048,SAN JOAQUIN,STOCKTON,-121.2705,37.95188141
5874573,2012,9/14/13,3905,5/18/12,1849,2411,VAL,5,5,6,3905,0,0,0,,0,,WESTMORA AV,DUNWOOD DR,202,W,N,A,-,N,,,,,,,,,,,2,0,1,2,A,-,11,21954,A,N,G,B,D,A,H,-,A,D,0,Y,,,,Y,,N,60,1,0,0,0,1,0,0,0,0,- ,- ,,,SAN JOAQUIN,STOCKTON,-121.28713,38.03439044
7199552,2016,6/17/16,3905,4/1/16,1131,2133,LAK,5,5,6,3905,0,0,0,,0,,TAMWORTH WY,ROBINHOOD DR,46,S,N,A,-,N,,,,,,,,,,Y,1,1,0,2,A,-,11,21954,A,N,G,B,D,A,H,-,A,A,0,Y,,,,Y,,N,60,0,0,0,1,0,0,0,0,0,- ,- ,38.00132,-121.31338,SAN JOAQUIN,STOCKTON,-121.31388,38.00103023
91621490,2021,11/10/21,9265,8/28/21,2210,22155,,6,3,6,3905,0,1,3,,1,42,SR-4 W/B TO STANISLAUS ST,STANISLAUS ST,869,E,N,A,-,Y,,,,,,,,,,N,1,1,0,2,A,-,3,22350,,F,G,B,E,A,H,-,C,D,0,Y,,,,Y,Y,-,99,0,0,0,1,0,0,0,0,0,- ,- ,37.57841873,-121.16423,SAN JOAQUIN,STOCKTON,-121.27841,37.95223999
8618967,2018,5/21/18,3905,4/23/18,2105,2891,LAK,1,5,6,3905,0,0,0,,0,,PACIFIC AV,PORTER AV,192,N,N,A,-,N,,,,,,,,,,N,2,0,1,2,A,-,11,21954,A,N,G,B,D,A,H,-,C,D,0,Y,,,,Y,,N,60,1,0,0,0,1,0,0,0,0,- ,- ,38.0064697,-121.31916,SAN JOAQUIN,STOCKTON,-121.31898,38.00680161
6123997,2013,3/4/14,9265,6/4/13,2139,18047,,2,2,6,3905,0,2,4,,1,53,WILSON WY,ALPINE AV,620,S,N,A,-,N,,,,,,,,,,N,2,0,2,3,A,-,11,21954,A,N,G,B,D,A,H,-,D,D,0,Y,,,,Y,Y,N,60,1,1,0,0,2,0,0,0,0,- ,- ,37.98618,-121.26968,SAN JOAQUIN,STOCKTON,-121.26972,37.9862154
8939608,2019,2/13/20,3905,9/10/19,2203,2988,VAL,2,5,6,3905,0,0,0,,0,,HAMMER LN,LORRAINE AV,0,,Y,A,-,N,,,,,,,,,,Y,1,1,0,2,A,-,11,21955,,F,G,B,D,A,H,-,C,A,0,Y,,,,Y,,N,60,0,0,0,1,0,0,0,0,0,- ,- ,38.02098083,-121.28358,SAN JOAQUIN,STOCKTON,-121.28327,38.02098083
7198120,2016,3/7/16,3905,1/21/16,1916,2277,LAK,4,5,6,3905,0,0,0,,0,,PACIFIC AV,ROBINHOOD DR,208,N,N,A,-,N,,,,,,,,,,N,2,0,1,2,A,-,11,21955,,N,G,B,D,A,H,-,C,D,0,Y,,,,Y,Y,N,60,1,0,0,0,1,0,0,0,0,- ,- ,38.00078,-121.31584,SAN JOAQUIN,STOCKTON,-121.31668,38.0011455
8004902,2016,3/25/16,3905,2/2/16,1738,2035,SEA,2,5,6,3905,0,0,0,,0,,SQUIRE WY,SHIPWHELL DR,150,W,N,A,-,N,,,,,,,,,,N,2,0,1,2,A,-,17,21702,A,N,G,B,E,A,H,-,B,D,0,Y,,,,Y,,A,1,1,0,0,0,1,0,0,0,0,- ,- ,37.90018,-121.32094,SAN JOAQUIN,STOCKTON,-121.32134,37.8998704
8060953,2016,6/11/16,3905,6/6/16,2102,2733,,1,5,6,3905,0,0,0,,0,,PACIFIC AV,SWAIN RD,0,,Y,A,-,N,,,,,,,,,,N,2,0,1,2,A,-,12,21453,A,N,G,B,B,A,H,-,C,A,0,Y,,,,Y,,A,1,1,0,0,0,1,0,0,0,0,- ,- ,38.00479,-121.31848,SAN JOAQUIN,STOCKTON,-121.31807,38.00461998
8288057,2015,1/20/17,3905,6/17/15,1840,2743,SEA,3,5,6,3905,0,0,0,,0,,EL DORADO ST,SONORA ST,28,N,N,A,-,N,,,,,,,,,,N,2,0,1,2,A,-,10,21950,A,F,G,B,B,A,H,-,A,D,0,Y,,,,Y,,A,1,1,0,0,0,1,0,0,0,0,- ,- ,,,SAN JOAQUIN,STOCKTON,-121.28874,37.9488852
8550461,2018,2/10/18,3905,1/5/18,1745,2910,SEA,5,5,6,3905,0,0,0,,0,,CHARTER WY,STOCKTON ST,54,E,N,B,-,N,,,,,,,,,,N,2,0,1,2,A,-,11,21954,A,N,G,B,D,A,H,-,C,A,0,Y,,,,Y,,N,60,1,0,0,0,1,0,0,0,0,- ,- ,37.93624115,-121.30003,SAN JOAQUIN,STOCKTON,-121.29964,37.93624878
8911515,2020,6/18/22,3905,5/2/20,2144,2133,VAL,6,5,6,3905,0,0,0,,0,,WEST LN,KNICKERBOCKER DR,0,,Y,A,-,N,,,,,,,,,,N,1,1,0,2,A,-,0,21954,C,N,G,B,B,A,H,-,C,A,0,Y,,,,Y,Y,N,60,0,0,0,1,0,0,0,0,0,- ,- ,38.02423859,-121.29519,SAN JOAQUIN,STOCKTON,-121.29502,38.02423859
9101089,2020,11/6/20,3905,5/2/20,13,2894,SEA,6,5,6,3905,0,0,0,,0,,LINCOLN ST,ANDERSON ST,50,S,N,A,-,N,,,,,,,,,,N,2,0,1,2,A,-,11,21954,A,N,G,B,D,A,H,-,C,D,0,Y,,,,Y,Y,N,60,1,0,0,0,1,0,0,0,0,- ,- ,37.94152069,-121.29501,SAN JOAQUIN,STOCKTON,-121.29488,37.94133377
9117688,2020,8/27/20,3905,5/21/20,2333,2891,,4,5,6,3905,0,0,0,,0,,ROSE MARIE LN,PRECISSI LN,160,W,N,A,-,N,,,,,,,,,,N,2,0,1,2,A,-,3,22350,,F,G,B,D,A,H,-,C,D,0,Y,,,,Y,,-,99,1,0,0,0,1,0,0,0,0,- ,- ,37.98826981,-121.31435,SAN JOAQUIN,STOCKTON,-121.31528,37.98796082
9206167,2020,2/18/21,3905,12/12/20,1810,3035,PAR,6,5,6,3905,0,0,0,,0,,WILSON WY,LAFAYETTE ST,0,,Y,A,-,N,,,,,,,,,,,2,0,1,2,A,-,11,21955,,M,G,B,D,B,H,-,C,A,0,Y,,,,Y,,N,60,1,0,0,0,1,0,0,0,0,- ,- ,37.9527588,-121.27074,SAN JOAQUIN,STOCKTON,-121.27076,37.95289993
8712000,2018,10/17/18,3905,9/4/18,2232,2788,VAL,2,5,6,3905,0,0,0,,0,,HAMMER LN,TAM O SHANTER DR,126,E,N,A,-,N,,,,,,,,,,N,2,0,1,2,A,-,11,21954,A,N,G,B,D,A,H,-,C,D,0,Y,,,,Y,,N,60,1,0,0,0,1,0,0,0,0,- ,- ,38.02099991,-121.30084,SAN JOAQUIN,STOCKTON,-121.3001,38.02101517
8939675,2019,3/13/20,3905,7/4/19,2055,2855,CIV,4,5,6,3905,0,0,0,,0,,CALIFORNIA ST,MAPLE ST,0,,Y,A,-,N,,,,,,,,,,N,1,1,0,2,A,-,11,21461,5,F,G,B,D,A,H,-,C,D,0,Y,,,,Y,,N,60,0,0,0,1,0,0,0,0,0,- ,- ,37.96931839,-121.28866,SAN JOAQUIN,STOCKTON,-121.28886,37.96931076
8023646,2016,4/25/16,3905,4/6/16,424,2671,VAL,3,5,6,3905,0,0,0,,0,,HAMMER LN,PALISADES DR,222,E,N,A,-,N,,,,,,,,,,N,2,0,1,2,A,-,11,21956,,N,G,B,E,A,H,-,C,D,0,Y,,,,Y,Y,N,60,1,0,0,0,1,0,0,0,0,- ,- ,38.02096,-121.29774,SAN JOAQUIN,STOCKTON,-121.29667,38.02101411
8910928,2020,4/10/20,3905,1/29/20,1915,2718,VAL,3,5,6,3905,0,0,0,,0,,WEST LN,KNICKERBOCKER DR,367,N,N,A,-,N,,,,,,,,,,Y,1,1,1,2,A,-,11,21955,,N,G,B,D,A,H,-,C,D,0,Y,,,,Y,Y,N,60,0,1,0,1,0,0,0,0,0,- ,- ,38.02423859,-121.29519,SAN JOAQUIN,STOCKTON,-121.29504,38.02524948
5618535,2012,6/21/13,3905,10/25/12,654,1084,CIV,4,5,6,3905,0,0,0,,0,,ALPINE AV,SUTTER ST,0,,Y,A,-,N,,,,,,,,,,Y,2,0,1,2,A,-,10,21950,A,N,G,B,B,A,H,-,C,D,0,Y,,,,Y,,A,1,1,0,0,0,1,0,0,0,0,- ,- ,,,SAN JOAQUIN,STOCKTON,-121.29541,37.98103504
8404805,2018,6/21/18,3905,1/4/18,1950,1532,PAR,4,5,6,3905,0,0,0,,0,,AIRPORT WY,2ND ST,294,S,N,B,-,N,,,,,,,,,,N,1,1,0,3,A,-,11,21954,A,F,G,B,D,-,H,-,C,A,0,Y,,,,Y,,N,60,0,0,0,1,0,0,0,0,0,- ,- ,,,SAN JOAQUIN,STOCKTON,-121.26968,37.93863678
7199524,2015,4/29/16,3905,10/8/15,1901,2021,LAK,4,5,6,3905,0,0,0,,0,,PACIFIC AV,EDAN AV,447,N,N,A,-,N,,,,,,,,,,Y,1,1,0,2,A,-,11,21955,,N,G,B,D,A,H,-,B,D,0,Y,,,,Y,,N,60,0,0,0,1,0,0,0,0,0,- ,- ,38.01658,-121.32304,SAN JOAQUIN,STOCKTON,-121.32318,38.01750542
7199959,2017,4/8/19,3905,1/10/17,603,2416,CIV,2,5,6,3905,0,0,0,,0,,CALIFORNIA ST,WALNUT ST,0,,Y,C,-,N,,,,,,,,,,N,1,1,0,2,A,-,11,21456,B,N,G,B,B,B,H,-,C,A,0,Y,,,,Y,,-,- ,0,0,0,1,0,0,0,0,0,- ,- ,37.97004,-121.28885,SAN JOAQUIN,STOCKTON,-121.28905,37.97004996